match_id,start_time,duration,radiant_win,radiant_team_id,dire_team_id,leagueid,patch,radiant_roster,dire_roster
8922339160,1785500868,1894,True,10208008.0,10208009.0,19917,60,140411011;181716137;156328257;155447692;118559150,140251702;145065875;320017600;123787715;92487440
8922335342,1785501337,2298,True,9928636.0,9948367.0,20026,60,1074436691;40805086;148612029;276449590;1048617659,164047347;450454900;166806255;188351504;480210721
8922327423,1785500547,2465,True,8255888.0,9338413.0,20009,60,172099728;480412663;165564598;317880638;196878136,127617979;190826739;58513047;181267255;140288368
8922300474,1785499209,2485,True,10208003.0,10208002.0,19917,60,392565237;392169957;147767183;152859296;343084576,125445069;383788462;175311897;122817493;123023873
8922242203,1785497074,2651,False,10001885.0,9256405.0,20026,60,968545762;439345730;417604379;146383297;1675898897,93526520;196482746;1092267175;206097366;340421206
8922223454,1785495882,2938,True,8255888.0,9338413.0,20009,60,172099728;480412663;165564598;317880638;196878136,127617979;190826739;58513047;181267255;140288368
8922211678,1785494780,2532,True,10207983.0,10207984.0,19917,60,363758022;154715080;100471531;157989498;1031547092,170896543;315272623;145957968;150961567;249835593
8922186876,1785493495,2224,True,726228.0,10108655.0,19917,60,320252024;137129583;118134220;157475523;111114687,399920568;164685175;352623024;392385140;117089283
8922177380,1785492924,2419,True,10001885.0,9256405.0,20026,60,968545762;417604379;439345730;146383297;1675898897,93526520;196482746;1092267175;206097366;340421206
8922137329,1785490572,1488,True,726228.0,10108655.0,19917,60,320252024;137129583;118134220;157475523;111114687,164685175;117089283;352623024;392385140;399920568
8922133239,1785490381,2317,False,10207984.0,10207983.0,19917,60,170896543;315272623;145957968;150961567;249835593,363758022;154715080;100471531;157989498;1031547092
8922102128,1785489238,2121,False,10001885.0,9256405.0,20026,60,968545762;439345730;417604379;146383297;1675898897,93526520;196482746;1092267175;206097366;340421206
8922074642,1785486760,2192,True,10108655.0,726228.0,19917,60,399920568;164685175;352623024;117089283;392385140,320252024;137129583;118134220;157475523;111114687
8922016200,1785482749,2029,False,10207962.0,10207961.0,19917,60,87063175;131303632;116585378;9403474;155162307,96183976;294135421;1202267677;326327879;203351055
8921979012,1785479938,2657,True,2576071.0,8254145.0,19917,60,1682179459;860145568;892486081;217472313;164506534,100616105;173378701;337575662;399862798;330534326
8921949036,1785478049,2754,False,10207962.0,10207961.0,19917,60,87063175;131303632;116585378;9403474;155162307,96183976;294135421;1202267677;326327879;203351055
8921931974,1785476004,2548,False,10207960.0,10207957.0,19917,60,100616105;173378701;337575662;399862798;330534326,164506534;217472313;892486081;860145568;1682179459
8921774620,1785461240,3169,False,10207449.0,10207448.0,20030,60,126238768;175709801;79134733;150914755;55197649,396651757;241961344;99036634;81581812;83625397
8921733121,1785457477,2464,False,10207449.0,10207448.0,20030,60,126238768;55197649;175709801;150914755;79134733,396651757;241961344;99036634;81581812;83625397
8921707941,1785454114,2225,False,10207446.0,10207444.0,20030,60,106473979;141311376;190248321;86811043;134845952,86692726;421257589;175791687;315304140;207078168
8921646271,1785449402,2945,False,10207446.0,10207444.0,20030,60,106473979;190248321;141311376;86811043;134845952,86692726;315304140;421257589;207078168;175791687
8921496603,1785441508,2585,False,2163.0,9338413.0,20009,60,16497807;97590558;201358612;77490514;152962063,127617979;190826739;58513047;181267255;140288368
8921416387,1785438090,1598,True,2163.0,9338413.0,20009,60,16497807;97590558;201358612;77490514;152962063,127617979;190826739;58513047;181267255;140288368
8921343589,1785434857,680,True,9247354.0,726228.0,20009,60,10366616;100058342;898455820;183719386;25907144,320252024;137129583;118134220;157475523;111114687
8921281044,1785431876,1295,False,10108655.0,55.0,19944,60,164685175;399920568;352623024;392385140;117089283,307173570;858106446;185059559;363739653;295697470
8921245123,1785430822,2316,True,9247354.0,726228.0,20009,60,10366616;100058342;898455820;183719386;25907144,320252024;137129583;118134220;157475523;111114687
8921184022,1785427942,2898,False,10201538.0,10164236.0,20026,60,140297552;1171243748;177953305;155370747;219755398,167976729;323562138;1001714951;111030315;343909498
8921162227,1785428209,1783,True,55.0,10108655.0,19944,60,307173570;858106446;185059559;363739653;295697470,164685175;399920568;352623024;392385140;117089283
8921134590,1785426177,2467,True,726228.0,10136357.0,20009,60,320252024;137129583;118134220;157475523;111114687,111620041;152168157;138880576;101356886;210053851
8921068190,1785424307,2106,False,10201538.0,10164236.0,20026,60,1171243748;155370747;140297552;177953305;219755398,167976729;323562138;1001714951;111030315;343909498
8921021224,1785422334,2339,False,10136357.0,726228.0,20009,60,111620041;152168157;138880576;101356886;210053851,320252024;137129583;118134220;157475523;111114687
8921002620,1785421964,3165,False,9600141.0,9256405.0,19944,60,1657135701;72393079;374875067;333351042;349310876,93526520;196482746;1092267175;206097366;340421206
8920897425,1785417628,2283,True,9600141.0,9256405.0,19944,60,1657135701;72393079;374875067;333351042;349310876,93526520;196482746;1092267175;206097366;340421206
8920872222,1785416889,3101,True,10150538.0,9338413.0,20009,60,177203952;1026694469;292921272;105045291;81306398,127617979;190826739;58513047;181267255;140288368
8920787889,1785413289,2636,False,9600141.0,9256405.0,19944,60,1657135701;72393079;374875067;333351042;349310876,93526520;196482746;1092267175;206097366;340421206
8920770467,1785412902,2008,True,9338413.0,10150538.0,20009,60,127617979;190826739;58513047;181267255;140288368,177203952;1026694469;292921272;105045291;81306398
8920668670,1785407804,3058,False,10136357.0,10182357.0,20009,60,111620041;152168157;138880576;101356886;210053851,86698277;346412363;136829091;93618577;331855530
8920655724,1785406672,2424,True,9600141.0,10164236.0,19944,60,1657135701;72393079;374875067;333351042;349310876,323562138;167976729;1001714951;1675320614;343909498
8920651252,1785406408,2749,True,9928636.0,10207771.0,20026,60,1074436691;40805086;148612029;276449590;1048617659,289171422;1010173059;298683250;316631735;893135754
8920586322,1785402514,2293,True,9600141.0,10164236.0,19944,60,1657135701;72393079;374875067;333351042;349310876,343909498;323562138;167976729;1001714951;1675320614
8920584549,1785402206,3465,False,10136357.0,10182357.0,20009,60,111620041;152168157;138880576;101356886;210053851,86698277;346412363;136829091;93618577;331855530
8920583963,1785402528,2031,True,9928636.0,10207771.0,20026,60,1074436691;40805086;148612029;276449590;1048617659,289171422;298683250;1010173059;316631735;893135754
8920294127,1785376970,1820,False,10207445.0,10207449.0,20030,60,160527310;361688848;164544758;215586515;235880461,126238768;150914755;175709801;79134733;55197649
8920276254,1785375082,3108,False,10151099.0,10207444.0,20030,60,92706637;397500264;52023367;168519391;138814035,86692726;175791687;207078168;91703580;421257589
8920265077,1785373951,1779,False,10207445.0,10207449.0,20030,60,160527310;235880461;215586515;164544758;361688848,126238768;55197649;175709801;150914755;79134733
8920253110,1785372803,2128,False,10207448.0,10151106.0,20030,60,396651757;241961344;99036634;83625397;81581812,449741428;189892277;340807092;94364925;75532826
8920236199,1785371260,2458,True,10207447.0,10207446.0,20030,60,319495561;323266527;93159453;108624725;281444314,141311376;106473979;190248321;86811043;134845952
8920233594,1785370824,2209,False,10151099.0,10207444.0,20030,60,397500264;92706637;52023367;168519391;138814035,86692726;421257589;175791687;91703580;207078168
8920227769,1785370309,2578,False,10207449.0,10207445.0,20030,60,126238768;150914755;55197649;175709801;79134733,215586515;160527310;235880461;164544758;361688848
8920209768,1785368501,2573,True,10151106.0,10207448.0,20030,60,340807092;189892277;449741428;94364925;75532826,396651757;241961344;99036634;81581812;83625397
8920197957,1785367443,2036,True,10207447.0,10207446.0,20030,60,319495561;323266527;93159453;108624725;281444314,141311376;106473979;190248321;86811043;134845952
8920146400,1785363481,3355,True,10207448.0,10151106.0,20030,60,396651757;241961344;99036634;83625397;81581812,94364925;449741428;189892277;75532826;340807092
8920135301,1785362932,3126,False,10207447.0,10207446.0,20030,60,319495561;323266527;93159453;108624725;281444314,106473979;141311376;190248321;86811043;134845952
8919803916,1785347278,2867,True,5014799.0,10108655.0,19944,60,1220993352;127530803;158072796;114162163;285282252,399920568;352623024;164685175;392385140;117089283
8919685210,1785342111,3036,False,5014799.0,10108655.0,19944,60,1220993352;127530803;158072796;166806255;114162163,352623024;164685175;392385140;117089283;399920568
8919546613,1785337240,3474,True,5014799.0,10108655.0,19944,60,1220993352;127530803;166806255;158072796;114162163,164685175;399920568;392385140;117089283;352623024
8919404744,1785332059,3091,True,9600141.0,10163973.0,19944,60,1657135701;72393079;374875067;333351042;349310876,1153798101;234119750;1675517497;435139370;156485213
8919264561,1785326793,2932,False,10163973.0,9600141.0,19944,60,1153798101;234119750;1675517497;435139370;156485213,1657135701;72393079;374875067;333351042;349310876
8918785800,1785291198,2604,False,10207448.0,10207447.0,20030,60,81581812;241961344;99036634;396651757;83625397,319495561;323266527;93159453;108624725;281444314
8918779289,1785290551,2373,False,10207445.0,10151106.0,20030,60,361688848;235880461;164544758;160527310;215586515,75532826;189892277;340807092;94364925;277196834
8918755623,1785288288,1805,True,10207449.0,10207444.0,20030,60,126238768;150914755;55197649;175709801;79134733,207078168;175791687;91703580;421257589;86692726
8918752598,1785287945,2825,True,10151099.0,10207446.0,20030,60,92706637;168519391;52023367;138814035;397500264,106473979;141311376;190248321;86811043;134845952
8918719177,1785284353,4705,True,10207448.0,10207445.0,20030,60,396651757;241961344;99036634;81581812;83625397,361688848;235880461;160527310;164544758;215586515
8918712934,1785283841,2401,False,10207446.0,10151106.0,20030,60,141311376;106473979;190248321;86811043;134845952,340807092;189892277;277196834;94364925;75532826
8918698853,1785282704,3526,True,10207447.0,10207449.0,20030,60,319495561;323266527;93159453;108624725;281444314,126238768;79134733;55197649;150914755;175709801
8918646759,1785278147,3130,False,10207444.0,10151106.0,20030,60,86692726;175791687;82546205;91703580;207078168,75532826;189892277;340807092;94364925;277196834
8918643442,1785277905,4610,True,10207448.0,10207446.0,20030,60,396651757;241961344;99036634;83625397;81581812,106473979;141311376;190248321;86811043;134845952
8918643351,1785277860,1685,True,10207447.0,10207445.0,20030,60,323266527;319495561;93159453;108624725;281444314,215586515;160527310;235880461;198514853;69256187
8918638679,1785277746,3475,True,10207449.0,10151099.0,20030,60,126238768;79134733;55197649;175709801;150914755,92706637;168519391;106670947;52023367;192120253
8918176547,1785255819,1696,False,10207521.0,10164236.0,19944,60,217088850;165110440;223342537;156029808;209103998,167976729;323562138;1001714951;343909498;1675320614
8918052500,1785251396,1982,False,10207521.0,10164236.0,19944,60,217088850;165110440;156029808;209103998;223342537,323562138;167976729;1001714951;1675320614;343909498
8917853656,1785244242,3810,True,10001885.0,10164236.0,19944,60,968545762;439345730;417604379;146383297;1675898897,167976729;323562138;1001714951;1675320614;343909498
8917738415,1785240138,2304,True,10001885.0,10164236.0,19944,60,417604379;968545762;439345730;1675898897;146383297,323562138;1001714951;167976729;1675320614;343909498
8917675823,1785236684,1520,True,55.0,5014799.0,19944,60,307173570;858106446;185059559;363739653;295697470,1220993352;127530803;158072796;114162163;285282252
8917611319,1785232942,1923,True,5014799.0,55.0,19944,60,1220993352;127530803;158072796;114162163;285282252,307173570;858106446;185059559;363739653;295697470
8917547035,1785229382,2021,True,55.0,5014799.0,19944,60,307173570;858106446;185059559;363739653;295697470,1220993352;127530803;158072796;114162163;285282252
8917262980,1785204508,2857,False,10207448.0,10207444.0,20030,60,396651757;241961344;99036634;81581812;83625397,421257589;86692726;175791687;91703580;207078168
8917257712,1785203952,2904,True,10207446.0,10207445.0,20030,60,113055105;106473979;190248321;141311376;134845952,160527310;69256187;235880461;164544758;215586515
8917254806,1785203602,2364,True,10207447.0,10151099.0,20030,60,323266527;319495561;93159453;108624725;281444314,168519391;52023367;92706637;397500264;138814035
8917254024,1785203541,2705,True,10151106.0,10207449.0,20030,60,75532826;37161239;340807092;94364925;277196834,79134733;236858633;175709801;55197649;150914755
8917212987,1785199375,3253,True,10207444.0,10207445.0,20030,60,86692726;421257589;175791687;91703580;207078168,235880461;160527310;215586515;164544758;69256187
8917212743,1785199397,1452,False,10151099.0,10151106.0,20030,60,168519391;92706637;397500264;52023367;138814035,277196834;37161239;340807092;94364925;75532826
8917210977,1785199258,2659,False,10207449.0,10207448.0,20030,60,79134733;55197649;175709801;150914755;25502245,396651757;241961344;99036634;81581812;83625397
8917209479,1785199159,2987,False,10207447.0,10207446.0,20030,60,319495561;323266527;93159453;108624725;281444314,113055105;106473979;190248321;141311376;134845952
8917168222,1785195064,1979,True,10207448.0,10151099.0,20030,60,396651757;241961344;99036634;81581812;83625397,92706637;138814035;168519391;52023367;397500264
8917165599,1785194786,2775,True,10207446.0,10207444.0,20030,60,115141430;106473979;190248321;141311376;134845952,421257589;175791687;91703580;207078168;86692726
8917164767,1785194747,2604,True,10207449.0,10207445.0,20030,60,25502245;79134733;55197649;150914755;175709801,215586515;160527310;164544758;235880461;69256187
8917163910,1785194629,3021,False,10151106.0,10207447.0,20030,60,340807092;189892277;277196834;94364925;75532826,319495561;323266527;93159453;108624725;281444314
8917118820,1785190999,2828,False,10207444.0,10207447.0,20030,60,207078168;91703580;175791687;421257589;86692726,319495561;323266527;93159453;108624725;281444314
8917108610,1785190417,2539,False,10207449.0,10207446.0,20030,60,25502245;79134733;175709801;55197649;150914755,115141430;106473979;190248321;141311376;134845952
8917108425,1785190336,2618,True,10207448.0,10151106.0,20030,60,396651757;241961344;99036634;83625397;81581812,340807092;189892277;75532826;94364925;277196834
8917108152,1785190301,2936,True,10207445.0,10151099.0,20030,60,160527310;69256187;433222919;235880461;215586515,92706637;138814035;52023367;168519391;397500264
8916474664,1785162769,2535,False,5014799.0,10182865.0,19944,60,1220993352;127530803;114162163;116249155;285282252,202256116;163061132;860264647;123717676;917164766
8916384577,1785159244,1934,False,5014799.0,10182865.0,19944,60,1220993352;127530803;116249155;285282252;114162163,163061132;202256116;123717676;917164766;860264647
8916245727,1785154183,3147,False,10182865.0,5014799.0,19944,60,163061132;202256116;917164766;860264647;123717676,1220993352;127530803;116249155;114162163;285282252
8916102349,1785146369,3036,False,10164236.0,9256405.0,19944,60,167976729;371495800;1001714951;1675320614;343909498,93526520;196482746;1092267175;206097366;340421206
8916041863,1785143256,1376,True,9256405.0,10164236.0,19944,60,93526520;196482746;1092267175;206097366;340421206,167976729;371495800;1001714951;1675320614;343909498
8915498965,1785098479,2538,False,10201538.0,10182865.0,19944,60,1171243748;177953305;140297552;219755398;155370747,163061132;202256116;860264647;123717676;917164766
8915390117,1785093712,2040,False,10182865.0,10201538.0,19944,60,202256116;917164766;860264647;163061132;123717676,1171243748;177953305;140297552;219755398;155370747
8915271266,1785089543,2175,True,10182865.0,10201538.0,19944,60,202256116;163061132;860264647;917164766;123717676,1171243748;140297552;155370747;177953305;219755398
8915137972,1785083598,2646,False,10201970.0,10163973.0,19944,60,872008996;165110440;405351356;223342537;209103998,1153798101;234119750;1675517497;156485213;435139370
8915002841,1785078987,2681,True,10163973.0,10201970.0,19944,60,234119750;1153798101;1675517497;435139370;156485213,872008996;165110440;209103998;223342537;405351356
8914885598,1785075025,1672,True,10163973.0,10164236.0,19944,60,234119750;1153798101;1675517497;156485213;435139370,343909498;1675320614;1001714951;167976729;223382342
8914749408,1785071129,2215,True,10163973.0,10164236.0,19944,60,156485213;234119750;1153798101;1675517497;435139370,167976729;1675320614;1001714951;343909498;223382342
8914637220,1785066611,2825,True,10047709.0,5014799.0,19944,60,241519559;1172719712;193884241;170809075;187123736,1220993352;127530803;158072796;114162163;285282252
8914520562,1785061646,3020,True,5014799.0,10047709.0,19944,60,1220993352;127530803;158072796;285282252;114162163,241519559;1172719712;193884241;187123736;170809075
8914414410,1785057189,2923,True,10047709.0,5014799.0,19944,60,241519559;193884241;170809075;1172719712;187123736,1220993352;127530803;158072796;114162163;285282252
8913824141,1785017205,2209,True,9928636.0,10201970.0,19944,60,1074436691;1302599438;148612029;276449590;1048617659,872008996;165110440;405351356;223342537;169516760
8913726962,1785012122,2996,False,10201970.0,9928636.0,19944,60,872008996;165110440;405351356;223342537;169516760,1074436691;1302599438;148612029;276449590;1048617659
8913598312,1785006794,3592,False,9928636.0,10201970.0,19944,60,1074436691;1302599438;148612029;276449590;1048617659,872008996;165110440;337926153;405351356;169516760
8913422514,1784999390,2364,False,10201970.0,10164236.0,19944,60,872008996;165110440;169516760;223342537;405351356,167976729;223382342;1001714951;1675320614;343909498
8913307206,1784995943,1686,False,10201970.0,10164236.0,19944,60,872008996;165110440;169516760;223342537;405351356,1001714951;167976729;343909498;1675320614;223382342
8912974141,1784983743,2117,True,10201538.0,10164236.0,19944,60,1171243748;177953305;155370747;219755398;140297552,167976729;1675320614;1001714951;223382342;343909498
8912831712,1784977706,4143,True,10201538.0,10164236.0,19944,60,1171243748;177953305;155370747;219755398;140297552,167976729;223382342;1001714951;1675320614;343909498
8912758286,1784974192,1772,False,10201538.0,10164236.0,19944,60,1171243748;152168157;140297552;219755398;155370747,223382342;167976729;1001714951;1675320614;343909498
8912622476,1784967171,2979,True,10047709.0,10182412.0,19944,60,111030315;193884241;187123736;170809075;241519559,394234915;106755427;312082610;326327879;465972635
8912551235,1784963175,2403,True,10047709.0,10182412.0,19944,60,111030315;193884241;187123736;170809075;241519559,394234915;106755427;312082610;326327879;465972635
8912123729,1784930434,1861,False,5014799.0,9256405.0,19944,60,1220993352;127530803;285282252;114162163;158072796,93526520;196482746;1092267175;206097366;340421206
8912045230,1784926280,2376,False,5014799.0,9256405.0,19944,60,1220993352;127530803;158072796;114162163;285282252,93526520;196482746;1092267175;206097366;340421206
8911916389,1784920586,3271,False,9600141.0,10047709.0,19944,60,1657135701;72393079;374875067;333351042;349310876,111030315;193884241;187123736;170809075;241519559
8911784562,1784915130,3407,True,10047709.0,9600141.0,19944,60,111030315;193884241;187123736;170809075;241519559,1657135701;72393079;374875067;333351042;349310876
8911654591,1784910553,2748,False,9948367.0,10201970.0,19944,60,164047347;450454900;480210721;188351504;140835095,872008996;165110440;405351356;169516760;223342537
8911543304,1784906115,2878,False,9948367.0,10201970.0,19944,60,164047347;450454900;480210721;188351504;140835095,872008996;165110440;169516760;223342537;405351356
8911423993,1784902554,2055,False,10201970.0,9948367.0,19944,60,872008996;165110440;405351356;223342537;169516760,164047347;450454900;480210721;188351504;140835095
8911277378,1784896933,2354,False,10182865.0,10201970.0,19944,60,163061132;202256116;917164766;123717676;860264647,872008996;165110440;405351356;169516760;223342537
8911177078,1784892885,2244,False,10182865.0,10201970.0,19944,60,202256116;163061132;860264647;917164766;123717676,872008996;165110440;169516760;223342537;405351356
8911066658,1784887169,3774,False,9360651.0,10182412.0,19944,60,92949094;323562138;179684293;84385735;171097887,106755427;394234915;312082610;326327879;465972635
8910982575,1784881706,3813,False,9360651.0,10182412.0,19944,60,171097887;323562138;179684293;84385735;92949094,394234915;106755427;312082610;326327879;465972635
8910909413,1784876819,3139,True,9360651.0,10182412.0,19944,60,92949094;323562138;179684293;84385735;171097887,394234915;106755427;312082610;326327879;465972635
8910670427,1784855731,2199,False,5014799.0,10047709.0,19944,60,1220993352;127530803;158072796;114162163;285282252,111030315;193884241;187123736;170809075;241519559
8910632054,1784852131,2014,True,5014799.0,10047709.0,19944,60,1220993352;127530803;158072796;114162163;285282252,111030315;193884241;187123736;170809075;241519559
8910589445,1784848824,1946,True,10047709.0,5014799.0,19944,60,111030315;104334048;187123736;170809075;241519559,1220993352;127530803;158072796;114162163;285282252
8910535715,1784845503,1987,True,9256405.0,10182412.0,19944,60,93526520;196482746;1092267175;206097366;340421206,394234915;106755427;312082610;326327879;465972635
8910461593,1784840728,2993,False,9256405.0,10182412.0,19944,60,93526520;196482746;1092267175;206097366;340421206,106755427;394234915;312082610;326327879;465972635
8910344715,1784835138,3501,True,9256405.0,10182412.0,19944,60,93526520;196482746;1092267175;206097366;340421206,394234915;106755427;312082610;326327879;465972635
8910216725,1784829296,1892,False,10201970.0,10201538.0,19944,60,872008996;107265057;165110440;223342537;405351356,1171243748;155370747;140297552;219755398;177953305
8910104556,1784824414,2797,False,10201970.0,10201538.0,19944,60,107265057;165110440;405351356;872008996;223342537,1171243748;155370747;140297552;219755398;177953305
8909904190,1784818304,3854,False,10201538.0,10201970.0,19944,60,1171243748;140297552;155370747;177953305;219755398,107265057;872008996;165110440;405351356;223342537
8909780227,1784812570,2661,True,9948367.0,10164236.0,19944,60,164047347;450454900;480210721;188351504;140835095,957204049;1001714951;1675320614;343909498;223382342
8909658828,1784807209,3755,False,9948367.0,10164236.0,19944,60,164047347;450454900;480210721;188351504;140835095,957204049;343909498;1001714951;1675320614;223382342
8909554256,1784801929,3251,False,10164236.0,9948367.0,19944,60,957204049;1675320614;1001714951;343909498;223382342,164047347;450454900;480210721;188351504;140835095
8909498494,1784798223,1476,False,9360651.0,9600141.0,19944,60,171097887;323562138;179684293;185996267;92949094,1657135701;72393079;185059559;333351042;374875067
8909443684,1784794224,2364,True,9360651.0,9600141.0,19944,60,171097887;92949094;323562138;185996267;179684293,1657135701;72393079;374875067;333351042;185059559
8909388284,1784790124,2213,True,9600141.0,9360651.0,19944,60,1657135701;374875067;185059559;72393079;333351042,171097887;323562138;92949094;179684293;185996267
8909115244,1784763243,2986,False,10201538.0,10182865.0,19944,60,1171243748;177953305;155370747;140297552;219755398,163061132;123717676;917164766;202256116;860264647
8909070432,1784759109,2368,False,10182865.0,10201538.0,19944,60,202256116;917164766;860264647;123717676;163061132,1171243748;177953305;155370747;219755398;140297552
8909014182,1784755449,2062,True,10182865.0,10201538.0,19944,60,163061132;123717676;917164766;860264647;202256116,1171243748;177953305;155370747;140297552;219755398
8908926344,1784750820,2579,True,9256405.0,9600141.0,19944,60,93526520;196482746;1092267175;847851833;340421206,1657135701;72393079;374875067;333351042;349310876
8908830472,1784746136,2609,False,9256405.0,9600141.0,19944,60,93526520;196482746;1092267175;847851833;340421206,1657135701;72393079;374875067;333351042;349310876
8908710300,1784741143,3062,False,9600141.0,9256405.0,19944,60,1657135701;72393079;374875067;333351042;349310876,93526520;196482746;1092267175;847851833;340421206
8908612824,1784736771,2472,False,9948367.0,10182865.0,19944,60,164047347;450454900;480210721;188351504;140835095,163061132;202256116;917164766;123717676;860264647
8908486051,1784731747,3296,True,9948367.0,10182865.0,19944,60,164047347;450454900;480210721;188351504;140835095,163061132;860264647;917164766;123717676;202256116
8908313996,1784725925,3955,True,10182865.0,9948367.0,19944,60,163061132;202256116;917164766;860264647;123717676,164047347;450454900;480210721;188351504;140835095
8908178087,1784719330,2289,True,5014799.0,10182412.0,19944,60,1220993352;127530803;158072796;114162163;285282252,106755427;165110440;312082610;326327879;465972635
8908078817,1784714446,3184,True,5014799.0,10182412.0,19944,60,1220993352;127530803;158072796;114162163;285282252,106755427;165110440;312082610;326327879;465972635
8907997366,1784708127,1496,True,10047709.0,9360651.0,19944,60,111030315;193884241;170809075;241519559;187123736,171097887;323562138;332342615;185996267;92949094
8907942033,1784703847,2441,False,9360651.0,10047709.0,19944,60,171097887;323562138;185996267;92949094;332342615,111030315;193884241;187123736;170809075;241519559
8907510684,1784665827,1598,False,10182412.0,9600141.0,19944,60,106755427;165110440;312082610;326327879;465972635,1657135701;72393079;374875067;333351042;349310876
8907419340,1784661620,2225,True,9600141.0,10182412.0,19944,60,1657135701;72393079;374875067;333351042;349310876,106755427;165110440;312082610;326327879;465972635
8907319204,1784656989,2339,False,9928636.0,10201538.0,19944,60,1074436691;96803083;148612029;276449590;1048617659,1171243748;177953305;140297552;219755398;155370747
8907236730,1784653630,1657,True,10201538.0,9928636.0,19944,60,1171243748;177953305;155370747;219755398;140297552,1074436691;96803083;148612029;276449590;1048617659
8907114935,1784648499,3192,True,9948367.0,9928636.0,19944,60,164047347;450454900;140835095;188351504;480210721,96803083;1074436691;148612029;276449590;1048617659
8907021823,1784644951,1893,True,9948367.0,9928636.0,19944,60,164047347;450454900;140835095;188351504;480210721,1074436691;96803083;148612029;276449590;1048617659
8906911697,1784641569,1666,False,9948367.0,9928636.0,19944,60,164047347;450454900;140835095;188351504;480210721,1074436691;96803083;148612029;276449590;1048617659
8906814740,1784637446,2469,False,10164236.0,10182865.0,19944,60,957204049;343909498;1001714951;1675320614;223382342,163061132;202256116;917164766;123717676;860264647
8906706819,1784632471,3129,False,10164236.0,10182865.0,19944,60,957204049;1001714951;343909498;1675320614;223382342,202256116;163061132;860264647;917164766;123717676
8906626852,1784628177,2306,False,10182865.0,10164236.0,19944,60,202256116;123717676;917164766;860264647;163061132,957204049;1001714951;343909498;1675320614;223382342
8906547471,1784622568,2403,False,9360651.0,5014799.0,19944,60,171097887;323562138;332342615;185996267;92949094,1220993352;127530803;158072796;114162163;285282252
8906479441,1784617712,2837,True,5014799.0,9360651.0,19944,60,1220993352;127530803;158072796;114162163;285282252,171097887;323562138;92949094;185996267;332342615
8906069414,1784580412,1702,False,10047709.0,9256405.0,19944,60,111030315;170809075;187123736;241519559;169516760,93526520;196482746;1092267175;206097366;340421206
8905975768,1784575870,2553,True,9256405.0,10047709.0,19944,60,93526520;196482746;1092267175;206097366;340421206,111030315;241519559;187123736;170809075;169516760
8905885788,1784571754,2199,True,10201538.0,9948367.0,19944,60,1171243748;177953305;140297552;219755398;155370747,164047347;450454900;480210721;188351504;140835095
8905741721,1784565449,4164,False,9948367.0,10201538.0,19944,60,164047347;450454900;480210721;188351504;140835095,1171243748;155370747;177953305;219755398;140297552
8905612460,1784560287,3203,False,5014799.0,9600141.0,19944,60,1220993352;127530803;158072796;114162163;285282252,1657135701;72393079;374875067;333351042;349310876
8905490238,1784556023,2764,True,9600141.0,5014799.0,19944,60,1657135701;72393079;374875067;333351042;349310876,1220993352;127530803;158072796;114162163;285282252
8905359313,1784550916,2757,False,9928636.0,10164236.0,19944,60,1074436691;1302599438;148612029;276449590;1048617659,957204049;223382342;1001714951;1675320614;343909498
8905233934,1784545307,3530,True,10164236.0,9928636.0,19944,60,957204049;343909498;1675320614;1001714951;223382342,1074436691;1302599438;148612029;276449590;1048617659
8905164476,1784540834,1796,True,10182865.0,9928636.0,19944,60,202256116;860264647;917164766;123717676;163061132,1074436691;1302599438;148612029;276449590;1048617659
8905093611,1784535781,3264,True,10182865.0,9928636.0,19944,60,202256116;163061132;917164766;123717676;860264647,1074436691;1302599438;148612029;276449590;1048617659
8905035315,1784531358,2732,False,10182865.0,9928636.0,19944,60,163061132;917164766;860264647;123717676;202256116,1074436691;1302599438;148612029;276449590;1048617659
8904419709,1784483341,2207,True,9824702.0,8255888.0,19785,60,1044002267;195108598;106573901;164199202;73401082,172099728;480412663;165564598;317880638;196878136
8904322271,1784478900,2474,False,8255888.0,9824702.0,19785,60,172099728;480412663;165564598;317880638;196878136,1044002267;195108598;106573901;164199202;73401082
8904157676,1784473262,3720,True,9824702.0,8255888.0,19785,60,1044002267;195108598;106573901;164199202;73401082,172099728;480412663;165564598;317880638;196878136
8904012666,1784468532,2879,True,8255888.0,9824702.0,19785,60,172099728;480412663;165564598;317880638;196878136,1044002267;195108598;106573901;164199202;73401082
8903789784,1784459701,1120,False,726228.0,9823272.0,19785,60,320252024;137129583;118134220;157475523;111114687,171262902;312436974;56351509;93817671;103735745
8903705555,1784455780,2123,False,726228.0,9823272.0,19785,60,320252024;137129583;118134220;157475523;111114687,171262902;312436974;56351509;93817671;103735745
8902610619,1784392320,2266,True,9824702.0,9823272.0,19785,60,1044002267;195108598;106573901;164199202;73401082,171262902;312436974;56351509;93817671;103735745
8902431810,1784386380,3947,False,9824702.0,9823272.0,19785,60,1044002267;195108598;106573901;164199202;73401082,171262902;312436974;56351509;93817671;103735745
8902338515,1784382596,1869,True,9824702.0,9823272.0,19785,60,1044002267;195108598;106573901;164199202;73401082,171262902;312436974;56351509;93817671;103735745
8902173969,1784376482,2684,True,8255888.0,726228.0,19785,60,172099728;480412663;165564598;317880638;196878136,320252024;137129583;118134220;157475523;111114687
8902107148,1784372800,1825,False,726228.0,8255888.0,19785,60,320252024;137129583;118134220;157475523;111114687,172099728;480412663;165564598;317880638;196878136
8900882416,1784301541,2945,True,8255888.0,10136357.0,19785,60,172099728;480412663;165564598;317880638;196878136,111620041;152168157;138880576;101356886;210053851
8900771154,1784297631,2117,False,10136357.0,8255888.0,19785,60,111620041;152168157;138880576;101356886;210053851,172099728;480412663;165564598;317880638;196878136
8900623530,1784291941,1947,True,726228.0,9247354.0,19785,60,320252024;137129583;118134220;157475523;111114687,10366616;100058342;898455820;183719386;25907144
8900508749,1784286301,3432,False,9247354.0,726228.0,19785,60,10366616;100058342;898455820;183719386;25907144,320252024;137129583;118134220;157475523;111114687
8899420575,1784215740,1836,True,9824702.0,9895247.0,19785,60,1044002267;195108598;106573901;164199202;73401082,879017980;1202267677;115651292;230487729;203351055
8899307453,1784211550,2185,False,9895247.0,9824702.0,19785,60,879017980;1202267677;115651292;230487729;203351055,1044002267;195108598;106573901;164199202;73401082
8899120700,1784204826,3079,False,7119388.0,9823272.0,19785,60,321580662;847565596;106305042;218231587;302214028,171262902;312436974;56351509;93817671;103735745
8897696869,1784119160,2747,True,2163.0,7119388.0,19785,60,16497807;97590558;201358612;77490514;152962063,321580662;847565596;106305042;218231587;302214028
8897695379,1784118474,2344,True,9895247.0,9467224.0,19785,60,879017980;1202267677;115651292;230487729;203351055,124801257;301750126;126842529;256156323;320219866
8897588873,1784113637,3389,True,7119388.0,2163.0,19785,60,321580662;847565596;106305042;218231587;302214028,16497807;97590558;201358612;77490514;152962063
8897585705,1784113191,3064,False,9467224.0,9895247.0,19785,60,124801257;301750126;126842529;256156323;320219866,879017980;1202267677;115651292;230487729;203351055
8896731473,1784051160,3786,False,9338413.0,10150538.0,19785,60,116585378;9403474;190826739;127617979;108958769,177203952;1026694469;292921272;105045291;81306398
8896645659,1784047022,2094,False,9338413.0,10150538.0,19785,60,9403474;190826739;127617979;116585378;108958769,177203952;1026694469;292921272;105045291;81306398
8896486914,1784040961,2463,True,2163.0,8261500.0,19785,60,16497807;97590558;201358612;77490514;152962063,898754153;173978074;129958758;101695162;94296097
8896380183,1784037059,2331,True,9895247.0,9895392.0,19785,60,879017980;1202267677;115651292;230487729;203351055,154715080;97658618;126212866;241884166;94155156
8896267691,1784033340,5633,True,2163.0,8261500.0,19785,60,16497807;97590558;201358612;77490514;152962063,898754153;173978074;129958758;101695162;94296097
8896234088,1784031420,3840,True,9895247.0,9895392.0,19785,60,879017980;1202267677;115651292;230487729;203351055,154715080;97658618;126212866;241884166;94155156
8896140998,1784027364,4155,True,8261500.0,2163.0,19785,60,898754153;173978074;129958758;101695162;94296097,16497807;97590558;201358612;77490514;152962063
8896139222,1784026864,2786,False,9895247.0,9895392.0,19785,60,879017980;1202267677;115651292;230487729;203351055,154715080;97658618;126212866;241884166;94155156
8893253595,1783863780,3971,False,2586976.0,9895392.0,19785,60,132309493;155494381;324277900;100594231;355168766,154715080;97658618;126212866;241884166;94155156
8893208737,1783862341,2348,True,10150538.0,10019843.0,19785,60,177203952;1026694469;292921272;105045291;81306398,196400041;1172719712;117514269;458287006;262476000
8893165071,1783861320,3619,True,9823272.0,10182357.0,19785,60,171262902;312436974;56351509;93817671;103735745,86698277;346412363;136829091;93618577;331855530
8893106015,1783858806,3047,True,9895392.0,2586976.0,19785,60,154715080;97658618;126212866;241884166;94155156,324277900;155494381;132309493;100594231;355168766
8893079555,1783857841,2704,False,10019843.0,10150538.0,19785,60,1172719712;196400041;458287006;117514269;262476000,177203952;1026694469;292921272;105045291;81306398
8893070561,1783857481,1890,False,10182357.0,9823272.0,19785,60,86698277;93618577;136829091;346412363;331855530,171262902;312436974;56351509;93817671;103735745
8892958964,1783852811,1837,True,9828897.0,9691969.0,19785,60,140411011;118559150;156328257;155447692;181716137,87063175;131303632;100471531;968545762;81475303
8892923329,1783851180,4388,True,726228.0,9338413.0,19785,60,320252024;137129583;118134220;157475523;111114687,116585378;190826739;9403474;127617979;108958769
8892914077,1783851300,2604,False,7119388.0,9824702.0,19785,60,321580662;847565596;106305042;218231587;302214028,1044002267;195108598;106573901;164199202;73401082
8892836635,1783847223,1976,False,9824702.0,7119388.0,19785,60,1044002267;195108598;106573901;164199202;73401082,321580662;847565596;106305042;218231587;302214028
8892835652,1783847102,3884,False,9691969.0,9828897.0,19785,60,87063175;131303632;968545762;100471531;81475303,140411011;118559150;156328257;155447692;181716137
8892829232,1783846800,2483,False,9338413.0,726228.0,19785,60,116585378;190826739;9403474;127617979;108958769,320252024;137129583;118134220;157475523;111114687
8891519142,1783778088,2622,True,10136357.0,10182309.0,19785,60,111620041;152168157;101356886;138880576;210053851,363758022;157989498;352545711;252737052;1031547092
8891497910,1783777029,2816,True,2163.0,9467224.0,19785,60,16497807;97590558;201358612;77490514;152962063,124801257;301750126;126842529;256156323;320219866
8891438996,1783775274,2659,False,10182299.0,9256405.0,19785,60,140251702;320017600;123787715;111030315;92487440,93526520;196482746;206097366;340421206;1092267175
8891371442,1783772700,2146,True,9467224.0,2163.0,19785,60,124801257;301750126;126842529;256156323;320219866,16497807;97590558;201358612;77490514;152962063
8891349244,1783771860,3949,False,10182309.0,10136357.0,19785,60,363758022;157989498;352545711;252737052;1031547092,111620041;152168157;138880576;101356886;210053851
8891325877,1783770895,2531,True,9256405.0,10182299.0,19785,60,93526520;196482746;206097366;340421206;1092267175,140251702;320017600;123787715;111030315;92487440
8891240327,1783766700,2541,True,9247354.0,8261500.0,19785,60,10366616;100058342;898455820;183719386;25907144,898754153;173978074;129958758;101695162;94296097
8891227605,1783766400,2040,True,8255888.0,9964962.0,19785,60,172099728;480412663;165564598;317880638;196878136,206642367;154974246;90423751;160119017;191362875
8891217710,1783765956,1748,True,9895247.0,55.0,19785,60,879017980;1202267677;230487729;203351055;115651292,96183976;294135421;185059559;363739653;295697470
8891145641,1783761964,3550,False,8261500.0,9247354.0,19785,60,898754153;173978074;129958758;101695162;94296097,10366616;100058342;898455820;183719386;25907144
8891108985,1783760455,4058,False,9964962.0,8255888.0,19785,60,206642367;154974246;90423751;160119017;191362875,172099728;480412663;165564598;317880638;196878136
8891108843,1783760415,3594,False,55.0,9895247.0,19785,60,96183976;294135421;185059559;363739653;295697470,879017980;1202267677;203351055;230487729;115651292
8890301402,1783708841,2326,True,9895392.0,10019843.0,19785,60,154715080;97658618;126212866;241884166;94155156,196400041;117514269;262476000;458287006;1172719712
8890270555,1783707672,3057,False,10182357.0,2586976.0,19785,60,86698277;346412363;136829091;93618577;331855530,324277900;155494381;100594231;132309493;355168766
8890268632,1783708020,2023,False,10150538.0,9823272.0,19785,60,177203952;1026694469;292921272;105045291;81306398,171262902;312436974;56351509;93817671;103735745
8890206902,1783705060,2098,False,10019843.0,9895392.0,19785,60,196400041;458287006;262476000;117514269;1172719712,154715080;97658618;126212866;241884166;94155156
8890179830,1783704199,1975,True,9823272.0,10150538.0,19785,60,171262902;312436974;56351509;93817671;103735745,177203952;1026694469;292921272;105045291;81306398
8890162325,1783703283,2403,False,2586976.0,10182357.0,19785,60,324277900;155494381;132309493;100594231;355168766,86698277;346412363;136829091;93618577;331855530
8890074597,1783699976,1673,True,7119388.0,9828897.0,19785,60,321580662;847565596;106305042;218231587;302214028,140411011;155447692;156328257;181716137;118559150
8890036748,1783699141,1343,False,9338413.0,9824702.0,19785,60,116585378;190826739;127617979;9403474;108958769,1044002267;195108598;106573901;164199202;73401082
8890008812,1783697672,2318,True,726228.0,9691969.0,19785,60,320252024;137129583;118134220;157475523;111114687,87063175;131303632;100471531;968545762;81475303
8889944251,1783695507,2488,False,9828897.0,7119388.0,19785,60,140411011;155447692;156328257;181716137;118559150,321580662;847565596;106305042;218231587;302214028
8889914618,1783694557,2600,True,9824702.0,9338413.0,19785,60,1044002267;195108598;106573901;164199202;73401082,116585378;190826739;127617979;9403474;108958769
8889871314,1783692721,3055,False,9691969.0,726228.0,19785,60,87063175;968545762;100471531;131303632;81475303,320252024;137129583;118134220;157475523;111114687
8889789755,1783690208,1992,True,10136357.0,9256405.0,19785,60,111620041;152168157;101356886;210053851;138880576,93526520;196482746;1092267175;206097366;340421206
8889733840,1783688406,2657,True,9467224.0,10182309.0,19785,60,124801257;301750126;126842529;256156323;320219866,363758022;352545711;1031547092;252737052;157989498
8889699098,1783686780,2531,True,2163.0,10182299.0,19785,60,16497807;97590558;201358612;77490514;152962063,140251702;123787715;320017600;111030315;92487440
8889693867,1783686604,1657,False,9256405.0,10136357.0,19785,60,93526520;196482746;1092267175;206097366;340421206,111620041;152168157;138880576;101356886;210053851
8889621582,1783683635,2786,False,10182309.0,9467224.0,19785,60,363758022;352545711;252737052;1031547092;157989498,124801257;301750126;126842529;256156323;320219866
8889615310,1783683122,1695,True,2163.0,10182299.0,19785,60,16497807;97590558;201358612;77490514;152962063,140251702;320017600;123787715;111030315;92487440
8889538949,1783679104,4080,False,9964962.0,9895247.0,19785,60,206642367;154974246;90423751;160119017;191362875,879017980;1202267677;230487729;203351055;115651292
8889524021,1783678860,1205,False,8261500.0,8255888.0,19785,60,898754153;173978074;129958758;101695162;94296097,172099728;480412663;317880638;165564598;196878136
8889513730,1783677731,2033,False,55.0,9247354.0,19785,60,96183976;294135421;185059559;363739653;295697470,10366616;100058342;898455820;183719386;25907144
8889468264,1783674662,2323,True,8255888.0,8261500.0,19785,60,172099728;480412663;165564598;317880638;196878136,898754153;173978074;129958758;101695162;94296097
8889452983,1783674001,1878,True,9247354.0,55.0,19785,60,10366616;100058342;898455820;183719386;25907144,96183976;294135421;185059559;363739653;295697470
8889452921,1783674096,3104,False,9895247.0,9964962.0,19785,60,879017980;1202267677;230487729;203351055;115651292,206642367;154974246;90423751;160119017;191362875
8888819433,1783625040,3166,False,10150538.0,10182357.0,19785,60,177203952;1026694469;292921272;105045291;81306398,86698277;346412363;136829091;93618577;331855530
8888776689,1783623360,1426,True,9823272.0,9895392.0,19785,60,171262902;312436974;56351509;93817671;103735745,154715080;97658618;126212866;241884166;94155156
8888771711,1783623122,1801,True,2586976.0,10019843.0,19785,60,155494381;100594231;324277900;132309493;355168766,196400041;458287006;1172719712;117514269;262476000
8888731478,1783620996,1973,False,10150538.0,10182357.0,19785,60,177203952;1026694469;292921272;105045291;81306398,86698277;346412363;136829091;93618577;331855530
8888693655,1783619282,1932,True,9823272.0,9895392.0,19785,60,171262902;312436974;56351509;93817671;103735745,154715080;97658618;126212866;241884166;94155156
8888682602,1783618825,2590,True,2586976.0,10019843.0,19785,60,155494381;100594231;324277900;132309493;355168766,1172719712;196400041;458287006;117514269;262476000
8888592426,1783615381,1831,False,726228.0,7119388.0,19785,60,320252024;137129583;118134220;157475523;111114687,321580662;847565596;106305042;218231587;302214028
8888555097,1783613340,2585,False,9691969.0,9338413.0,19785,60,87063175;131303632;100471531;968545762;81475303,116585378;190826739;127617979;9403474;108958769
8888554919,1783613352,1971,True,9824702.0,9828897.0,19785,60,1044002267;195108598;106573901;164199202;73401082,140411011;181716137;155447692;156328257;118559150
8888489297,1783610778,2650,False,726228.0,7119388.0,19785,60,320252024;137129583;118134220;157475523;111114687,321580662;847565596;106305042;218231587;302214028
8888425887,1783608375,2877,False,9828897.0,9824702.0,19785,60,155447692;181716137;156328257;140411011;118559150,1044002267;195108598;106573901;164199202;73401082
8888405761,1783607640,3817,False,9338413.0,9691969.0,19785,60,116585378;190826739;127617979;9403474;108958769,87063175;131303632;100471531;968545762;81475303
8888318197,1783604820,2430,True,10136357.0,2163.0,19785,60,111620041;152168157;138880576;101356886;210053851,16497807;97590558;201358612;77490514;152962063
8888279558,1783603091,1889,True,10182309.0,9256405.0,19785,60,363758022;352545711;252737052;1031547092;157989498,93526520;196482746;1092267175;340421206;206097366
8888260336,1783602360,2009,True,9467224.0,10182299.0,19785,60,124801257;301750126;126842529;256156323;320219866,140251702;320017600;123787715;111030315;92487440
8888217771,1783600601,2375,False,2163.0,10136357.0,19785,60,16497807;97590558;201358612;77490514;152962063,111620041;152168157;138880576;101356886;210053851
8888173515,1783598788,2523,False,9256405.0,10182309.0,19785,60,93526520;196482746;1092267175;340421206;206097366,363758022;352545711;252737052;1031547092;157989498
8888160657,1783598100,2390,False,10182299.0,9467224.0,19785,60,140251702;320017600;123787715;111030315;92487440,124801257;301750126;126842529;256156323;320219866
8888083694,1783594501,2633,True,9247354.0,9964962.0,19785,60,10366616;100058342;898455820;183719386;25907144,206642367;154974246;90423751;160119017;191362875
8888066684,1783592999,2410,True,8255888.0,9895247.0,19785,60,172099728;480412663;165564598;317880638;196878136,879017980;230487729;1202267677;115651292;203351055
8888056358,1783592340,2341,False,8261500.0,55.0,19785,60,898754153;173978074;129958758;101695162;94296097,96183976;294135421;363739653;185059559;295697470
8887998750,1783588512,2297,True,9895247.0,8255888.0,19785,60,879017980;230487729;1202267677;115651292;203351055,172099728;480412663;165564598;317880638;196878136
8887988797,1783587935,4577,False,9964962.0,9247354.0,19785,60,206642367;90423751;154974246;160119017;191362875,10366616;100058342;898455820;183719386;25907144
8887986392,1783587765,2544,False,55.0,8261500.0,19785,60,96183976;294135421;185059559;363739653;295697470,898754153;173978074;129958758;101695162;94296097
8887432754,1783541040,1670,True,10182357.0,9895392.0,19785,60,86698277;346412363;136829091;93618577;331855530,154715080;97658618;126212866;241884166;94155156
8887337672,1783536259,1970,True,9823272.0,10019843.0,19785,60,171262902;312436974;56351509;93817671;103735745,196400041;1172719712;458287006;117514269;262476000
8887325211,1783535641,3420,False,9895392.0,10182357.0,19785,60,154715080;97658618;126212866;241884166;94155156,86698277;346412363;136829091;93618577;331855530
8887314193,1783535100,2196,True,10150538.0,2586976.0,19785,60,177203952;1026694469;292921272;105045291;81306398,324277900;155494381;132309493;100594231;355168766
8887260104,1783532653,1663,True,9823272.0,10019843.0,19785,60,171262902;312436974;56351509;93817671;103735745,196400041;458287006;1172719712;117514269;262476000
8887218598,1783530782,2494,False,2586976.0,10150538.0,19785,60,324277900;155494381;100594231;132309493;355168766,177203952;1026694469;292921272;105045291;81306398
8887197358,1783530565,1770,False,726228.0,9824702.0,19785,60,320252024;137129583;118134220;157475523;111114687,1044002267;195108598;106573901;164199202;73401082
8887114313,1783526356,2805,False,9691969.0,7119388.0,19785,60,87063175;131303632;100471531;81475303;968545762,321580662;847565596;106305042;218231587;302214028
8887100676,1783525843,1868,False,726228.0,9824702.0,19785,60,320252024;137129583;118134220;157475523;111114687,1044002267;195108598;106573901;164199202;73401082
8887075626,1783524892,2506,True,9338413.0,9828897.0,19785,60,9403474;190826739;127617979;116585378;108958769,140411011;181716137;156328257;155447692;118559150
8886994890,1783521901,2553,False,9691969.0,7119388.0,19785,60,87063175;968545762;131303632;100471531;81475303,321580662;847565596;106305042;218231587;302214028
8886971456,1783520567,2304,True,9338413.0,9828897.0,19785,60,9403474;190826739;127617979;116585378;108958769,140411011;181716137;156328257;155447692;118559150
8886893266,1783518544,3876,False,9467224.0,10136357.0,19785,60,124801257;301750126;126842529;256156323;320219866,111620041;152168157;138880576;101356886;210053851
8886862310,1783516940,1459,False,9256405.0,2163.0,19785,60,93526520;196482746;1092267175;206097366;340421206,152962063;77490514;201358612;97590558;16497807
8886858990,1783516482,1871,True,,,19943,60,147579133;1458642845;892755792;186865857;123367378,138593728;899955080;122491901;169582122;1576272285
8886815251,1783515062,2252,True,10182309.0,10182299.0,19785,60,363758022;1031547092;352545711;157989498;252737052,140251702;320017600;123787715;111030315;92487440
8886788497,1783513891,2583,False,10136357.0,9467224.0,19785,60,111620041;152168157;138880576;101356886;210053851,124801257;301750126;126842529;256156323;320219866
8886784376,1783513485,1394,False,,,19943,60,193980317;139924217;216780445;172250999;125735693,186865857;123367378;1458642845;892755792;147579133
8886782601,1783513408,2141,False,10186995.0,,19943,60,211195306;206276065;151377638;1201395983;137904388,138593728;169582122;122491901;899955080;1576272285
8886736772,1783511657,3473,False,9256405.0,2163.0,19785,60,93526520;196482746;1092267175;206097366;340421206,16497807;97590558;201358612;77490514;152962063
8886728756,1783511220,1977,True,10182299.0,10182309.0,19785,60,140251702;320017600;123787715;111030315;92487440,363758022;352545711;157989498;252737052;1031547092
8886641793,1783506480,3901,False,9964962.0,8261500.0,19785,60,206642367;154974246;90423751;191362875;160119017,898754153;173978074;129958758;101695162;94296097
8886640910,1783506282,2001,False,9895247.0,9247354.0,19785,60,879017980;1202267677;230487729;203351055;115651292,10366616;100058342;898455820;183719386;25907144
8886638110,1783506060,1808,False,55.0,8255888.0,19785,60,96183976;294135421;185059559;363739653;295697470,172099728;480412663;165564598;317880638;196878136
8886576019,1783501510,2755,True,8255888.0,55.0,19785,60,172099728;480412663;165564598;317880638;196878136,96183976;294135421;185059559;363739653;295697470
8886572854,1783501703,2653,False,9964962.0,8261500.0,19785,60,206642367;90423751;154974246;191362875;160119017,898754153;173978074;129958758;101695162;94296097
8886567629,1783501257,3139,False,9895247.0,9247354.0,19785,60,879017980;1202267677;230487729;203351055;115651292,10366616;100058342;898455820;183719386;25907144
8886013461,1783453361,3696,True,10150538.0,9895392.0,19785,60,177203952;1026694469;292921272;105045291;81306398,154715080;97658618;126212866;241884166;94155156
8886005043,1783453680,3309,False,9823272.0,2586976.0,19785,60,171262902;312436974;56351509;93817671;103735745,324277900;100594231;155494381;132309493;355168766
8885974297,1783451948,3207,True,10182357.0,10019843.0,19785,60,86698277;346412363;136829091;93618577;331855530,196400041;458287006;1172719712;117514269;262476000
8885928262,1783450062,1570,False,2586976.0,9823272.0,19785,60,324277900;100594231;155494381;132309493;355168766,171262902;312436974;56351509;93817671;103735745
8885871759,1783448179,1892,False,10019843.0,10182357.0,19785,60,196400041;458287006;1172719712;117514269;262476000,86698277;346412363;136829091;93618577;331855530
8885859920,1783446614,4599,False,10150538.0,9895392.0,19785,60,177203952;1026694469;292921272;105045291;81306398,154715080;97658618;126212866;241884166;94155156
8885784652,1783443540,3191,False,7119388.0,9338413.0,19785,60,321580662;847565596;106305042;218231587;302214028,116585378;190826739;127617979;9403474;108958769
8885775271,1783442606,1575,True,9824702.0,9691969.0,19785,60,1044002267;195108598;106573901;164199202;73401082,87063175;968545762;131303632;100471531;81475303
8885723512,1783440300,3176,True,726228.0,9828897.0,19785,60,320252024;137129583;118134220;157475523;111114687,140411011;181716137;156328257;155447692;118559150
8885665054,1783437858,2479,False,9691969.0,9824702.0,19785,60,87063175;131303632;100471531;968545762;81475303,1044002267;195108598;106573901;164199202;73401082
8885633666,1783436798,4197,False,9338413.0,7119388.0,19785,60,9403474;190826739;127617979;116585378;108958769,321580662;847565596;106305042;218231587;302214028
8885614030,1783435921,2500,False,9828897.0,726228.0,19785,60,140411011;181716137;156328257;155447692;118559150,320252024;137129583;118134220;157475523;111114687
8885529711,1783433284,1315,False,9256405.0,9467224.0,19785,60,93526520;196482746;1092267175;206097366;340421206,124801257;301750126;126842529;256156323;320219866
8885473599,1783431420,2093,True,10182309.0,2163.0,19785,60,363758022;252737052;352545711;1031547092;157989498,16497807;97590558;201358612;77490514;152962063
8885470551,1783430880,2209,False,10182299.0,10136357.0,19785,60,140251702;320017600;123787715;111030315;92487440,111620041;152168157;138880576;101356886;210053851
8885411801,1783428660,2143,True,9467224.0,9256405.0,19785,60,124801257;301750126;126842529;256156323;320219866,93526520;196482746;1092267175;206097366;340421206
8885380529,1783427175,2312,False,10182309.0,2163.0,19785,60,363758022;352545711;1031547092;157989498;252737052,16497807;97590558;201358612;77490514;152962063
8885365825,1783426680,2191,True,10136357.0,10182299.0,19785,60,111620041;152168157;138880576;101356886;210053851,140251702;320017600;123787715;111030315;92487440
8885275216,1783422092,3441,True,8261500.0,9895247.0,19785,60,898754153;173978074;129958758;94296097;101695162,879017980;1202267677;230487729;115651292;203351055
8885252329,1783421220,2419,False,8255888.0,9247354.0,19785,60,172099728;480412663;165564598;317880638;196878136,10366616;100058342;898455820;183719386;25907144
8885250776,1783420680,2845,False,55.0,9964962.0,19785,60,96183976;294135421;185059559;363739653;295697470,206642367;154974246;90423751;160119017;191362875
8885195986,1783417108,2836,True,9895247.0,8261500.0,19785,60,879017980;1202267677;230487729;115651292;203351055,94296097;173978074;129958758;101695162;898754153
8885195787,1783416857,1924,False,55.0,9964962.0,19785,60,96183976;294135421;185059559;363739653;295697470,206642367;154974246;90423751;191362875;160119017
8885183102,1783416279,2623,False,9247354.0,8255888.0,19785,60,10366616;100058342;898455820;183719386;25907144,172099728;480412663;165564598;317880638;196878136
8880928888,1783176897,1167,False,10186995.0,7670725.0,19943,60,172250999;206276065;140012172;149495908;212518498,138593728;1458642845;138836984;245784809;291134774
8880797450,1783172614,2181,False,10186995.0,7670725.0,19943,60,140012172;131797742;206276065;211195306;147579133,138593728;899955080;216780445;317607728;212518498
8880668008,1783168076,3173,True,9776596.0,,19943,60,206276065;131797742;140012172;211195306;147579133,1458642845;892755792;110376559;245784809;190355029
8879217456,1783089568,1471,False,,10186995.0,19943,60,198892029;1144262726;365852806;248619885;297060920,206276065;158661294;211232877;138836984;149032711
8876894624,1782955139,2439,False,10186491.0,10182514.0,19885,60,893049966;288775038;850309212;1088362710;1190137167,86745912;238239590;38628747;40547474;94155156
8876860926,1782951377,1925,False,10182514.0,10186491.0,19885,60,86745912;238239590;38628747;40547474;94155156,893049966;288775038;850309212;1088362710;1190137167
8876860563,1782952339,2227,True,10186492.0,10182705.0,19885,60,101779337;143659264;249986681;125989153;866438572,452400903;182322692;352623024;248180032;116293223
8876821060,1782947602,2079,False,10182705.0,10186492.0,19885,60,116293223;352623024;248180032;182322692;452400903,101779337;125989153;249986681;143659264;866438572
8876816332,1782947186,2577,False,10186491.0,10182514.0,19885,60,893049966;288775038;850309212;1088362710;1190137167,86745912;238239590;38628747;40547474;94155156
8876753073,1782942371,3367,False,10186492.0,10182705.0,19885,60,125989153;143659264;249986681;101779337;866438572,452400903;182322692;352623024;248180032;116293223
8876713570,1782940007,2916,False,10182892.0,10186491.0,19885,60,412758827;116776337;250317389;220114337;396792504,893049966;288775038;850309212;1088362710;1190137167
8876640180,1782936342,2161,True,10186491.0,10182892.0,19885,60,893049966;288775038;850309212;1088362710;1190137167,396792504;250317389;412758827;220114337;116776337
8876624227,1782935611,2389,True,10186492.0,10182810.0,19885,60,125989153;101779337;249986681;143659264;866438572,86850560;193490297;145372258;410707457;200450157
8876607269,1782934840,3202,False,10182519.0,10177742.0,19885,60,258607808;64527692;123622845;107746371;1119556666,220621418;208181197;270293472;317725979;257698084
8876602958,1782934647,1926,True,10182748.0,10182738.0,19885,60,258410531;61374441;108997922;158497863;888117850,337057519;376577750;389350615;865067597;247133387
8876599600,1782934746,3479,False,10182639.0,8532176.0,19885,60,98172857;374875067;332342615;1674334778;35504297,196490133;92949094;107855479;115464954;27178898
8876574066,1782933382,1705,False,10182705.0,10182824.0,19885,60,182322692;452400903;352623024;248180032;116293223,349310876;363758022;352545711;1026694469;157989498
8876522645,1782931196,1593,False,10182738.0,10182748.0,19885,60,337057519;865067597;247133387;376577750;989268035,61374441;108997922;258410531;888117850;158497863
8876493211,1782930116,2924,True,10177742.0,10182519.0,19885,60,220621418;208181197;270293472;317725979;257698084,64527692;258607808;123622845;107746371;1119556666
8876483597,1782929323,3267,True,10182639.0,8532176.0,19885,60,98172857;1674334778;332342615;374875067;35504297,196490133;92949094;107855479;115464954;27178898
8876478470,1782929665,1753,True,10182824.0,10182705.0,19885,60,363758022;1026694469;349310876;352545711;157989498,182322692;452400903;352623024;248180032;116293223
8876475870,1782929081,4576,False,10182810.0,10186492.0,19885,60,86850560;193490297;410707457;200450157;145372258,101779337;125989153;249986681;143659264;866438572
8876455921,1782928125,1058,False,10182524.0,10182738.0,19885,60,377699384;1060568191;921032897;362711800;285947750,337057519;247133387;989268035;865067597;376577750
8876453217,1782928004,1897,False,9855768.0,10182492.0,19885,60,163061132;134432641;93845249;123717676;163152486,1052101649;100483784;354160772;279460864;241519559
8876338118,1782923623,3739,True,8532176.0,10182639.0,19885,60,196490133;92949094;107855479;115464954;27178898,98172857;1674334778;332342615;374875067;35504297
8876335535,1782923299,3271,False,10186464.0,10177742.0,19885,60,49570863;138880576;176019913;1081125817;164025762,220621418;208181197;270293472;317725979;257698084
8876315460,1782922567,1967,False,10182524.0,10182738.0,19885,60,377699384;921032897;362711800;285947750;1060568191,337057519;865067597;376577750;389350615;247133387
8876250327,1782920112,2205,True,10182496.0,10182519.0,19885,60,136031695;112426916;238509899;108810964;121885658,64527692;258607808;123622845;1119556666;107746371
8876228139,1782919338,1854,False,10182639.0,10182833.0,19885,60,98172857;1674334778;332342615;374875067;35504297,58513047;126212866;68007361;124603973;99611577
8876195993,1782918012,2913,True,10182492.0,9855768.0,19885,60,241519559;100483784;354160772;279460864;1052101649,163152486;134432641;93845249;123717676;163061132
8876182829,1782917455,3891,True,10186464.0,10177742.0,19885,60,49570863;176019913;138880576;1081125817;164025762,220621418;208181197;317725979;270293472;257698084
8876141942,1782916085,3119,False,10182519.0,10182496.0,19885,60,64527692;258607808;123622845;107746371;1119556666,136031695;238509899;112426916;108810964;121885658
8876116213,1782915210,2475,False,10182639.0,10182833.0,19885,60,98172857;1674334778;332342615;374875067;35504297,58513047;68007361;126212866;99611577;124603973
8876111537,1782915053,2588,False,10182773.0,8532176.0,19885,60,92028391;124583384;94439767;86700461;109757023,196490133;92949094;107855479;115464954;27178898
8876051856,1782913026,1769,False,10182459.0,9855768.0,19885,60,120613892;171097887;135113005;179684293;104314302,93845249;134432641;163061132;163152486;123717676
8876020336,1782911902,2070,True,10182693.0,10182492.0,19885,60,198981766;152168157;140297552;155370747;101356886,241519559;100483784;354160772;279460864;1052101649
8876016969,1782911912,3764,True,10177742.0,10186464.0,19885,60,220621418;208181197;270293472;317725979;257698084,49570863;176019913;138880576;1081125817;164025762
8875987572,1782910878,2205,True,8532176.0,10182773.0,19885,60,196490133;92949094;107855479;115464954;27178898,92028391;86700461;94439767;124583384;109757023
8875984903,1782910841,2565,True,10182639.0,10182833.0,19885,60,98172857;1674334778;332342615;374875067;35504297,99611577;58513047;126212866;124603973;68007361
8875983324,1782910806,2753,True,10182519.0,10182496.0,19885,60,64527692;258607808;123622845;107746371;1119556666,136031695;112426916;121885658;108810964;238509899
8875961002,1782909991,2681,False,10186715.0,10186547.0,19885,60,1125296112;160708663;360648679;318371533;1129118044,375507918;1201927095;100471531;193815691;176372519
8875954479,1782909581,2225,True,10182601.0,10182476.0,19885,60,339686412;421257589;108625414;191116892;108452107,102126005;349495318;180302127;137530209;207098798
8875951575,1782909573,1728,True,9855768.0,10182459.0,19885,60,163061132;134432641;93845249;123717676;163152486,120613892;171097887;179684293;135113005;104314302
8875915348,1782907891,1803,True,10186464.0,10164510.0,19885,60,164025762;176019913;138880576;1081125817;49570863,63564640;22010146;315016949;52197664;186360994
8875903779,1782907509,2367,False,10182492.0,10182693.0,19885,60,241519559;100483784;354160772;279460864;1052101649,140297552;152168157;155370747;101356886;198981766
8875860504,1782905412,2632,False,10182476.0,10182601.0,19885,60,207098798;137530209;349495318;102126005;180302127,339686412;421257589;108625414;108452107;191116892
8875849130,1782904947,2279,False,10182755.0,9855768.0,19885,60,1028012361;1004229172;154259887;346174811;129807919,163061132;134432641;163152486;93845249;123717676
8875841974,1782904511,1702,True,10186464.0,10164510.0,19885,60,49570863;176019913;1081125817;164025762;138880576,63564640;22010146;315016949;52197664;186360994
8875840771,1782904451,3105,False,10186715.0,10186547.0,19885,60,1125296112;160708663;360648679;318371533;1129118044,375507918;1201927095;100471531;193815691;176372519
8875836468,1782904234,1746,True,10182773.0,10182706.0,19885,60,109757023;92028391;94439767;86700461;124583384,115793260;174727276;98885811;105965535;131777112
8875824584,1782903640,1220,False,10182654.0,8532176.0,19885,60,162675753;232939147;846051882;838547248;95651573,196490133;92949094;107855479;115464954;27178898
8875774753,1782900934,1907,True,9855768.0,10182755.0,19885,60,163152486;134432641;93845249;163061132;123717676,1028012361;1004229172;154259887;346174811;129807919
8875769722,1782901218,2559,False,10182601.0,10182476.0,19885,60,339686412;421257589;108625414;108452107;191116892,137530209;349495318;102126005;207098798;180302127
8875760991,1782900469,2195,False,10182706.0,10182773.0,19885,60,98885811;115793260;174727276;105965535;131777112,92028391;86700461;94439767;124583384;109757023
8875760957,1782900324,2591,False,10186464.0,10164510.0,19885,60,49570863;176019913;138880576;1081125817;164025762,63564640;22010146;315016949;52197664;186360994
8875757609,1782900188,1712,True,8532176.0,10182654.0,19885,60,196490133;92949094;107855479;115464954;27178898,232939147;95651573;846051882;838547248;162675753
8875738350,1782899565,2478,False,10186547.0,10186715.0,19885,60,375507918;1201927095;100471531;193815691;176372519,1125296112;160708663;360648679;318371533;1129118044
8875704701,1782896741,2167,False,10182485.0,10182476.0,19885,60,189453428;192877404;201467310;196677821;187721209,207098798;349495318;102126005;180302127;137530209
8875703679,1782896676,784,False,10182601.0,10182648.0,19885,60,368992912;421257589;108625414;108452107;339686412,196400041;392169957;377594124;1517197265;274078636
8875699550,1782896506,2435,False,9855768.0,10182755.0,19885,60,163061132;123717676;93845249;134432641;163152486,1028012361;1004229172;154259887;346174811;129807919
8875666922,1782894345,2497,True,10182498.0,10186547.0,19885,60,100616105;104512126;145331311;399862798;330534326,375507918;1201927095;100471531;193815691;176372519
8875646769,1782892958,2242,True,10182476.0,10182485.0,19885,60,180302127;137530209;102126005;349495318;207098798,189453428;192877404;196677821;201467310;187721209
8875644021,1782893049,1752,False,10182601.0,10182648.0,19885,60,368992912;339686412;108625414;108452107;421257589,196400041;392169957;377594124;274078636;1517197265
8875615720,1782890675,1915,True,10186547.0,10182498.0,19885,60,375507918;1201927095;100471531;193815691;176372519,100616105;104512126;145331311;399862798;330534326
8875607269,1782890035,2097,True,8193371.0,10182469.0,19885,60,1125296112;160708663;360648679;318371533;1129118044,188037232;120901780;89972122;118736004;144105312
8875558870,1782887168,1546,True,8193371.0,10182469.0,19885,60,1125296112;160708663;360648679;318371533;1129118044,188037232;120901780;144105312;118736004;89972122
8875557483,1782886087,2816,True,10182498.0,10186547.0,19885,60,100616105;104512126;145331311;399862798;330534326,375507918;1201927095;100471531;193815691;176372519
8875439021,1782874656,2263,False,10182710.0,10182810.0,19885,60,117511039;197813893;135191692;1874506858;114950635,86850560;193490297;410707457;145372258;200450157
8875382139,1782868839,3586,False,10182810.0,10182710.0,19885,60,200450157;193490297;86850560;410707457;145372258,117511039;135191692;197813893;1673981140;1874506858
8875381884,1782868812,1714,True,10186492.0,10186497.0,19885,60,125989153;101779337;249986681;866438572;143659264,102652420;283629288;102382586;203596299;39155815
8875372362,1782867863,2266,False,10182650.0,10186491.0,19885,60,298027834;48873099;208657652;209783719;119875714,893049966;288775038;850309212;1088362710;1190137167
8875342006,1782865151,2012,True,10186492.0,10186497.0,19885,60,125989153;143659264;101779337;249986681;866438572,102652420;283629288;102382586;203596299;39155815
8875336162,1782864225,1968,True,10186491.0,10182650.0,19885,60,893049966;288775038;850309212;1088362710;1190137167,48873099;208657652;119875714;298027834;209783719
8875335610,1782864446,2681,False,10182710.0,10182810.0,19885,60,1673981140;117511039;197813893;1874506858;135191692,86850560;193490297;200450157;145372258;410707457
8875290762,1782860651,2517,True,10182524.0,10182851.0,19885,60,377699384;1060568191;362711800;285947750;366489992,205749939;121916030;356875951;1699330914;251135365
8875279981,1782859392,2910,False,10186683.0,10186497.0,19885,60,399116367;1080483545;86732631;200999282;241857413,283629288;102382586;203596299;39155815;102652420
8875272998,1782858846,2377,False,10182793.0,10177742.0,19885,60,48660805;86885915;194049929;107757716;148213417,220621418;208181197;317725979;270293472;257698084
8875264186,1782858186,3202,False,10182752.0,10182650.0,19885,60,133672082;186495296;196892309;880455909;480048979,48873099;209783719;208657652;119875714;298027834
8875256706,1782857642,1751,False,10186432.0,10182459.0,19885,60,184786408;81268033;350277927;111211042;210167497,120613892;171097887;179684293;104314302;135113005
8875254019,1782857443,1924,False,10182892.0,10182514.0,19885,60,116776337;250317389;412758827;220114337;396792504,86745912;238239590;38628747;40547474;94155156
8875248292,1782857034,597,False,8795230.0,10186491.0,19885,60,395661906;78577268;87856234;149027778;166017709,893049966;288775038;850309212;1088362710;1190137167
8875229263,1782855554,2411,False,10182851.0,10182524.0,19885,60,251135365;356875951;1699330914;121916030;205749939,377699384;362711800;1060568191;366489992;285947750
8875216877,1782855593,1984,False,10186683.0,10186497.0,19885,60,241857413;200999282;399116367;86732631;1080483545,283629288;102382586;203596299;39155815;102652420
8875215366,1782855013,2042,True,10177742.0,10182793.0,19885,60,220621418;208181197;270293472;317725979;257698084,48660805;86885915;107757716;194049929;148213417
8875200893,1782854276,1763,True,10182650.0,10182752.0,19885,60,48873099;208657652;119875714;209783719;298027834,196892309;880455909;133672082;480048979;208212987
8875196822,1782853806,1642,True,10182514.0,10182892.0,19885,60,86745912;238239590;38628747;40547474;94155156,396792504;116776337;412758827;220114337;250317389
8875191845,1782853652,789,True,10186491.0,8795230.0,19885,60,893049966;288775038;850309212;1088362710;1190137167,395661906;78577268;87856234;149027778;166017709
8875161118,1782851934,2735,True,10182459.0,10186431.0,19885,60,120613892;171097887;179684293;135113005;104314302,184786408;81268033;210167497;350277927;111211042
8875149050,1782851370,2123,True,10182851.0,10182524.0,19885,60,251135365;356875951;1699330914;121916030;205749939,377699384;362711800;921032897;285947750;1060568191
8875145072,1782851256,2122,True,10186464.0,10182501.0,19885,60,49570863;138880576;176019913;1081125817;164025762,86999597;123343197;84592370;5844432;257988627
8875120208,1782850069,1719,True,10182793.0,10182715.0,19885,60,48660805;86885915;107757716;194049929;148213417,309636925;860792911;111532561;84422118;384723384
8875098637,1782849125,2020,False,10182732.0,9855768.0,19885,60,309224793;86832913;31388939;106810939;322278701,163152486;163061132;93845249;134432641;123717676
8875081913,1782848383,2801,True,10182654.0,9055189.0,19885,60,162675753;95651573;846051882;838547248;232939147,99132107;151482973;970438316;128580956;98167706
8875050228,1782847014,2728,False,10186464.0,10182501.0,19885,60,49570863;176019913;138880576;1081125817;164025762,86999597;5844432;84592370;123343197;257988627
8875024911,1782846304,2073,False,10182715.0,10182793.0,19885,60,860792911;111532561;309636925;84422118;384723384,48660805;86885915;107757716;194049929;148213417
8875001720,1782845072,1697,False,2239113.0,10182524.0,19885,60,125631537;408802562;90525544;105015435;125686965,377699384;1060568191;921032897;285947750;366489992
8874986809,1782845655,1757,True,9855768.0,10182732.0,19885,60,163061132;134432641;93845249;123717676;163152486,31388939;322278701;86832913;106810939;309224793
8874975868,1782843835,1175,True,10182851.0,10186458.0,19885,60,205749939;121916030;251135365;1699330914;356875951,385344057;1520663597;1794698612;1249045783;1313455300
8874970148,1782843592,4200,True,10182459.0,10182713.0,19885,60,120613892;135113005;179684293;104314302;171097887,399681795;851178649;923708928;379454309;165213126
8874963926,1782843328,1775,False,5095368.0,10182706.0,19885,60,1674203764;417737942;129692936;56672696;108928414,98885811;115793260;131777112;105965535;174727276
8874959435,1782843277,1989,True,10186464.0,10182501.0,19885,60,49570863;138880576;176019913;1081125817;164025762,86999597;84592370;123343197;5844432;257988627
8874951934,1782842824,1543,False,10182738.0,10182748.0,19885,60,337057519;865067597;376577750;247133387;389350615,61374441;258410531;108997922;158497863;888117850
8874948518,1782842770,3912,False,9055189.0,10182654.0,19885,60,99132107;151482973;970438316;128580956;98167706,95651573;232939147;846051882;838547248;162675753
8874908695,1782841268,2520,True,10182519.0,10177742.0,19885,60,64527692;258607808;123622845;1119556666;107746371,220621418;208181197;270293472;317725979;257698084
8874903366,1782840976,2507,False,10182486.0,10182793.0,19885,60,89415289;379755783;92687904;188688583;114285547,107757716;86885915;48660805;194049929;148213417
8874882061,1782839898,1437,True,10182851.0,10186458.0,19885,60,356875951;1699330914;121916030;205749939;251135365,385344057;1520663597;1853791662;1794698612;1249045783
8874864197,1782839229,2138,False,2239113.0,10182524.0,19885,60,125686965;408802562;125631537;105015435;90525544,921032897;366489992;377699384;1060568191;285947750
8874860062,1782839150,2106,True,10182748.0,10182738.0,19885,60,61374441;108997922;258410531;888117850;158497863,337057519;865067597;247133387;376577750;389350615
8874857236,1782839075,2279,True,10182706.0,5095368.0,19885,60,98885811;115793260;174727276;105965535;131777112,1674203764;417737942;129692936;56672696;108928414
8874853800,1782838762,3445,False,10182678.0,10182732.0,19885,60,113833980;112954736;123172078;308281650;244373403,322278701;86832913;31388939;106810939;309224793
8874852927,1782838896,2604,False,10182713.0,10182459.0,19885,60,399681795;923708928;379454309;851178649;165213126,171097887;120613892;135113005;179684293;104314302
8874847034,1782838488,2324,True,10182492.0,10182755.0,19885,60,241519559;100483784;354160772;279460864;1052101649,1028012361;1004229172;154259887;346174811;129807919
8874844468,1782838385,2214,True,10182501.0,10182460.0,19885,60,86999597;5844432;84592370;123343197;257988627,120894981;179182753;388547023;117655153;864916369
8874837548,1782838134,1873,True,9055189.0,8830114.0,19885,60,99132107;151482973;970438316;128580956;98167706,102750905;118452902;155880552;86793739;122571057
8874815986,1782837306,2238,False,8838495.0,10182654.0,19885,60,367831537;143067868;147796322;492748110;97218286,162675753;232939147;846051882;838547248;95651573
8874793138,1782836417,2700,False,10182486.0,10182793.0,19885,60,89415289;379755783;92687904;188688583;114285547,148213417;86885915;107757716;194049929;48660805
8874787481,1782836207,2485,False,10182897.0,10182469.0,19885,60,42997039;116391559;16446200;93661201;78891550,120901780;188037232;89972122;118736004;144105312
8874785195,1782836120,3237,False,10182519.0,10177742.0,19885,60,64527692;258607808;123622845;107746371;1119556666,220621418;208181197;317725979;270293472;257698084
8874775164,1782835760,1751,True,10182496.0,10164510.0,19885,60,136031695;238509899;112426916;108810964;121885658,63564640;22010146;315016949;52197664;186360994
8874758545,1782835160,1736,False,10182860.0,9055189.0,19885,60,86793739;102750905;118452902;155880552;122571057,99132107;151482973;970438316;128580956;98167706
8874756841,1782835097,2534,True,10182693.0,10186431.0,19885,60,198981766;152168157;140297552;155370747;101356886,184786408;81268033;210167497;350277927;111211042
8874717635,1782833686,2772,False,10182773.0,10182639.0,19885,60,92028391;94439767;124583384;86700461;109757023,98172857;332342615;374875067;1674334778;35504297
8874711344,1782833464,1971,True,10182654.0,8838495.0,19885,60,162675753;232939147;846051882;838547248;95651573,143067868;97218286;367831537;492748110;147796322
8874709781,1782833409,1068,True,10182713.0,10176802.0,19885,60,923708928;851178649;379454309;399681795;165213126,107265057;878412184;126246610;430596355;398660182
8874687459,1782832627,1609,True,10182833.0,8532176.0,19885,60,126212866;190826739;124603973;58513047;68007361,92949094;196490133;107855479;115464954;27178898
8874683539,1782832491,3010,True,5095368.0,,19885,60,1674203764;417737942;129692936;56672696;108928414,106783671;153114896;208078283;101963914;370980160
8874675861,1782832226,2061,True,10182459.0,10182482.0,19885,60,135113005;179684293;120613892;104314302;171097887,963252025;254617977;1185065451;290031756;371546728
8874673799,1782832157,1470,False,10186456.0,9855768.0,19885,60,864821625;228916210;97899164;86841653;141579357,163061132;134432641;163152486;123717676;93845249
8874662127,1782831826,2623,True,10182486.0,10182793.0,19885,60,89415289;92687904;379755783;188688583;114285547,148213417;86885915;107757716;194049929;48660805
8874661091,1782831717,2070,False,10164510.0,10182496.0,19885,60,63564640;315016949;186360994;52197664;22010146,136031695;238509899;112426916;108810964;121885658
8874655281,1782831584,4737,False,10182460.0,10182501.0,19885,60,117655153;120894981;179182753;388547023;864916369,86999597;84592370;123343197;5844432;257988627
8874651929,1782831449,4918,True,10182732.0,10182678.0,19885,60,309224793;86832913;322278701;31388939;106810939,113833980;112954736;244373403;308281650;123172078
8874650382,1782831618,2799,False,10177742.0,10182519.0,19885,60,220621418;208181197;270293472;317725979;257698084,64527692;258607808;123622845;107746371;1119556666
8874648320,1782831873,2231,False,10182755.0,10182492.0,19885,60,1028012361;1004229172;154259887;346174811;129807919,241519559;100483784;354160772;279460864;1052101649
8874607031,1782829976,3471,True,10182469.0,10182897.0,19885,60,120901780;188037232;89972122;118736004;144105312,42997039;116391559;93661201;16446200;78891550
8874598277,1782829769,2138,True,10182706.0,10182699.0,19885,60,98885811;174727276;131777112;105965535;115793260,199507479;21112562;25692964;150167287;150364957
8874580039,1782829007,4256,False,9055189.0,10182860.0,19885,60,99132107;128580956;970438316;151482973;98167706,86793739;118452902;155880552;102750905;122571057
8874579569,1782829169,2339,False,10182458.0,10182713.0,19885,60,430596355;107265057;126246610;878412184;398660182,923708928;379454309;851178649;399681795;165213126
8874571910,1782828742,1415,True,9855768.0,10186456.0,19885,60,163061132;134432641;93845249;163152486;123717676,228916210;864821625;86841653;141579357;97899164
8874568759,1782828678,1890,True,5095368.0,8207902.0,19885,60,1674203764;417737942;129692936;56672696;108928414,153114896;106783671;208078283;101963914;370980160
8874567958,1782828663,1680,True,10182459.0,10182482.0,19885,60,171097887;120613892;179684293;135113005;104314302,1185065451;963252025;254617977;371546728;290031756
8874567090,1782828631,3063,True,8838495.0,10182654.0,19885,60,143067868;367831537;147796322;492748110;97218286,162675753;232939147;846051882;838547248;95651573
8874561997,1782828850,2759,True,10182639.0,10182773.0,19885,60,98172857;332342615;374875067;1674334778;35504297,92028391;124583384;94439767;86700461;109757023
8874557399,1782828334,3756,False,10186431.0,10182693.0,19885,60,81268033;350277927;111211042;210167497;184786408,198981766;152168157;155370747;101356886;140297552
8874556820,1782828611,2359,False,8532176.0,10182833.0,19885,60,196490133;92949094;107855479;115464954;27178898,126212866;190826739;58513047;124603973;68007361
8874470795,1782825308,1894,False,10182469.0,10186547.0,19885,60,188037232;120901780;89972122;118736004;144105312,375507918;1201927095;100471531;193815691;176372519
8874465466,1782825160,2297,False,8193371.0,10182498.0,19885,60,1125296112;160708663;360648679;318371533;1129118044,100616105;104512126;145331311;399862798;330534326
8874387446,1782822294,2021,True,10182601.0,10182485.0,19885,60,421257589;339686412;108625414;108452107;191116892,187721209;192877404;196677821;189453428;201467310
8874371458,1782821702,1581,True,10182498.0,8193371.0,19885,60,100616105;104512126;145331311;399862798;330534326,1125296112;160708663;360648679;318371533;1129118044
8874332780,1782820806,2225,True,10186547.0,10182469.0,19885,60,375507918;1201927095;100471531;193815691;176372519,188037232;120901780;89972122;118736004;144105312
8874265084,1782817318,2416,True,8193371.0,10182498.0,19885,60,1125296112;160708663;360648679;1129118044;318371533,100616105;104512126;145331311;399862798;330534326
8874195797,1782813626,1623,False,10182476.0,10182648.0,19885,60,180302127;349495318;102126005;137530209;207098798,196400041;274078636;392169957;377594124;1517197265
8874192095,1782813422,1814,False,10182897.0,8193371.0,19885,60,42997039;116391559;93661201;16446200;78891550,1125296112;160708663;360648679;318371533;1129118044
8874136202,1782810435,1537,False,10182476.0,10182648.0,19885,60,207098798;349495318;102126005;180302127;137530209,196400041;274078636;392169957;1517197265;377594124
8874135510,1782810301,1252,True,8193371.0,10182897.0,19885,60,1125296112;160708663;360648679;318371533;1129118044,42997039;93661201;116391559;16446200;78891550
8873843108,1782786611,1651,False,10182752.0,10182514.0,19885,60,880455909;186495296;416098293;133672082;208212987,86745912;238239590;40547474;95145869;38628747
8873822900,1782784708,1118,True,10182824.0,10182810.0,19885,60,363758022;1026694469;352545711;157989498;349310876,86850560;193490297;410707457;145372258;200450157
8873780585,1782780605,1894,False,10182877.0,10182650.0,19885,60,101006838;209487389;154405151;1108962213;93821657,48873099;208657652;119875714;209783719;298027834
8873773878,1782780087,2399,True,10186491.0,10182892.0,19885,60,893049966;288775038;850309212;1088362710;1190137167,396792504;250317389;412758827;220114337;116776337
8873751620,1782777937,2871,True,10182752.0,8795230.0,19885,60,880455909;480048979;133672082;416098293;186495296,149027778;395661906;78577268;87856234;166017709
8873744585,1782778163,2004,False,10186492.0,10182705.0,19885,60,101779337;125989153;249986681;143659264;866438572,452400903;182322692;352623024;248180032;116293223
8873737868,1782776775,2374,True,10182810.0,10186497.0,19885,60,410707457;193490297;86850560;145372258;200450157,283629288;102652420;102382586;203596299;39155815
8873720958,1782775435,2445,False,10182650.0,10182892.0,19885,60,298027834;208657652;48873099;209783719;119875714,116776337;250317389;412758827;220114337;396792504
8873707265,1782774160,2314,True,8795230.0,10182752.0,19885,60,395661906;87856234;78577268;149027778;166017709,186495296;880455909;480048979;416098293;133672082
8873692887,1782773042,1532,True,10182705.0,10182710.0,19885,60,248180032;182322692;352623024;452400903;116293223,135191692;117511039;197813893;1874506858;1673981140
8873686778,1782772591,2616,True,10182810.0,10186497.0,19885,60,193490297;86850560;410707457;145372258;200450157,283629288;102652420;102382586;203596299;39155815
8873675456,1782771803,2996,False,10182656.0,10186492.0,19885,60,99803639;100106448;101092051;348438868;99622043,125989153;249986681;101779337;143659264;866438572
8873673556,1782771679,1642,True,10186491.0,10182877.0,19885,60,893049966;288775038;850309212;1088362710;1190137167,101006838;230613875;93821657;1108962213;154405151
8873670974,1782771520,2226,False,10182650.0,10182892.0,19885,60,48873099;208657652;119875714;209783719;298027834,396792504;116776337;250317389;220114337;412758827
8873627157,1782768819,3290,True,10182752.0,8795230.0,19885,60,880455909;480048979;133672082;196892309;186495296,395661906;149027778;87856234;78577268;166017709
8873620985,1782768535,1004,False,10182877.0,10186491.0,19885,60,101006838;230613875;154405151;1108962213;93821657,893049966;288775038;850309212;1088362710;1190137167
8873616290,1782768194,1575,False,10182524.0,10182738.0,19885,60,1060568191;377699384;366489992;362711800;285947750,376577750;865067597;989268035;337057519;247133387
8873603292,1782767604,2390,False,10182710.0,10182705.0,19885,60,135191692;117511039;197813893;1673981140;1874506858,182322692;248180032;352623024;452400903;116293223
8873600727,1782767509,3210,True,8215874.0,10182810.0,19885,60,203596299;102652420;283629288;39155815;102382586,410707457;193490297;145372258;86850560;200450157
8873595214,1782767120,2095,True,10186492.0,10182656.0,19885,60,125989153;143659264;249986681;101779337;866438572,100106448;99622043;348438868;101092051;99803639
8873594081,1782767187,2288,True,10182650.0,10182892.0,19885,60,48873099;298027834;119875714;209783719;208657652,396792504;250317389;412758827;116776337;220114337
8873566773,1782766015,2840,False,10186464.0,10182519.0,19885,60,49570863;176019913;138880576;1081125817;164025762,258607808;64527692;123622845;1119556666;107746371
8873538445,1782764606,1729,True,10182738.0,10182524.0,19885,60,865067597;376577750;337057519;989268035;247133387,377699384;921032897;362711800;1060568191;285947750
8873521239,1782763814,780,False,10186458.0,10182748.0,19885,60,385344057;1313455300;1794698612;1853791662;1249045783,258410531;108997922;61374441;158497863;888117850
8873519314,1782763732,2393,False,10182459.0,10182755.0,19885,60,104314302;171097887;179684293;120613892;135113005,1028012361;1004229172;154259887;346174811;129807919
8873508536,1782763280,1968,True,10164510.0,10182715.0,19885,60,63564640;22010146;186360994;52197664;315016949,186411992;111532561;384723384;309636925;860792911
8873491003,1782762556,2685,False,10182519.0,10186464.0,19885,60,64527692;258607808;123622845;107746371;1119556666,49570863;176019913;138880576;1081125817;164025762
8873473463,1782761827,964,True,10182748.0,10186458.0,19885,60,61374441;258410531;108997922;158497863;888117850,385344057;1249045783;1853791662;1313455300;1794698612
8873447296,1782761294,2684,False,10182713.0,10182492.0,19885,60,923708928;379454309;399681795;851178649;165213126,241519559;100483784;354160772;279460864;1052101649
8873427999,1782759997,1758,False,10182501.0,10177742.0,19885,60,123343197;84592370;5844432;86999597;257988627,317725979;270293472;208181197;220621418;257698084
8873423551,1782759816,1625,True,10182732.0,10182032.0,19885,60,322278701;86832913;31388939;106810939;309224793,1457743976;1405213385;212134985;403077309;321297394
8873396816,1782758664,1855,True,10186432.0,10182678.0,19885,60,184786408;81268033;350277927;210167497;111211042,244373403;112954736;113833980;308281650;123172078
8873393989,1782758544,2439,False,10182851.0,10182524.0,19885,60,356875951;121916030;1699330914;251135365;205749939,921032897;377699384;362711800;1060568191;285947750
8873385811,1782758283,2824,False,10182715.0,10164510.0,19885,60,186411992;860792911;111532561;384723384;309636925,63564640;22010146;186360994;52197664;315016949
8873379777,1782757943,2279,False,9586367.0,10182482.0,19885,60,484767101;11244863;209485177;102464014;130923422,963252025;254617977;1185065451;197309434;290031756
8873363935,1782757357,4034,True,10182755.0,10182459.0,19885,60,1028012361;1004229172;154259887;346174811;129807919,135113005;120613892;171097887;179684293;104314302
8873363321,1782757249,1312,True,8532176.0,5095368.0,19885,60,92949094;196490133;107855479;115464954;27178898,417737942;108928414;1674203764;129692936;56672696
8873362808,1782757229,1357,True,10182693.0,10186456.0,19885,60,198981766;152168157;140297552;101356886;155370747,864821625;228916210;97899164;141579357;86841653
8873357441,1782757000,1875,True,10182492.0,10182713.0,19885,60,241519559;100483784;354160772;279460864;1052101649,923708928;399681795;379454309;851178649;165213126
8873353406,1782756885,1564,False,10182032.0,10182732.0,19885,60,403077309;1405213385;1457743976;321297394;212134985,309224793;322278701;31388939;106810939;86832913
8873350428,1782756709,1305,True,9855768.0,10182769.0,19885,60,134432641;163061132;123717676;93845249;163152486,383326621;183425418;349748493;371951084;364458855
8873346669,1782756554,624,False,2239113.0,10182748.0,19885,60,105015435;90525544;125686965;408802562;125631537,258410531;108997922;61374441;158497863;888117850
8873337558,1782756178,2618,False,10182706.0,10182833.0,19885,60,105965535;98885811;174727276;115793260;131777112,124603973;58513047;190826739;126212866;68007361
8873335099,1782756500,2551,False,10186464.0,10182519.0,19885,60,49570863;176019913;138880576;1081125817;164025762,64527692;258607808;123622845;107746371;1119556666
8873333691,1782756073,1638,False,10182501.0,10177742.0,19885,60,123343197;5844432;84592370;86999597;257988627,220621418;208181197;317725979;270293472;257698084
8873333547,1782756014,1432,True,10182496.0,10182793.0,19885,60,136031695;112426916;238509899;108810964;121885658,48660805;86885915;107757716;194049929;148213417
8873332154,1782755956,1674,True,10182639.0,10182654.0,19885,60,98172857;1674334778;374875067;332342615;35504297,162675753;95651573;846051882;838547248;232939147
8873325444,1782755684,1302,False,9055189.0,10182773.0,19885,60,99132107;151482973;128580956;970438316;98167706,92028391;94439767;124583384;86700461;109757023
8873317055,1782755394,1275,True,10186432.0,10182678.0,19885,60,184786408;81268033;111211042;210167497;350277927,308281650;112954736;244373403;113833980;123172078
8873309921,1782755056,1469,True,10182699.0,2500088.0,19885,60,199507479;25692964;150167287;21112562;150364957,83867257;242271306;155724305;83374447;86912289
8873309821,1782755083,1208,True,10182482.0,9586367.0,19885,60,254617977;963252025;1185065451;197309434;290031756,11244863;484767101;209485177;102464014;130923422
8873294642,1782754487,1305,False,10186456.0,10182693.0,19885,60,864821625;86841653;228916210;141579357;97899164,198981766;152168157;140297552;155370747;101356886
8873285118,1782754055,2181,True,10182524.0,10182851.0,19885,60,921032897;377699384;362711800;285947750;1060568191,251135365;1699330914;121916030;356875951;205749939
8873278115,1782753806,1247,False,10182769.0,9855768.0,19885,60,349748493;371951084;364458855;183425418;383326621,163061132;93845249;134432641;123717676;163152486
8873277793,1782753818,800,True,10182748.0,2239113.0,19885,60,108997922;258410531;61374441;158497863;888117850,105015435;408802562;125686965;90525544;125631537
8873262674,1782753562,1939,False,5095368.0,8532176.0,19885,60,1674203764;417737942;129692936;56672696;108928414,92949094;196490133;107855479;115464954;27178898
8873253736,1782752897,1434,True,10182755.0,10182732.0,19885,60,1028012361;1004229172;154259887;346174811;129807919,86832913;31388939;322278701;106810939;309224793
8873250407,1782752809,1459,False,10182706.0,10182833.0,19885,60,98885811;115793260;131777112;105965535;174727276,126212866;58513047;190826739;124603973;68007361
8873249525,1782752649,1636,True,10182496.0,10182793.0,19885,60,136031695;112426916;238509899;108810964;121885658,107757716;86885915;194049929;48660805;148213417
8873248383,1782752767,1574,True,10182639.0,10182654.0,19885,60,98172857;35504297;374875067;1674334778;332342615,162675753;95651573;846051882;838547248;232939147
8873246048,1782752765,2272,True,10182713.0,10182492.0,19885,60,923708928;379454309;851178649;399681795;165213126,241519559;100483784;354160772;279460864;1052101649
8873232736,1782752074,2098,False,9055189.0,10182773.0,19885,60,99132107;128580956;970438316;151482973;98167706,92028391;86700461;94439767;124583384;109757023
8873223705,1782751706,1672,True,10182699.0,2500088.0,19885,60,199507479;150167287;25692964;21112562;150364957,86912289;242271306;155724305;83867257;83374447
8873202792,1782750887,5232,True,10182715.0,10182460.0,19885,60,860792911;309636925;111532561;84422118;384723384,117655153;179182753;388547023;120894981;864916369
8873154946,1782749307,2499,False,10182458.0,9517326.0,19885,60,107265057;398660182;203710172;430596355;1844651545,864821625;86841653;97899164;141579357;228916210
8873143287,1782748822,1630,False,10182486.0,10182519.0,19885,60,92687904;89415289;379755783;188688583;114285547,64527692;258607808;40013910;107746371;1119556666
8873136109,1782748573,3541,False,10182482.0,10182678.0,19885,60,254617977;290031756;1185065451;963252025;197309434,308281650;112954736;113833980;244373403;123172078
8873134972,1782748536,2025,False,10182755.0,10182732.0,19885,60,1028012361;1004229172;154259887;346174811;129807919,86832913;31388939;322278701;106810939;309224793
8873111382,1782747743,2093,True,10182654.0,8207902.0,19885,60,162675753;232939147;846051882;95651573;838547248,105826779;106783671;101963914;208078283;370980160
8873090446,1782747052,2460,True,10182492.0,9855768.0,19885,60,1052101649;100483784;354160772;279460864;241519559,134432641;163152486;163061132;123717676;93845249
8873085721,1782746898,1372,True,9055189.0,2500088.0,19885,60,99132107;128580956;151482973;970438316;98167706,83867257;155724305;86912289;83374447;242271306
8873084933,1782746873,1783,True,10182713.0,10182769.0,19885,60,379454309;851178649;923708928;399681795;165213126,371951084;364458855;349748493;383326621;183425418
8873074159,1782746523,2028,True,5095368.0,8838495.0,19885,60,417737942;108928414;1674203764;56672696;129692936,143067868;367831537;147796322;492748110;97218286
8873067083,1782746298,1826,True,10186431.0,9586367.0,19885,60,81268033;210167497;111211042;350277927;184786408,209485177;11244863;130923422;484767101;102464014
8873061977,1782746135,1297,False,10182032.0,10182459.0,19885,60,403077309;1405213385;212134985;1457743976;321297394,171097887;120613892;179684293;135113005;104314302
8873060145,1782746079,1790,True,9517326.0,10182458.0,19885,60,864821625;86841653;228916210;141579357;97899164,398660182;203710172;430596355;107265057;1844651545
8873041404,1782745492,2518,False,10182860.0,10182706.0,19885,60,102750905;86793739;155880552;118452902;122571057,98885811;115793260;174727276;105965535;131777112
8873034096,1782745528,1249,True,10182519.0,10182486.0,19885,60,64527692;258607808;40013910;1119556666;107746371,89415289;379755783;92687904;188688583;114285547
8873031100,1782745833,2893,False,10182460.0,10182715.0,19885,60,179182753;117655153;388547023;864916369;120894981,860792911;111532561;384723384;84422118;309636925
8872983345,1782743725,2483,False,10182732.0,10182755.0,19885,60,31388939;86832913;322278701;106810939;309224793,1028012361;1004229172;154259887;346174811;129807919
8872968440,1782743216,1299,True,9055189.0,2500088.0,19885,60,128580956;151482973;99132107;970438316;98167706,83867257;83374447;155724305;242271306;86912289
8872959540,1782743070,1158,True,10182713.0,10182769.0,19885,60,851178649;379454309;923708928;399681795;165213126,371951084;349748493;364458855;383326621;183425418
8872953252,1782742867,2782,False,10182482.0,10182678.0,19885,60,254617977;963252025;1185065451;371546728;290031756,308281650;112954736;113833980;244373403;123172078
8872946542,1782742693,2515,False,8207902.0,10182654.0,19885,60,106783671;208078283;105826779;101963914;370980160,162675753;95651573;846051882;232939147;838547248
8872943566,1782742608,2246,False,8838495.0,5095368.0,19885,60,143067868;492748110;147796322;367831537;97218286,417737942;1674203764;129692936;108928414;56672696
8872943248,1782742559,1394,False,9586367.0,10186432.0,19885,60,484767101;11244863;209485177;130923422;102464014,111211042;350277927;81268033;210167497;184786408
8872934751,1782742327,1908,True,10182458.0,9517326.0,19885,60,107265057;398660182;203710172;430596355;1844651545,864821625;228916210;86841653;97899164;141579357
8872932159,1782742291,1626,False,10182032.0,10182459.0,19885,60,403077309;1405213385;1457743976;321297394;212134985,171097887;120613892;179684293;104314302;135113005
8872923482,1782742010,1385,False,10182860.0,10182706.0,19885,60,86793739;155880552;102750905;118452902;122571057,98885811;131777112;115793260;105965535;174727276
8872916646,1782742315,2636,False,9855768.0,10182492.0,19885,60,163061132;134432641;93845249;123717676;163152486,241519559;100483784;354160772;279460864;1052101649
8871520485,1782667298,3890,True,10136357.0,2576071.0,19892,60,111620041;152168157;138880576;101356886;210053851,140835095;194979527;860145568;217472313;1682179459
8871409188,1782663396,2371,True,2576071.0,10136357.0,19892,60,1682179459;194979527;860145568;217472313;140835095,111620041;152168157;101356886;210053851;138880576
8871239788,1782658094,3431,True,10136357.0,2576071.0,19892,60,152168157;111620041;138880576;101356886;210053851,1682179459;194979527;860145568;217472313;140835095
8871085894,1782653592,2473,True,10149530.0,9895392.0,19892,60,140251702;145065875;320017600;123787715;92487440,154715080;97658618;126212866;241884166;94155156
8870918906,1782648347,3946,True,10149530.0,9895392.0,19892,60,140251702;145065875;123787715;320017600;92487440,154715080;97658618;126212866;241884166;94155156
8870805066,1782644383,2567,True,9895392.0,10149530.0,19892,60,154715080;97658618;126212866;241884166;94155156,140251702;145065875;320017600;123787715;92487440
8869535334,1782579423,3396,False,55.0,2576071.0,19892,60,96183976;294135421;185059559;363739653;295697470,1682179459;194979527;860145568;217472313;140835095
8869425699,1782575634,2292,False,55.0,2576071.0,19892,60,96183976;294135421;185059559;363739653;295697470,1682179459;194979527;860145568;217472313;140835095
8869278302,1782571199,2872,False,2576071.0,55.0,19892,60,140835095;194979527;860145568;1682179459;217472313,96183976;294135421;185059559;363739653;295697470
8869138077,1782566905,2523,False,36.0,10149530.0,19892,60,130991304;957204049;835864135;919735867;185590374,140251702;145065875;123787715;320017600;92487440
8869032515,1782563399,2103,False,10149530.0,36.0,19892,60,140251702;320017600;123787715;145065875;92487440,919735867;957204049;185590374;835864135;130991304
8868891396,1782558004,3781,False,36.0,10149530.0,19892,60,130991304;957204049;185590374;835864135;919735867,140251702;145065875;320017600;123787715;92487440
8868289953,1782522531,1585,True,9964962.0,10170769.0,19890,60,206642367;154974246;160119017;90423751;191362875,86692726;361688848;99036634;396651757;151508316
8868259993,1782519811,1142,False,10170769.0,9964962.0,19890,60,86692726;361688848;99036634;151508316;396651757,206642367;154974246;160119017;191362875;90423751
8868198692,1782515485,2924,False,10170769.0,9964962.0,19890,60,86692726;361688848;396651757;151508316;99036634,206642367;154974246;90423751;191362875;160119017
8868075845,1782508204,2806,True,10170769.0,10170364.0,19890,60,86692726;151508316;99036634;396651757;361688848,86811043;92706637;1296625;94364925;192120253
8867981437,1782504223,1543,False,10170364.0,10170769.0,19890,60,86811043;92706637;1296625;94364925;192120253,86692726;396651757;99036634;361688848;151508316
8867798521,1782496758,2998,False,10164198.0,55.0,19892,60,164962869;48823667;392169957;333351042;50580004,96183976;294135421;185059559;363739653;295697470
8867656896,1782492950,2067,True,55.0,10164198.0,19892,60,96183976;294135421;185059559;363739653;295697470,164962869;392169957;48823667;333351042;50580004
8867373444,1782482172,4739,False,7299465.0,2576071.0,19892,60,164506534;116865891;331711578;417235485;184620877,140835095;194979527;217472313;860145568;1682179459
8867258849,1782478568,1984,True,2576071.0,7299465.0,19892,60,140835095;194979527;1682179459;860145568;217472313,164506534;116865891;331711578;417235485;184620877
8867153677,1782474130,2564,True,36.0,9338413.0,19892,60,835864135;185590374;957204049;130991304;919735867,116585378;190826739;127617979;9403474;108958769
8867047967,1782469212,3304,True,36.0,9338413.0,19892,60,957204049;185590374;130991304;835864135;919735867,116585378;190826739;127617979;9403474;108958769
8866967876,1782464923,2435,False,9255039.0,10149530.0,19892,60,125445069;383788462;175311897;122817493;123023873,140251702;145065875;123787715;320017600;92487440
8866899443,1782460899,2525,True,10149530.0,9255039.0,19892,60,140251702;145065875;123787715;320017600;92487440,125445069;383788462;175311897;122817493;123023873
8866595719,1782435829,1567,True,9964962.0,10170364.0,19890,60,206642367;191362875;160119017;90423751;154974246,86811043;92706637;1296625;94364925;192120253
8866565136,1782432703,1688,False,10170364.0,9964962.0,19890,60,86811043;92706637;1296625;94364925;192120253,206642367;154974246;160119017;191362875;90423751
8866547078,1782430845,881,False,9866136.0,10170769.0,19890,60,1009469018;363178741;133615285;197525587;206266593,361688848;99036634;151508316;396651757;86692726
8866367033,1782419894,3409,False,9866136.0,10170769.0,19890,60,206266593;1009469018;133615285;197525587;363178741,86692726;361688848;99036634;396651757;151508316
8866148821,1782408313,1709,True,9572001.0,9895392.0,19892,60,1044002267;195108598;106573901;164199202;73401082,154715080;97658618;126212866;241884166;94155156
8866059533,1782404232,2460,True,9572001.0,9895392.0,19892,60,1044002267;195108598;106573901;164199202;73401082,154715080;97658618;126212866;241884166;94155156
8865950637,1782399616,2963,False,9572001.0,9895392.0,19892,60,1044002267;195108598;106573901;164199202;73401082,154715080;97658618;126212866;241884166;94155156
8865839876,1782395000,2543,False,10136357.0,7119388.0,19892,60,111620041;152168157;101356886;138880576;210053851,321580662;847565596;106305042;218231587;302214028
8865744992,1782390955,2470,False,10136357.0,7119388.0,19892,60,111620041;152168157;210053851;101356886;138880576,321580662;847565596;106305042;218231587;302214028
8865634649,1782385247,3787,True,10136357.0,7119388.0,19892,60,111620041;152168157;138880576;101356886;210053851,321580662;847565596;106305042;218231587;302214028
8865235987,1782347203,1672,True,9964962.0,10170769.0,19890,60,206642367;154974246;160119017;90423751;191362875,86692726;361688848;99036634;396651757;151508316
8865201396,1782344101,1794,False,10170769.0,9964962.0,19890,60,86692726;99036634;151508316;361688848;396651757,206642367;154974246;90423751;160119017;191362875
8865148834,1782338462,2570,False,9866136.0,10170364.0,19890,60,206266593;1009469018;197525587;133615285;363178741,86811043;92706637;1296625;94364925;192120253
8865077196,1782333177,2761,False,9866136.0,10170364.0,19890,60,206266593;1009469018;133615285;197525587;363178741,86811043;92706637;1296625;94364925;192120253
8864910702,1782324518,2172,False,55.0,9572001.0,19892,60,96183976;294135421;185059559;363739653;295697470,1044002267;195108598;106573901;164199202;73401082
8864836417,1782320853,1637,True,9572001.0,55.0,19892,60,1044002267;195108598;106573901;164199202;73401082,96183976;294135421;185059559;363739653;295697470
8864725915,1782315673,3419,False,2576071.0,9895392.0,19892,60,1682179459;217472313;140835095;860145568;194979527,154715080;97658618;126212866;241884166;94155156
8864636407,1782312100,2032,False,2576071.0,9895392.0,19892,60,217472313;194979527;860145568;140835095;1682179459,154715080;97658618;126212866;241884166;94155156
8864540587,1782308432,2180,True,2576071.0,9895392.0,19892,60,1682179459;194979527;860145568;140835095;217472313,154715080;97658618;126212866;241884166;94155156
8864423988,1782303363,3118,False,10163973.0,10149530.0,19892,60,234119750;1153798101;1675517497;435139370;156485213,140251702;145065875;123787715;320017600;92487440
8864356939,1782299980,1909,True,10149530.0,10163973.0,19892,60,140251702;320017600;123787715;145065875;92487440,1153798101;234119750;1675517497;435139370;156485213
8864282619,1782295409,2971,True,10163973.0,10149530.0,19892,60,234119750;1153798101;1675517497;435139370;156485213,140251702;145065875;123787715;320017600;92487440
8864236962,1782291882,1721,True,9338413.0,10019843.0,19892,60,116585378;190826739;127617979;9403474;108958769,262476000;458287006;196400041;117514269;1172719712
8864184490,1782288333,2026,False,10019843.0,9338413.0,19892,60,262476000;458287006;196400041;117514269;1172719712,116585378;190826739;127617979;9403474;108958769
8863619325,1782238380,2289,True,10136357.0,36.0,19892,60,111620041;152168157;138880576;101356886;210053851,919735867;185590374;835864135;957204049;130991304
8863548385,1782234372,2290,True,10136357.0,36.0,19892,60,111620041;152168157;138880576;101356886;210053851,957204049;835864135;185590374;130991304;919735867
8863437217,1782229423,2770,True,7119388.0,9255039.0,19892,60,321580662;847565596;106305042;218231587;302214028,125445069;383788462;175311897;122817493;123023873
8863338901,1782225504,2224,False,9255039.0,7119388.0,19892,60,125445069;383788462;175311897;122817493;123023873,321580662;847565596;106305042;218231587;302214028
8863187227,1782218924,4299,False,9895247.0,7299465.0,19892,60,879017980;1202267677;115651292;230487729;203351055,164506534;116865891;331711578;417235485;184620877
8863110069,1782215075,2245,True,7299465.0,9895247.0,19892,60,164506534;116865891;331711578;417235485;184620877,879017980;1202267677;115651292;230487729;203351055
8863091025,1782214039,4111,True,2586976.0,10135834.0,19894,60,324277900;355168766;132309493;155494381;100594231,375507918;146711951;218367241;193815691;101259972
8863048425,1782211484,1995,True,9895247.0,7299465.0,19892,60,879017980;1202267677;115651292;230487729;203351055,164506534;116865891;331711578;417235485;184620877
8863006891,1782208621,3409,True,2586976.0,10135834.0,19894,60,324277900;355168766;132309493;155494381;100594231,375507918;146711951;218367241;193815691;101259972
8862980143,1782206656,2723,True,10164198.0,9872558.0,19892,60,164962869;392169957;333351042;48823667;50580004,256444993;383361785;399804216;285282252;847851833
8862950264,1782204312,2908,True,2586976.0,10135834.0,19894,60,324277900;155494381;132309493;100594231;355168766,375507918;146711951;218367241;193815691;101259972
8862933625,1782202754,2434,True,10164198.0,9872558.0,19892,60,164962869;392169957;48823667;333351042;50580004,256444993;383361785;399804216;847851833;285282252
8862890705,1782199149,3557,False,2586976.0,10135834.0,19894,60,324277900;155494381;132309493;100594231;355168766,375507918;146711951;218367241;193815691;101259972
8862817169,1782191792,2496,False,9828897.0,10135834.0,19894,60,140411011;181716137;156328257;155447692;118559150,375507918;146711951;218367241;193815691;101259972
8862775500,1782187204,2651,False,9828897.0,10135834.0,19894,60,140411011;181716137;156328257;155447692;118559150,375507918;146711951;218367241;193815691;101259972
8862424729,1782155237,2139,False,10163973.0,9572001.0,19892,60,234119750;1153798101;1675517497;156485213;435139370,1044002267;195108598;106573901;164199202;73401082
8862359075,1782151635,1841,False,10163973.0,9572001.0,19892,60,234119750;1153798101;1675517497;435139370;156485213,1044002267;195108598;106573901;164199202;73401082
8862268885,1782146907,2806,False,10149530.0,55.0,19892,60,320017600;140251702;92487440;145065875;123787715,96183976;294135421;185059559;363739653;295697470
8862170836,1782142293,3173,True,10149530.0,55.0,19892,60,140251702;145065875;320017600;123787715;92487440,96183976;294135421;185059559;363739653;295697470
8862132459,1782140588,2721,False,8254145.0,10135834.0,19894,60,100616105;173378701;337575662;399862798;330534326,375507918;146711951;218367241;193815691;101259972
8862046937,1782136963,3797,True,55.0,10149530.0,19892,60,96183976;294135421;185059559;363739653;295697470,140251702;145065875;123787715;320017600;92487440
8862032169,1782136282,2732,False,8254145.0,10135834.0,19894,60,100616105;173378701;337575662;399862798;330534326,375507918;146711951;218367241;193815691;101259972
8861948825,1782132637,2352,False,10019843.0,9895392.0,19892,60,196400041;1172719712;458287006;117514269;262476000,154715080;97658618;126212866;241884166;94155156
8861905178,1782130513,3016,False,9828897.0,2586976.0,19894,60,140411011;181716137;156328257;155447692;118559150,324277900;355168766;132309493;155494381;100594231
8861864250,1782128182,3174,False,10019843.0,9895392.0,19892,60,196400041;1172719712;458287006;117514269;262476000,154715080;97658618;126212866;241884166;94155156
8861804868,1782124632,4303,True,9828897.0,2586976.0,19894,60,140411011;181716137;156328257;155447692;118559150,324277900;100594231;132309493;155494381;355168766
8861788724,1782123754,2830,False,9895392.0,10019843.0,19892,60,154715080;97658618;126212866;241884166;94155156,196400041;1172719712;458287006;117514269;262476000
8861740474,1782120027,2937,False,9828897.0,2586976.0,19894,60,140411011;181716137;156328257;155447692;118559150,324277900;100594231;132309493;155494381;355168766
8861735465,1782119611,1918,False,9338413.0,2576071.0,19892,60,116585378;190826739;127617979;9403474;108958769,1682179459;194979527;860145568;140835095;217472313
8861689034,1782115744,2418,False,10081680.0,10135834.0,19894,60,392565237;202217968;147767183;152859296;343084576,375507918;146711951;218367241;193815691;101259972
8861682683,1782115263,2724,True,2576071.0,9338413.0,19892,60,194979527;140835095;860145568;217472313;1682179459,116585378;190826739;127617979;9403474;108958769
8861641474,1782111464,2594,False,10081680.0,10135834.0,19894,60,392565237;202217968;147767183;152859296;343084576,375507918;146711951;218367241;193815691;101259972
8861612414,1782108310,1629,True,10081680.0,10135834.0,19894,60,392565237;202217968;147767183;152859296;343084576,375507918;146711951;218367241;193815691;101259972
8861575178,1782103792,2539,False,10144695.0,8254145.0,19894,60,181267255;116837520;390015464;97822451;286985748,100616105;173378701;337575662;399862798;330534326
8861527029,1782098293,3777,True,10144695.0,8254145.0,19894,60,181267255;116837520;390015464;286985748;97822451,100616105;173378701;337575662;399862798;330534326
8861486265,1782093881,2891,True,8254145.0,10144695.0,19894,60,100616105;173378701;337575662;399862798;330534326,181267255;116837520;390015464;286985748;97822451
8860968885,1782058170,2179,False,7299465.0,36.0,19892,60,164506534;116865891;331711578;417235485;184620877,957204049;835864135;185590374;130991304;919735867
8860874416,1782054073,2560,False,7299465.0,36.0,19892,60,164506534;116865891;331711578;417235485;184620877,957204049;185590374;835864135;130991304;919735867
8860726856,1782048442,3463,False,9895247.0,10136357.0,19892,60,879017980;1202267677;115651292;230487729;203351055,111620041;152168157;138880576;101356886;210053851
8860634747,1782044710,1979,True,10136357.0,9895247.0,19892,60,111620041;152168157;138880576;101356886;210053851,879017980;1202267677;115651292;230487729;203351055
8860553961,1782040916,1909,False,10164198.0,9255039.0,19892,60,164962869;392169957;333351042;48823667;50580004,125445069;383788462;175311897;122817493;123023873
8860532107,1782039870,2937,True,2586976.0,10081680.0,19894,60,324277900;155494381;100594231;132309493;355168766,392565237;202217968;147767183;152859296;343084576
8860479471,1782037048,2296,False,10164198.0,9255039.0,19892,60,164962869;392169957;333351042;48823667;50580004,125445069;383788462;175311897;122817493;123023873
8860454696,1782035655,2556,False,10081680.0,2586976.0,19894,60,392565237;202217968;147767183;152859296;343084576,324277900;155494381;100594231;132309493;355168766
8860410652,1782033190,1863,True,7119388.0,9872558.0,19892,60,321580662;847565596;106305042;218231587;302214028,383361785;256444993;399804216;847851833;285282252
8860369977,1782030728,3008,True,9828897.0,8254145.0,19894,60,140411011;181716137;156328257;155447692;118559150,100616105;173378701;337575662;399862798;330534326
8860337807,1782028936,2577,True,7119388.0,9872558.0,19892,60,321580662;847565596;106305042;218231587;302214028,383361785;256444993;399804216;285282252;847851833
8860302120,1782026654,2587,False,8254145.0,9828897.0,19894,60,100616105;173378701;337575662;399862798;330534326,140411011;181716137;155447692;156328257;118559150
8860247815,1782022994,2197,False,9828897.0,8254145.0,19894,60,140411011;181716137;156328257;155447692;118559150,100616105;173378701;337575662;399862798;330534326
8860187335,1782018400,3005,False,7917893.0,10144695.0,19894,60,158425391;100598959;899495504;103045129;861414087,181267255;116837520;390015464;286985748;97822451
8860146255,1782014803,2190,True,10144695.0,7917893.0,19894,60,181267255;116837520;390015464;286985748;97822451,158425391;861414087;899495504;103045129;100598959
8860108789,1782011290,1481,True,10135834.0,9098294.0,19894,60,375507918;146711951;218367241;193815691;101259972,252551173;389033587;333700720;274078636;242835570
8860067580,1782007360,2216,False,9098294.0,10135834.0,19894,60,252551173;389033587;333700720;274078636;242835570,375507918;146711951;218367241;193815691;101259972
8859165411,1781956103,2152,False,7917893.0,2586976.0,19894,60,158425391;861414087;899495504;100598959;103045129,324277900;100594231;132309493;155494381;355168766
8858998340,1781945925,1859,True,9828897.0,10135834.0,19894,60,140411011;181716137;156328257;155447692;118559150,375507918;146711951;218367241;193815691;101259972
8858939215,1781942212,2105,True,9828897.0,10135834.0,19894,60,140411011;181716137;156328257;155447692;118559150,375507918;218367241;146711951;193815691;101259972
8858884246,1781938326,1842,True,10144695.0,10150434.0,19894,60,181267255;116837520;390015464;286985748;97822451,153727297;874735136;292829433;290354460;345803031
8858821622,1781933662,3327,True,10144695.0,10150434.0,19894,60,181267255;116837520;390015464;97822451;286985748,153727297;874735136;292829433;290354460;345803031
8858763196,1781927939,3538,True,9098294.0,9546449.0,19894,60,252551173;389033587;274078636;333700720;242835570,1125296112;145331311;360648679;162274034;110759067
8858726463,1781924290,2305,True,9098294.0,9546449.0,19894,60,242835570;252551173;333700720;389033587;274078636,1125296112;145331311;360648679;162274034;110759067
8858693286,1781920838,1967,True,9546449.0,9098294.0,19894,60,1125296112;145331311;360648679;162274034;110759067,252551173;389033587;274078636;333700720;242835570
8858503756,1781902332,3500,False,10020555.0,10150538.0,19891,60,363758022;157989498;352545711;1031547092;252737052,177203952;1026694469;292921272;105045291;81306398
8858445091,1781898981,1750,True,10150538.0,10020555.0,19891,60,177203952;1026694469;292921272;105045291;81306398,363758022;1031547092;252737052;352545711;157989498
8858368963,1781894824,2587,False,10020555.0,10150538.0,19891,60,363758022;352545711;252737052;157989498;1031547092,177203952;1026694469;292921272;105045291;81306398
8858252265,1781888837,1509,True,10020555.0,10108655.0,19891,60,363758022;352545711;252737052;157989498;1031547092,399920568;164685175;352623024;117089283;392385140
8858165744,1781884888,2470,False,10108655.0,10020555.0,19891,60,352623024;399920568;117089283;164685175;392385140,363758022;157989498;352545711;1031547092;252737052
8857839176,1781869921,2722,True,10081680.0,10150434.0,19894,60,392565237;202217968;147767183;152859296;343084576,153727297;874735136;292829433;290354460;345803031
8857773091,1781865938,2346,False,10150434.0,10081680.0,19894,60,153727297;874735136;292829433;290354460;345803031,392565237;202217968;147767183;152859296;343084576
8857713100,1781861645,2378,False,9098294.0,8254145.0,19894,60,252551173;274078636;389033587;333700720;242835570,100616105;173378701;337575662;399862798;330534326
8857663074,1781858171,2244,True,8254145.0,9098294.0,19894,60,100616105;173378701;337575662;399862798;330534326,252551173;389033587;274078636;333700720;242835570
8857588451,1781852735,3428,True,7917893.0,9546449.0,19894,60,158425391;100598959;861414087;103045129;899495504,1125296112;145331311;360648679;162274034;110759067
8857534603,1781847946,3555,True,7917893.0,9546449.0,19894,60,158425391;861414087;100598959;103045129;899495504,1125296112;145331311;360648679;162274034;110759067
8857522406,1781846926,2553,True,10108655.0,9691969.0,19891,60,352623024;399920568;164685175;117089283;392385140,87063175;100471531;131303632;968545762;81475303
8857503648,1781844990,1540,False,7917893.0,9546449.0,19894,60,100598959;861414087;899495504;103045129;158425391,1125296112;145331311;360648679;162274034;110759067
8857465914,1781841132,4009,True,10108655.0,9691969.0,19891,60,117089283;399920568;352623024;392385140;164685175,87063175;968545762;131303632;100471531;81475303
8857442251,1781838331,4341,False,10144695.0,10135834.0,19894,60,181267255;116837520;390015464;97822451;286985748,375507918;146711951;218367241;193815691;101259972
8857423188,1781836027,3275,False,10108655.0,9691969.0,19891,60,392385140;399920568;352623024;117089283;164685175,87063175;968545762;100471531;131303632;81475303
8857411776,1781834897,1742,False,10144695.0,10135834.0,19894,60,181267255;116837520;390015464;97822451;286985748,375507918;218367241;146711951;193815691;101259972
8857362150,1781828978,4679,False,10020555.0,10150538.0,19891,60,363758022;157989498;352545711;1031547092;252737052,177203952;1026694469;292921272;105045291;81306398
8857324614,1781824343,2957,True,10150538.0,10020555.0,19891,60,177203952;1026694469;292921272;105045291;81306398,363758022;352545711;157989498;1031547092;252737052
8857290092,1781820919,1877,True,10020555.0,10150538.0,19891,60,363758022;352545711;1031547092;157989498;252737052,177203952;1026694469;292921272;105045291;81306398
8857142180,1781811392,3303,False,9691969.0,9973656.0,19891,60,87063175;100471531;968545762;131303632;81475303,186837494;914221413;421515107;100758751;185202677
8857042103,1781806177,3102,False,9973656.0,9691969.0,19891,60,186837494;914221413;421515107;185202677;100758751,87063175;131303632;100471531;968545762;81475303
8856921723,1781800291,3588,True,10108655.0,9678463.0,19891,60,399920568;392385140;352623024;117089283;164685175,1171243748;324627809;99796146;248180032;173842160
8856836199,1781796736,1863,False,10108655.0,9678463.0,19891,60,164685175;399920568;352623024;117089283;392385140,1171243748;99796146;248180032;324627809;173842160
8856731522,1781792046,2933,False,9678463.0,10108655.0,19891,60,1171243748;99796146;324627809;248180032;173842160,164685175;399920568;352623024;392385140;117089283
8856501050,1781781307,5576,True,726228.0,9351740.0,19893,60,320252024;137129583;118134220;157475523;111114687,185908355;139822354;903184860;139876032;158847773
8856447323,1781777799,2065,False,9351740.0,726228.0,19893,60,185908355;139822354;903184860;139876032;158847773,137129583;320252024;118134220;157475523;111114687
8856401359,1781774100,2223,False,726228.0,9351740.0,19893,60,320252024;137129583;118134220;157475523;111114687,185908355;139822354;903184860;139876032;158847773
8856318986,1781767220,2626,True,5017210.0,9351740.0,19893,60,170896543;315272623;145957968;150961567;249835593,185908355;139822354;903184860;139876032;158847773
8856273501,1781762799,2951,False,9351740.0,5017210.0,19893,60,185908355;139822354;903184860;139876032;158847773,170896543;315272623;145957968;150961567;249835593
8856020729,1781733074,2073,False,9691969.0,10020555.0,19891,60,87063175;81475303;100471531;131303632;968545762,363758022;157989498;352545711;1031547092;252737052
8855968667,1781728904,2261,True,10020555.0,9691969.0,19891,60,363758022;157989498;1031547092;352545711;252737052,87063175;131303632;968545762;100471531;81475303
8855894440,1781724676,2246,False,10108655.0,10150538.0,19891,60,399920568;164685175;352623024;117089283;392385140,177203952;1026694469;292921272;105045291;81306398
8855814502,1781720250,2272,True,10150538.0,10108655.0,19891,60,177203952;1026694469;292921272;105045291;81306398,164685175;399920568;352623024;392385140;117089283
8855749193,1781716429,1664,False,10150267.0,9678463.0,19891,60,191290281;183057960;138177198;395770377;125995177,1171243748;324627809;99796146;248180032;173842160
8855667234,1781712442,2252,True,9678463.0,10150267.0,19891,60,1171243748;324627809;99796146;248180032;173842160,125995177;183057960;138177198;395770377;191290281
8855564822,1781708042,2287,True,9973656.0,10150568.0,19891,60,186837494;914221413;421515107;185202677;100758751,202464276;180775030;252520776;419948853;1012061568
8855486632,1781704871,1556,True,9973656.0,10150568.0,19891,60,186837494;914221413;421515107;100758751;185202677,202464276;180775030;252520776;419948853;1012061568
8855342929,1781698511,3894,True,726228.0,10007878.0,19893,60,320252024;137129583;118134220;157475523;111114687,148215639;137193239;139937922;207829314;76904792
8855242704,1781692501,4176,False,726228.0,10007878.0,19893,60,320252024;137129583;118134220;157475523;111114687,148215639;137193239;139937922;207829314;76904792
8855188139,1781688358,2419,True,726228.0,10007878.0,19893,60,320252024;137129583;118134220;157475523;111114687,148215639;137193239;139937922;207829314;76904792
8855109208,1781681547,2312,True,726228.0,9886289.0,19893,60,320252024;137129583;118134220;157475523;111114687,373667079;307291170;188953151;212011074;195072449
8855077855,1781678284,1740,True,726228.0,9886289.0,19893,60,320252024;137129583;118134220;157475523;111114687,373667079;307291170;188953151;212011074;195072449
8855025901,1781673040,3138,True,10007878.0,10008067.0,19893,60,148215639;137193239;139937922;207829314;76904792,138857296;168028715;138543123;391423488;113457795
8854990489,1781668813,2581,False,10008067.0,10007878.0,19893,60,138857296;168028715;138543123;391423488;113457795,148215639;137193239;139937922;207829314;76904792
8854850750,1781651568,1392,True,10020555.0,9678463.0,19891,60,157989498;352545711;363758022;1031547092;252737052,1171243748;99796146;248180032;324627809;173842160
8854803962,1781646135,2150,False,9678463.0,10020555.0,19891,60,1171243748;99796146;324627809;248180032;173842160,363758022;352545711;157989498;1031547092;252737052
8854746589,1781642174,1752,True,10150538.0,10150568.0,19891,60,177203952;1026694469;292921272;105045291;81306398,202464276;180775030;419948853;252520776;1012061568
8854675539,1781638351,2025,False,10150568.0,10150538.0,19891,60,202464276;1012061568;252520776;419948853;180775030,177203952;1026694469;292921272;105045291;81306398
8854572364,1781632554,2630,True,10150267.0,8971308.0,19891,60,125995177;183057960;138177198;395770377;191290281,283545554;88611330;138535219;349342480;358507879
8854568223,1781631887,4352,False,10150610.0,9948367.0,18866,60,163061132;1054564189;123717676;917164766;860264647,164047347;450454900;892486081;188351504;482364904
8854470816,1781628375,2352,True,10150267.0,8971308.0,19891,60,125995177;183057960;138177198;395770377;191290281,358507879;283545554;138535219;88611330;349342480
8854443395,1781626603,3587,True,9948367.0,10150610.0,18866,60,164047347;450454900;892486081;188351504;482364904,1054564189;163061132;917164766;860264647;123717676
8854333124,1781621561,3040,False,10163973.0,9948367.0,18866,60,234119750;1153798101;1675517497;435139370;156485213,164047347;26316691;892486081;188351504;482364904
8854301438,1781619692,2215,False,726228.0,9351740.0,19893,60,320252024;137129583;118134220;157475523;111114687,185908355;139822354;903184860;139876032;158847773
8854239799,1781617211,3311,True,9948367.0,10163973.0,18866,60,164047347;26316691;892486081;188351504;482364904,234119750;1153798101;1675517497;435139370;156485213
8854153066,1781613378,4594,True,9351740.0,726228.0,19893,60,185908355;139822354;903184860;158847773;139876032,320252024;137129583;118134220;157475523;111114687
8854136844,1781612655,2542,True,10163973.0,9948367.0,18866,60,156485213;234119750;1675517497;1153798101;435139370,164047347;26316691;892486081;188351504;482364904
8854031550,1781606986,2282,True,5017210.0,10007878.0,19893,60,170896543;315272623;145957968;150961567;249835593,148215639;137193239;139937922;207829314;76904792
8853982663,1781603458,2028,False,10007878.0,5017210.0,19893,60,148215639;137193239;139937922;207829314;76904792,170896543;315272623;145957968;150961567;249835593
8853931510,1781599321,2009,False,10157562.0,10008067.0,19893,60,241107899;199222238;139031324;128660724;191597529,138857296;168028715;138543123;391423488;113457795
8853900174,1781596490,1260,True,10008067.0,10157562.0,19893,60,138857296;168028715;138543123;391423488;113457795,241107899;199222238;139031324;128660724;191597529
8853851704,1781592010,2504,True,9886289.0,9885310.0,19893,60,373667079;307291170;188953151;212011074;195072449,1101855381;137895298;165178538;164530809;135607261
8853816549,1781588139,2224,False,9885310.0,9886289.0,19893,60,1101855381;137895298;165178538;164530809;135607261,373667079;307291170;188953151;195072449;212011074
8853766862,1781582434,3939,False,9886289.0,9885310.0,19893,60,373667079;307291170;212011074;188953151;195072449,1101855381;137895298;165178538;164530809;135607261
8853647647,1781567503,1785,False,10150267.0,9691969.0,19891,60,125995177;183057960;138177198;395770377;191290281,87063175;131303632;100471531;968545762;81475303
8853618398,1781563720,1895,False,10150267.0,9691969.0,19891,60,191290281;183057960;138177198;395770377;125995177,87063175;968545762;100471531;131303632;81475303
8853573979,1781559823,1709,False,9973656.0,10108655.0,19891,60,186837494;914221413;421515107;185202677;100758751,164685175;399920568;352623024;117089283;392385140
8853523142,1781555956,2058,True,10108655.0,9973656.0,19891,60,164685175;399920568;352623024;117089283;392385140,186837494;914221413;421515107;100758751;185202677
8853429174,1781550700,3032,True,9678463.0,9886092.0,19891,60,1171243748;99796146;324627809;248180032;173842160,1673586483;145372258;255339080;329589381;329076390
8853327980,1781545561,3612,False,9886092.0,9678463.0,19891,60,329076390;1673586483;255339080;329589381;145372258,1171243748;99796146;324627809;248180032;173842160
8853249492,1781541381,1806,True,10150568.0,8971308.0,19891,60,202464276;180775030;252520776;419948853;1012061568,283545554;349342480;138535219;88611330;358507879
8853244405,1781540661,2344,True,55.0,9948367.0,18866,60,96183976;294135421;185059559;363739653;295697470,164047347;450454900;892486081;188351504;482364904
8853175626,1781537829,1924,False,8971308.0,10150568.0,19891,60,283545554;349342480;138535219;88611330;358507879,202464276;180775030;419948853;252520776;1012061568
8853138000,1781535885,3194,False,9948367.0,55.0,18866,60,164047347;450454900;892486081;188351504;482364904,96183976;294135421;185059559;363739653;295697470
8853040245,1781532603,2763,True,8971308.0,10150568.0,19891,60,283545554;358507879;138535219;88611330;349342480,202464276;180775030;419948853;252520776;1012061568
8852989120,1781529766,2525,False,10001733.0,10164643.0,18866,60,1220993352;1041811781;166806255;326327879;221532774,402285018;196481318;1114792376;1159912962;169516760
8852967216,1781529060,2614,True,10144697.0,10101762.0,18865,60,353424606;156029808;349495318;136737280;112531417,881155636;176616331;401653350;322442240;86762037
8852891753,1781525426,2016,False,10101762.0,10144697.0,18865,60,401653350;176616331;881155636;322442240;86762037,112531417;353424606;349495318;156029808;136737280
8852889096,1781525594,1648,False,10157562.0,726228.0,19893,60,241107899;199222238;139031324;128660724;191597529,320252024;137129583;118134220;157475523;111114687
8852876854,1781524812,3473,False,10001733.0,10164643.0,18866,60,1220993352;326327879;166806255;1041811781;221532774,402285018;196481318;1159912962;1114792376;169516760
8852809218,1781521190,2681,True,726228.0,10157562.0,19893,60,320252024;137129583;118134220;157475523;111114687,241107899;199222238;139031324;128660724;191597529
8852787625,1781519925,3259,True,10101762.0,10144697.0,18865,60,401653350;881155636;176616331;322442240;86762037,353424606;349495318;136737280;156029808;112531417
8852757973,1781517323,1411,True,9351740.0,10008067.0,19893,60,185908355;139876032;903184860;139822354;108221389,138857296;138543123;113457795;391423488;168028715
8852732542,1781515179,2856,True,10157986.0,10144695.0,18865,60,199833749;160708663;318286721;318371533;1129118044,181267255;116837520;390015464;286985748;97822451
8852716636,1781514019,1520,True,9351740.0,10008067.0,19893,60,185908355;139822354;903184860;139876032;108221389,168028715;138857296;138543123;391423488;113457795
8852690357,1781511487,2150,True,10144695.0,10157986.0,18865,60,181267255;116837520;390015464;97822451;286985748,199833749;160708663;318286721;318371533;1129118044
8852665706,1781509537,1826,False,9886289.0,5017210.0,19893,60,373667079;307291170;188953151;195072449;212011074,170896543;315272623;145957968;150961567;249835593
8852624581,1781506031,3832,True,10157986.0,10144695.0,18865,60,199833749;160708663;318286721;318371533;1129118044,181267255;116837520;390015464;97822451;286985748
8852623851,1781505350,2655,False,9886289.0,5017210.0,19893,60,373667079;307291170;188953151;212011074;195072449,170896543;315272623;145957968;150961567;249835593
8852591167,1781501546,1838,False,9885310.0,10007878.0,19893,60,1101855381;137895298;165178538;164530809;135607261,148215639;137193239;139937922;207829314;76904792
8852588133,1781501097,2724,True,7917893.0,10157986.0,18865,60,100598959;861414087;899495504;103045129;158425391,199833749;160708663;318286721;318371533;1129118044
8852555586,1781497131,2263,True,7917893.0,10157986.0,18865,60,100598959;861414087;899495504;103045129;158425391,199833749;160708663;318286721;318371533;1129118044
8852543650,1781496220,3716,False,9885310.0,10007878.0,19893,60,1101855381;137895298;165178538;164530809;135607261,148215639;137193239;139937922;207829314;76904792
8852523221,1781493188,2105,False,7917893.0,10157986.0,18865,60,100598959;861414087;899495504;103045129;158425391,199833749;160708663;318286721;318371533;1129118044
8852055373,1781458434,1920,False,55.0,10163973.0,18866,60,96183976;294135421;185059559;363739653;295697470,1153798101;234119750;1675517497;435139370;156485213
8852044032,1781457244,1594,True,9627650.0,9538765.0,16251,60,165108864;1073249185;1080703611;491862849;99734170,1136917450;439722711;1356987201;873619049;1725123949
8851984783,1781454483,2012,True,10163973.0,55.0,18866,60,1153798101;234119750;1675517497;156485213;435139370,96183976;294135421;185059559;363739653;295697470
8851856668,1781449402,2712,False,10163973.0,55.0,18866,60,1153798101;234119750;1675517497;435139370;156485213,96183976;294135421;185059559;363739653;295697470
8851580511,1781439132,2518,True,10150610.0,10047709.0,18866,60,1054564189;123717676;860264647;917164766;163061132,283494184;193884241;116249155;170809075;1675898897
8851563242,1781438659,2440,False,10144695.0,10150434.0,18865,60,181267255;116837520;390015464;97822451;286985748,153727297;874735136;292829433;290354460;345803031
8851499335,1781435055,2047,False,10144695.0,10150434.0,18865,60,181267255;116837520;390015464;97822451;286985748,153727297;874735136;292829433;290354460;345803031
8851462430,1781433135,3958,True,10150610.0,10047709.0,18866,60,163061132;1054564189;123717676;917164766;860264647,1675898897;193884241;283494184;116249155;170809075
8851430971,1781432101,1464,False,10150434.0,10144695.0,18865,60,153727297;292829433;874735136;290354460;345803031,181267255;116837520;390015464;97822451;286985748
8851380382,1781428698,3214,True,10047709.0,10150610.0,18866,60,283494184;193884241;116249155;170809075;1675898897,163061132;1054564189;860264647;123717676;917164766
8851324525,1781426080,4212,True,10144695.0,9098294.0,18865,60,181267255;116837520;390015464;286985748;97822451,252551173;389033587;274078636;333700720;242835570
8851258391,1781421595,3044,False,10144695.0,9098294.0,18865,60,181267255;116837520;390015464;97822451;286985748,252551173;389033587;333700720;274078636;242835570
8851185713,1781417108,2026,True,10144695.0,9098294.0,18865,60,116837520;181267255;390015464;97822451;286985748,252551173;389033587;274078636;333700720;242835570
8850863139,1781386615,2862,True,10101793.0,10164643.0,18866,60,226786631;1152948930;207527352;135709988;1218097624,196481318;402285018;1114792376;1159912962;169516760
8850783855,1781381743,2800,True,10101793.0,10164643.0,18866,60,226786631;1152948930;207527352;1218097624;135709988,402285018;196481318;1114792376;169516760;1159912962
8850700011,1781378001,1978,False,10101793.0,10164643.0,18866,60,226786631;1152948930;207527352;135709988;1218097624,402285018;196481318;1114792376;1159912962;169516760
8850593633,1781372773,3335,True,10047709.0,55.0,18866,60,193884241;283494184;170809075;116249155;1675898897,96183976;294135421;295697470;363739653;185059559
8850534819,1781369704,1550,False,10047709.0,55.0,18866,60,193884241;283494184;170809075;1675898897;116249155,96183976;294135421;185059559;363739653;295697470
8846649222,1781112304,1522,True,9530716.0,10060977.0,18867,60,1906005443;297111049;221945821;1054708192;130433320,203989019;790671764;141287256;793630681;906511622
8846607973,1781110277,1428,True,9425656.0,9426115.0,18959,60,1622405666;1621497616;1621570409;397206052;1621422877,819244033;412910858;183270733;1090568489;176158708
8846577318,1781108738,2655,False,10060977.0,10144754.0,18867,60,203989019;906511622;141287256;790671764;793630681,221945821;1054708192;113923026;297111049;130433320
8846559515,1781107953,1658,False,9426115.0,9425656.0,18959,60,819244033;183270733;412910858;1090568489;176158708,1621422877;1621497616;1622405666;397206052;1621570409
8846497960,1781105305,2104,False,9425656.0,9426115.0,18959,60,1621497616;1622405666;1621570409;397206052;1621422877,412910858;1090568489;176158708;819244033;183270733
8846470956,1781104166,3316,False,10144754.0,10060977.0,18867,60,221945821;130433320;113923026;1054708192;1712916118,203989019;793630681;790671764;141287256;906511622
8846446372,1781103064,1451,False,9768243.0,9878494.0,18959,60,1879746018;1880007196;1880066287;1880979563;1880011613,1904129499;1903247233;1903997264;1902895053;1902237853
8846407327,1781101462,1264,True,9593609.0,9397016.0,18867,60,1029972951;1712916118;236214375;1868210186;1023487276,297111049;1634724608;1000681260;1674406181;157998413
8846381268,1781100664,1595,True,9878494.0,9768243.0,18959,60,1903997264;1904129499;1903247233;1902895053;1902237853,1880007196;1879746018;1880066287;1880011613;1880979563
8846318294,1781097959,1512,True,10145429.0,9814269.0,18959,60,1924555376;1925062076;1924874376;1925436567;1927064773,1902738528;1903043745;1902782463;1903287666;1902976475
8846302202,1781097429,2987,False,9397016.0,9593609.0,18867,60,297111049;1674406181;157998413;1634724608;1000681260,1023487276;1029972951;236214375;1712916118;1868210186
8846252680,1781095136,2337,True,9814269.0,10145429.0,18959,60,1902976475;1902782463;1903043745;1902738528;1903287666,1925062076;1924874376;1925436567;1924555376;1927064773
8846204406,1781092895,1787,True,10145429.0,9814269.0,18959,60,1925062076;1924555376;1925436567;1924874376;1927064773,1902976475;1902782463;1903043745;1903287666;1902738528
8846141051,1781089223,2048,True,9906210.0,8831040.0,18867,60,1634724608;819437701;1712916118;1868210186;297111049,1251984026;236214375;1029972951;1136465061;1811371866
8846121499,1781088110,1480,False,9426115.0,9768002.0,18959,60,183270733;412910858;819244033;1090568489;176158708,1750623235;1750510331;808766025;1750299292;1749799475
8846094817,1781086816,1469,False,8831040.0,9906210.0,18867,60,236214375;1136465061;1251984026;1811371866;1029972951,297111049;1712916118;819437701;1634724608;1868210186
8846078487,1781085204,2095,False,9768002.0,9426115.0,18959,60,1750299292;1750623235;1750510331;808766025;1749799475,176158708;412910858;183270733;1090568489;819244033
8846051335,1781083169,1742,False,9593609.0,9906210.0,18867,60,1029972951;878549965;1136465061;130433320;1712916118,1634724608;1868210186;1811371866;297111049;819437701
8846043140,1781082539,1860,False,9426115.0,9768002.0,18959,60,176158708;412910858;819244033;183270733;1090568489,1750299292;1749799475;1750623235;1750510331;808766025
8846008340,1781079698,2239,True,9906210.0,9593609.0,18867,60,297111049;1634724608;1811371866;819437701;1868210186,1029972951;130433320;878549965;1136465061;1712916118
8846007758,1781079685,1998,True,8629315.0,2443375.0,18959,60,202984325;162724090;1170923497;1232094007;992327405,1103355581;1045494300;181339278;80599925;301477244
8845972593,1781076719,1622,True,9593609.0,9906210.0,18867,60,130433320;1029972951;1136465061;878549965;1712916118,297111049;1634724608;1811371866;819437701;1868210186
8845964430,1781075969,1973,True,9767998.0,9878494.0,18959,60,1750577069;1750248703;1750435217;1749630639;1750916329,1904129499;1902895053;1903997264;1903247233;1902237853
8845963087,1781075851,2156,False,2443375.0,8629315.0,18959,60,1103355581;1045494300;301477244;181339278;80599925,202984325;1170923497;162724090;992327405;1232094007
8845938226,1781073486,1690,True,9878494.0,9767998.0,18959,60,1903997264;1903247233;1902895053;1904129499;1902237853,1750916329;1750248703;1750435217;1750577069;1749630639
8845932861,1781073017,1980,True,9814269.0,9425656.0,18959,60,1903043745;1902976475;1902782463;1903287666;1902738528,1622405666;1621422877;1621497616;397206052;1621570409
8845921886,1781071819,2520,False,8831040.0,9593609.0,18867,60,819437701;1251984026;1811371866;367217819;297111049,1136465061;1029972951;878549965;1868210186;1712916118
8845911944,1781070807,1663,True,9767998.0,9878494.0,18959,60,1750916329;1749630639;1750248703;1750577069;1750435217,1903997264;1903247233;1904129499;1902895053;1902237853
8845910241,1781070642,1684,False,9425656.0,9814269.0,18959,60,1622405666;1621422877;1621497616;397206052;1621570409,1903043745;1902976475;1902782463;1902738528;1903287666
8845891578,1781068586,2470,True,9593609.0,8831040.0,18867,60,1136465061;1029972951;878549965;1868210186;1712916118,297111049;367217819;1251984026;1811371866;819437701
8845885349,1781067887,2001,False,2443375.0,9426115.0,18959,60,181339278;1045494300;301477244;1103355581;80599925,183270733;412910858;176158708;1090568489;819244033
8845882184,1781067583,1908,True,9768243.0,10145429.0,18959,60,1880979563;1880011613;1879746018;1880066287;1880007196,1925436567;1924874376;1925062076;1927064773;1924555376
8845861620,1781065353,1701,True,9426115.0,2443375.0,18959,60,183270733;176158708;412910858;819244033;1090568489,181339278;1103355581;1045494300;301477244;80599925
8845857784,1781064886,1827,False,10145429.0,9768243.0,18959,60,1925436567;1924874376;1927064773;1925062076;1924555376,1880979563;1880066287;1879746018;1880011613;1880007196
8845794365,1781057832,1658,True,8850015.0,8970060.0,19201,60,222022666;234162677;1092522462;328999660;403346876,894758362;253075824;95501968;200669009;214494274
8845775823,1781055740,1522,False,8970060.0,8850015.0,19201,60,894758362;253075824;200669009;95501968;214494274,222022666;1092522462;328999660;403346876;234162677
8845753599,1781053181,1862,True,9025669.0,9005364.0,19201,60,169359670;315850275;338281289;844586465;307624442,357873937;179986197;1675393568;451153940;123406722
8845753183,1781052848,2493,False,,,19752,60,888477316;292803721;412272556;50871324;851268274,1289113611;352137522;226031143;336857964;402115064
8845734959,1781050748,1660,False,9005364.0,9025669.0,19201,60,357873937;451153940;179986197;1675393568;123406722,169359670;307624442;315850275;844586465;338281289
8845726388,1781049509,2409,True,10163747.0,,19752,60,226031143;852310758;50871324;352137522;851268274,385377236;336857964;412272556;1289113611;402115064
8845713497,1781048077,1855,True,9048057.0,8849850.0,19201,60,177062248;164322994;294245092;279486190;154357932,338946567;192275954;406522933;250144463;357479732
8845691360,1781045570,1832,True,8849850.0,9048057.0,19201,60,338946567;192275954;406522933;357479732;250144463,177062248;164322994;294245092;279486190;154357932
8845665498,1781043147,1692,True,9048057.0,8849850.0,19201,60,294245092;279486190;164322994;177062248;154357932,250144463;338946567;406522933;357479732;192275954
8845661057,1781042625,2446,True,,10163747.0,19752,60,888477316;50871324;292803721;192106448;1087358646,1289113611;412272556;852310758;385377236;160184815
8845626841,1781040005,2075,True,8957156.0,8850016.0,19201,60,126130434;36771694;1674673556;120231412;264869776,296080998;437135906;234382300;419736556;64188013
8845591703,1781037653,1637,False,8850016.0,8957156.0,19201,60,64188013;419736556;437135906;296080998;234382300,264869776;36771694;1674673556;126130434;120231412
8845578304,1781036750,2902,True,,,19752,60,352137522;852310758;888477316;160184815;851268274,192106448;385377236;292803721;1087358646;336857964
8845549918,1781035238,1762,False,8957156.0,8850016.0,19201,60,264869776;1674673556;120231412;36771694;126130434,64188013;437135906;419736556;296080998;234382300
8845539034,1781034583,2213,True,9397016.0,9828921.0,18867,60,297111049;1246531472;1906005443;236214375;1000681260,1054708192;339941742;130433320;205630113;113923026
8845489632,1781031997,2786,True,10163747.0,10170329.0,19752,60,412272556;851268274;352137522;1087358646;192106448,385377236;149993769;454424529;888477316;292803721
8845455831,1781030294,3048,False,9397016.0,9828921.0,18867,60,297111049;1246531472;236214375;1906005443;1000681260,1054708192;205630113;339941742;130433320;113923026
8845382430,1781027122,2128,False,9828921.0,9397016.0,18867,60,130433320;339941742;1054708192;205630113;113923026,297111049;1246531472;236214375;1906005443;1000681260
8845297529,1781022546,1148,False,10060977.0,9397016.0,18867,60,203989019;793630681;141287256;906511622;790671764,1906005443;297111049;236214375;157998413;1000681260
8845253455,1781020566,2299,True,9768002.0,9878494.0,18959,60,1750299292;1749799475;808766025;1750510331;1750623235,1903247233;1903997264;1904129499;1902895053;1902237853
8845208368,1781018635,2675,True,9397016.0,10060977.0,18867,60,297111049;236214375;157998413;1906005443;1000681260,203989019;790671764;141287256;793630681;906511622
8845202562,1781018358,1685,False,9878494.0,9768002.0,18959,60,1904129499;1903247233;1903997264;1902895053;1902237853,1750510331;1749799475;808766025;1750299292;1750623235
8845147648,1781016100,1603,False,8629315.0,10145429.0,18959,60,202984325;1232094007;992327405;1170923497;162724090,1924874376;1925062076;1924555376;1927064773;1925436567
8845138821,1781015709,1667,False,10060977.0,9530716.0,18867,60,203989019;790671764;141287256;906511622;793630681,297111049;339941742;1054708192;130433320;113923026
8845098345,1781014113,1353,False,10145429.0,8629315.0,18959,60,1924555376;1924874376;1925062076;1925436567;1927064773,992327405;1232094007;202984325;1170923497;162724090
8845033219,1781011461,1861,False,8629315.0,10145429.0,18959,60,992327405;1232094007;202984325;1170923497;162724090,1924555376;1927064773;1924874376;1925062076;1925436567
8845013544,1781010819,3161,True,9828921.0,10060977.0,18867,60,297111049;339941742;1054708192;130433320;113923026,203989019;141287256;790671764;793630681;906511622
8845004588,1781010189,1818,False,8831040.0,9593609.0,18867,60,1251984026;1246531472;1136465061;367217819;399588134,1029972951;236214375;878549965;1634724608;1712916118
8844975674,1781008903,1870,False,9767998.0,9426115.0,18959,60,1750248703;1750435217;1750916329;1750577069;1749630639,1090568489;819244033;412910858;176158708;183270733
8844932880,1781006859,1579,True,9426115.0,9767998.0,18959,60,176158708;819244033;412910858;1090568489;183270733,1750248703;1750577069;1750916329;1750435217;1749630639
8844928609,1781006600,1970,False,8831040.0,9593609.0,18867,60,113923026;1246531472;1251984026;1136465061;399588134,1029972951;878549965;236214375;1634724608;1712916118
8844864229,1781003086,2419,False,9593609.0,8831040.0,18867,60,236214375;1029972951;878549965;1634724608;1712916118,399588134;1251984026;1136465061;1246531472;113923026
8844855148,1781002546,1596,True,9768243.0,9768002.0,18959,60,1879746018;1880066287;1880979563;1880011613;1880007196,1750299292;1750510331;808766025;1750623235;1749799475
8844803873,1780999085,2254,False,9768002.0,9768243.0,18959,60,1750623235;1750299292;1750510331;808766025;1749799475,1880066287;1880979563;1880011613;1879746018;1880007196
8844802545,1780998915,2937,True,9482420.0,9593609.0,18867,60,367217819;1251984026;1136465061;1591533176;113923026,236214375;1029972951;878549965;1712916118;1634724608
8844771611,1780996655,1484,False,9878494.0,9426115.0,18959,60,1902895053;1904129499;1903247233;1902237853;1903997264,819244033;176158708;1090568489;412910858;183270733
8844764695,1780996092,2308,True,9482420.0,9593609.0,18867,60,1251984026;1136465061;1591533176;367217819;113923026,1029972951;236214375;157998413;878549965;1712916118
8844738309,1780994055,1840,True,9426115.0,9878494.0,18959,60,1090568489;176158708;412910858;819244033;183270733,1903997264;1904129499;1903247233;1902895053;1902237853
8844698415,1780990779,2494,True,9878494.0,9426115.0,18959,60,1903997264;1904129499;1902895053;1903247233;1902237853,1090568489;819244033;412910858;183270733;176158708
8844694109,1780990707,2547,True,9593609.0,9834545.0,18867,60,130433320;878549965;1029972951;236214375;1712916118,367217819;1591533176;1136465061;1251984026;113923026
8844672236,1780988400,1658,False,9814269.0,9768243.0,18959,60,1903043745;1902782463;1902976475;1903287666;1902738528,1879746018;1880066287;1880011613;1880007196;1880979563
8844666149,1780987811,1964,True,2443375.0,10145429.0,18959,60,1103355581;80599925;181339278;1045494300;301477244,1924874376;1925062076;1927064773;1925436567;1924555376
8844645858,1780985733,1753,True,9768243.0,9814269.0,18959,60,1880007196;1880066287;1879746018;1880011613;1880979563,1902738528;1903043745;1903287666;1902782463;1902976475
8844635688,1780984674,2378,False,10145429.0,2443375.0,18959,60,1924874376;1925062076;1925436567;1927064773;1924555376,1103355581;1045494300;80599925;181339278;301477244
8844625701,1780983566,1641,False,9461271.0,9564888.0,18867,60,1054708192;367217819;819437701;1591533176;113923026,203989019;1029972951;1712916118;1811371866;906511622
8844621970,1780983193,1717,False,9767998.0,9768002.0,18959,60,1749630639;1750248703;1750916329;1750577069;1750435217,1749799475;1750510331;808766025;1750299292;1750623235
8844609584,1780981874,1385,True,9425656.0,8629315.0,18959,60,397206052;1621570409;1621497616;1622405666;1621422877,1170923497;1232094007;202984325;162724090;992327405
8844603596,1780981210,1209,True,9564888.0,9461271.0,18867,60,203989019;1712916118;906511622;1811371866;1029972951,1054708192;113923026;1591533176;367217819;819437701
8844599139,1780980708,1717,False,9768002.0,9767998.0,18959,60,808766025;1750510331;1750299292;1750623235;1749799475,1750435217;1750577069;1749630639;1750916329;1750248703
8844585813,1780979249,2022,False,8629315.0,9425656.0,18959,60,1170923497;202984325;1232094007;162724090;992327405,397206052;1621422877;1622405666;1621497616;1621570409
8844574370,1780978076,1782,False,9767998.0,9768002.0,18959,60,1750435217;1749630639;1750916329;1750577069;1750248703,808766025;1749799475;1750299292;1750623235;1750510331
8844570909,1780977573,1976,False,9593609.0,9461271.0,18867,60,1054708192;1029972951;1811371866;1712916118;906511622,203989019;1591533176;113923026;367217819;819437701
8844544356,1780974572,2068,True,9461271.0,9593609.0,18867,60,367217819;1591533176;113923026;819437701;203989019,906511622;1054708192;1811371866;1712916118;1029972951
8844541331,1780974172,1638,True,10081473.0,7155747.0,19467,60,199482043;1043196923;96018998;206530993;905945974,87194927;286500962;125910636;116570125;178920973
8844515613,1780971183,1692,True,10081473.0,7155747.0,19467,60,96018998;1043196923;199482043;206530993;905945974,121204579;87194927;286500962;178920973;125910636
8844495317,1780968741,1852,False,8850015.0,9048057.0,19201,60,222022666;1092522462;403346876;328999660;234162677,164322994;154357932;279486190;177062248;294245092
8844477968,1780966632,1533,False,9048057.0,8850015.0,19201,60,177062248;279486190;164322994;154357932;294245092,1092522462;403346876;222022666;234162677;328999660
8844460509,1780964440,1602,False,8850015.0,9048057.0,19201,60,1092522462;222022666;328999660;403346876;234162677,177062248;154357932;164322994;279486190;294245092
8844439390,1780961749,1991,True,8957156.0,8849850.0,19201,60,120231412;1674673556;264869776;126130434;36771694,338946567;406522933;357479732;250144463;192275954
8844417335,1780959510,1741,False,8849850.0,8957156.0,19201,60,338946567;406522933;250144463;192275954;357479732,120231412;264869776;1674673556;126130434;36771694
8844391287,1780956751,1951,False,9025669.0,8970060.0,19201,60,844586465;338281289;307624442;315850275;169359670,253075824;214494274;200669009;894758362;95501968
8844374837,1780955227,2582,True,10144212.0,10163747.0,19752,60,851268274;336857964;376011123;194678107;1087358646,359774558;50871324;412767993;352137522;852310758
8844360254,1780954144,1951,True,8970060.0,9025669.0,19201,60,253075824;214494274;894758362;95501968;200669009,844586465;338281289;307624442;315850275;169359670
8844325113,1780951612,1730,True,,,19752,60,851268274;412767993;493147987;194678107;888477316,1087358646;336857964;149993769;852310758;359774558
8844322373,1780951460,1915,True,9005364.0,8850016.0,19201,60,123406722;179986197;357873937;1675393568;451153940,64188013;437135906;419736556;234382300;296080998
8844308689,1780950971,1765,True,9600141.0,9872558.0,18866,60,349310876;72393079;374875067;115464954;155162307,383361785;256444993;399804216;285282252;847851833
8844281257,1780949032,1884,False,8850016.0,9005364.0,19201,60,64188013;234382300;419736556;437135906;296080998,123406722;179986197;1675393568;451153940;357873937
8844244719,1780947009,2345,True,9600141.0,9872558.0,18866,60,349310876;72393079;374875067;115464954;155162307,383361785;256444993;399804216;285282252;847851833
8844132483,1780942074,2562,False,9600141.0,9872558.0,18866,60,349310876;72393079;374875067;115464954;155162307,256444993;383361785;399804216;847851833;285282252
8844088425,1780939189,2028,True,9691942.0,9530716.0,18867,60,1029972951;1634724608;878549965;1023487276;906511622,297111049;1246531472;1054708192;205630113;130433320
8844054970,1780937555,2490,True,9600141.0,10164643.0,18866,60,349310876;72393079;155162307;115464954;374875067,196481318;402285018;1114792376;1159912962;169516760
8844029922,1780936412,1943,True,2443375.0,9767998.0,18959,60,1045494300;80599925;1103355581;181339278;301477244,1750577069;1750916329;1750435217;1750248703;1749630639
8844016446,1780935746,2190,True,9530716.0,9691942.0,18867,60,297111049;1246531472;1054708192;205630113;130433320,1029972951;906511622;878549965;1634724608;1023487276
8843980398,1780934147,1625,True,9767998.0,2443375.0,18959,60,1750577069;1750916329;1750248703;1750435217;1749630639,1045494300;301477244;181339278;80599925;1103355581
8843929877,1780931958,2331,True,9593609.0,9530716.0,18867,60,1712916118;1634724608;1029972951;878549965;1023487276,1246531472;297111049;1054708192;205630113;130433320
8843923108,1780931706,1646,True,2443375.0,9767998.0,18959,60,1103355581;1045494300;80599925;181339278;301477244,1750916329;1749630639;1750577069;1750248703;1750435217
8843915671,1780931371,4205,False,10164643.0,9600141.0,18866,60,402285018;196481318;1159912962;1114792376;169516760,349310876;72393079;374875067;115464954;155162307
8843861335,1780929292,1619,False,9878494.0,10145429.0,18959,60,1904129499;1903247233;1902895053;1903997264;1902237853,1924874376;1924555376;1925436567;1925062076;1927064773
8843806176,1780927047,1909,True,9593609.0,9397016.0,18867,60,878549965;1634724608;1029972951;1712916118;1023487276,367217819;157998413;1000681260;297111049;1868210186
8843803396,1780926984,1629,True,10145429.0,9878494.0,18959,60,1924555376;1924874376;1925062076;1925436567;1927064773,1902237853;1903247233;1904129499;1903997264;1902895053
8843760302,1780925234,1475,False,10101793.0,9872558.0,18866,60,226786631;1152948930;207527352;1218097624;135709988,256444993;383361785;399804216;285282252;847851833
8843746483,1780924694,1621,True,9878494.0,10145429.0,18959,60,1903997264;1903247233;1904129499;1902895053;1902237853,1924555376;1924874376;1925436567;1925062076;1927064773
8843726231,1780923849,2626,False,10151159.0,10144936.0,19682,60,136171371;284294586;211195306;199666669;138485745,129925807;307301919;141608052;146978019;213657038
8843715589,1780923844,1669,False,9397016.0,9593609.0,18867,60,297111049;1673937054;157998413;1868210186;1000681260,1634724608;1029972951;878549965;1023487276;1712916118
8843693228,1780922436,1606,False,9814269.0,8629315.0,18959,60,1902976475;1902782463;1903043745;1903287666;1902738528,992327405;202984325;1232094007;1170923497;162724090
8843653467,1780920725,1804,False,8831040.0,9397016.0,18867,60,399588134;1054708192;1251984026;1712916118;1811371866,297111049;157998413;1906005443;1868210186;1000681260
8843643476,1780920194,2184,True,10144936.0,10151159.0,19682,60,129925807;213657038;141608052;146978019;307301919,143695446;211195306;157433878;199666669;138485745
8843638733,1780920251,1793,True,8629315.0,9814269.0,18959,60,162724090;1170923497;992327405;202984325;1232094007,1902976475;1902782463;1903287666;1903043745;1902738528
8843636057,1780920268,3254,False,10101793.0,9872558.0,18866,60,226786631;1152948930;207527352;135709988;1218097624,383361785;399804216;256444993;285282252;847851833
8843587707,1780917278,2465,True,8831040.0,9397016.0,18867,60,1054708192;1712916118;1251984026;1811371866;399588134,297111049;157998413;1906005443;1000681260;1868210186
8843567306,1780916513,2330,False,10157986.0,9098294.0,18865,60,199833749;160708663;422748003;318371533;1129118044,252551173;389033587;333700720;274078636;242835570
8843562299,1780915835,2000,False,9767998.0,9768002.0,18959,60,1750248703;1749630639;1750577069;1750916329;1750435217,1749799475;1750299292;1750510331;808766025;1750623235
8843560379,1780916262,2172,True,10163973.0,10170167.0,18866,60,234119750;1153798101;1675517497;435139370;156485213,171097887;116881520;838547248;104334048;106755427
8843528442,1780913795,2404,True,9397016.0,8831040.0,18867,60,1000681260;1906005443;1868210186;157998413;297111049,1811371866;1054708192;1251984026;399588134;1712916118
8843520635,1780913191,1868,True,9768002.0,9767998.0,18959,60,1750510331;1749799475;1750299292;808766025;1750623235,1750248703;1750916329;1750577069;1749630639;1750435217
8843517459,1780912931,1687,False,10157986.0,9098294.0,18865,60,199833749;160708663;422748003;318371533;1129118044,252551173;389033587;274078636;333700720;242835570
8843512570,1780912589,2141,True,10163973.0,10170167.0,18866,60,1153798101;234119750;1675517497;435139370;156485213,171097887;116881520;106755427;104334048;838547248
8843478384,1780910151,2047,False,9426115.0,9425656.0,18959,60,183270733;819244033;412910858;1090568489;176158708,1622405666;1621497616;397206052;1621570409;1621422877
8843465364,1780909317,1706,True,10170167.0,10163973.0,18866,60,171097887;116881520;838547248;104334048;106755427,156485213;1153798101;1675517497;234119750;435139370
8843460289,1780909065,2613,True,10157986.0,9098294.0,18865,60,199833749;160708663;422748003;318371533;1129118044,252551173;389033587;333700720;274078636;242835570
8843446278,1780907710,1773,True,9425656.0,9426115.0,18959,60,1622405666;1621497616;1621570409;397206052;1621422877,183270733;819244033;1090568489;412910858;176158708
8843410204,1780904807,2158,True,9426115.0,9425656.0,18959,60,176158708;412910858;183270733;819244033;1090568489,1621497616;1622405666;397206052;1621570409;1621422877
8843385322,1780902643,2470,False,9878494.0,9814269.0,18959,60,1903997264;1904129499;1903247233;1902895053;1902237853,1903043745;1903287666;1902782463;1902738528;1902976475
8843379010,1780901932,1721,False,2443375.0,9768243.0,18959,60,1103355581;181339278;1045494300;80599925;301477244,1880007196;1880066287;1879746018;1880011613;1880979563
8843359039,1780899955,1746,False,9814269.0,9878494.0,18959,60,1902738528;1903043745;1902782463;1903287666;1902976475,1904129499;1903997264;1903247233;1902895053;1902237853
8843354296,1780899489,1756,True,9768243.0,2443375.0,18959,60,1879746018;1880066287;1880011613;1880979563;1880007196,1103355581;181339278;1045494300;80599925;301477244
8843334845,1780897434,1808,False,9878494.0,9814269.0,18959,60,1903997264;1903247233;1902895053;1904129499;1902237853,1903287666;1902976475;1903043745;1902782463;1902738528
8843327615,1780896615,1938,False,8629315.0,9768002.0,18959,60,202984325;1232094007;162724090;1170923497;992327405,1750510331;1749799475;1750299292;1750623235;808766025
8843309121,1780894555,2030,False,10145429.0,9767998.0,18959,60,1925436567;1924874376;1927064773;1925062076;1924555376,1750916329;1750248703;1750577069;1749630639;1750435217
8843305192,1780894117,1824,True,9768002.0,8629315.0,18959,60,808766025;1750623235;1750299292;1750510331;1749799475,1170923497;202984325;162724090;1232094007;992327405
8843288026,1780892198,2468,False,10157986.0,10150434.0,18865,60,199833749;160708663;422748003;318371533;1129118044,153727297;874735136;292829433;290354460;148869204
8843284843,1780891886,1796,True,9767998.0,10145429.0,18959,60,1750435217;1750248703;1750577069;1750916329;1749630639,1925436567;1924874376;1925062076;1927064773;1924555376
8843282089,1780891577,1968,True,8629315.0,9768002.0,18959,60,162724090;1232094007;202984325;1170923497;992327405,808766025;1750510331;1750299292;1750623235;1749799475
8843246935,1780887909,2763,True,10150434.0,10157986.0,18865,60,153727297;874735136;292829433;290354460;148869204,199833749;160708663;422748003;318371533;1129118044
8843195832,1780881958,1748,False,8850016.0,9025669.0,19201,60,437135906;234382300;296080998;64188013;419736556,307624442;338281289;315850275;169359670;844586465
8843174025,1780879467,1956,True,9025669.0,8850016.0,19201,60,169359670;315850275;307624442;844586465;338281289,234382300;437135906;419736556;296080998;64188013
8843154446,1780877131,1643,True,8849850.0,9005364.0,19201,60,192275954;406522933;338946567;357479732;250144463,357873937;1675393568;179986197;451153940;123406722
8843141615,1780875669,3071,False,,,19752,60,1096757201;412272556;50871324;385377236;888477316,851268274;1087358646;454424529;863982216;1289113611
8843131397,1780874637,1937,False,9005364.0,8849850.0,19201,60,179986197;1675393568;357873937;123406722;451153940,338946567;406522933;357479732;250144463;192275954
8843120454,1780873630,2629,True,2647338.0,2114225.0,19467,60,150858460;96536282;194057091;97683917;208384137,201474668;113750729;118124657;94507743;390587117
8843104532,1780872150,1754,False,8850015.0,8957156.0,19201,60,328999660;1092522462;403346876;222022666;234162677,120231412;1674673556;126130434;264869776;36771694
8843094091,1780871154,2927,False,,,19752,60,412272556;851268274;852310758;1087358646;863982216,486136064;454424529;385377236;888477316;380397005
8843084052,1780870428,1308,True,9988580.0,10034132.0,19467,60,101779337;143659264;249986681;125989153;866438572,178065043;197449189;144688403;207842449;138501313
8843075828,1780869747,2348,True,2647338.0,2114225.0,19467,60,150858460;208384137;194057091;97683917;96536282,201474668;113750729;94507743;118124657;390587117
8843074168,1780869812,1788,True,8957156.0,8850015.0,19201,60,126130434;264869776;1674673556;120231412;36771694,234162677;328999660;403346876;222022666;1092522462
8843036194,1780866937,1878,False,9048057.0,8970060.0,19201,60,294245092;164322994;154357932;279486190;177062248,253075824;95501968;214494274;200669009;894758362
8842997147,1780864577,1909,True,8970060.0,9048057.0,19201,60,214494274;95501968;894758362;200669009;253075824,154357932;164322994;279486190;177062248;294245092
8842990240,1780864134,2217,True,9492680.0,10144212.0,19752,60,278926146;1289113611;852310758;863982216;412272556,851268274;301985954;50871324;1202359825;380397005
8842965487,1780863229,2149,False,10164643.0,9872558.0,18866,60,402285018;196481318;1114792376;1159912962;169516760,383361785;399804216;285282252;256444993;847851833
8842959828,1780862526,1543,True,9048057.0,8970060.0,19201,60,154357932;164322994;177062248;279486190;294245092,214494274;894758362;95501968;200669009;253075824
8842924338,1780860778,1953,True,9627650.0,9433599.0,16251,60,1026120293;1356987201;165108864;1850145418;873619049,1423068316;1507599660;1160580931;1725123949;1131659259
8842905182,1780859749,1997,False,10164643.0,9872558.0,18866,60,402285018;196481318;1114792376;169516760;1159912962,383361785;399804216;256444993;285282252;847851833
8842902720,1780859627,2793,True,10163747.0,10144212.0,19752,60,888477316;149993769;852310758;412272556;292803721,278926146;851268274;1289113611;380397005;863982216
8842898664,1780859431,2675,False,9828921.0,10164106.0,18867,60,1000681260;339941742;130433320;205630113;113923026,1739519173;1634724608;307331749;157998413;1906005443
8842845018,1780857145,1888,True,9823272.0,10150538.0,19101,60,171262902;312436974;56351509;93817671;103735745,177203952;1026694469;292921272;105045291;81306398
8842827817,1780856017,2185,False,10169971.0,10163435.0,19176,60,15420765;1038002385;290584270;102589561;358191745,775152267;121642169;142288389;283364112;1674980028
8842826348,1780855985,1687,True,10164106.0,9828921.0,18867,60,1634724608;307331749;157998413;1906005443;1739519173,113923026;1054708192;339941742;205630113;130433320
8842807923,1780855404,2643,True,10164643.0,9872558.0,18866,60,196481318;402285018;1159912962;1114792376;169516760,256444993;383361785;399804216;285282252;847851833
8842749896,1780852365,1538,False,9828921.0,9397016.0,18867,60,1054708192;130433320;339941742;205630113;113923026,297111049;1906005443;236214375;157998413;1000681260
8842722527,1780851079,3129,False,9823272.0,10150538.0,19101,60,171262902;312436974;56351509;93817671;103735745,177203952;1026694469;292921272;105045291;81306398
8842698483,1780850016,2543,True,10163435.0,,19176,60,775152267;283364112;142288389;121642169;1674980028,398562583;1083394721;1252642715;253709003;172281231
8842688380,1780849571,4205,True,10169971.0,9148992.0,19176,60,15420765;1038002385;290584270;102589561;358191745,190757470;134385892;106600167;252243192;99870888
8842659684,1780848346,3037,False,9828921.0,9397016.0,18867,60,130433320;1054708192;339941742;205630113;113923026,297111049;1906005443;236214375;157998413;1000681260
8842596730,1780846198,2532,False,10150538.0,9823272.0,19101,60,177203952;1026694469;292921272;105045291;81306398,171262902;312436974;56351509;93817671;103735745
8842580299,1780845133,2295,False,9397016.0,9828921.0,18867,60,297111049;236214375;1906005443;157998413;1000681260,130433320;1054708192;339941742;205630113;113923026
8842574375,1780844899,660,True,10169971.0,,19176,60,15420765;1038002385;290584270;358191745;102589561,1472838123;815508518;1872430389;780740251;1540002622
8842570779,1780844759,2597,True,10163435.0,10032769.0,19176,60,283364112;775152267;142288389;1674980028;121642169,1243032159;1103507834;1483029090;1508427946;1591513378
8842559153,1780844315,2990,True,9148992.0,10158044.0,19176,60,106600167;252243192;134385892;99870888;190757470,173486118;351778027;312492218;243828343;1104438958
8842468101,1780840990,2884,True,9823272.0,10150538.0,19101,60,171262902;312436974;56351509;93817671;103735745,177203952;1026694469;292921272;105045291;81306398
8842439464,1780839977,2130,False,10150291.0,,19176,60,790047548;1112093157;1717277484;1169505186;1117454350,398562583;483586028;1252642715;253709003;172281231
8842439090,1780839965,1959,True,10032769.0,9467264.0,19176,60,1591513378;1103507834;1508427946;1268602323;1243032159,1275212767;1054761946;1806971917;989048209;397383976
8842438058,1780839927,2270,False,8815927.0,9148992.0,19176,60,105173594;163870588;195053306;114063573;378374550,252243192;134385892;99870888;106600167;190757470
8842432544,1780839731,1764,True,10163435.0,10137019.0,19176,60,121642169;283364112;142288389;1674980028;775152267,1673920705;1674483804;1849611841;1252756506;1472820259
8842427685,1780839558,1126,True,10169971.0,,19176,60,15420765;1038002385;358191745;290584270;102589561,1623317479;1839800704;795040972;735586160;444665561
8842425530,1780839479,3026,False,10108233.0,10158044.0,19176,60,1583300284;1217061603;1176145421;1465212046;1676215765,173486118;351778027;243828343;1104438958;312492218
8842386728,1780838115,4272,False,9366802.0,10144936.0,19682,60,138769308;518198;136963181;332892097;1087548014,129925807;213657038;146978019;141608052;307301919
8842319756,1780835453,2147,False,10143469.0,10169967.0,16251,60,449420398;1187858460;900905070;320429934;113575852,131188866;92465827;73950621;192484910;300884390
8842309582,1780835012,2754,True,,10157723.0,19176,60,815508518;1472838123;1600027044;1540002622;1872430389,1689930174;1166853469;1229520384;1215595522;1720463208
8842301295,1780834663,1661,True,10169971.0,10138069.0,19176,60,15420765;358191745;290584270;1038002385;102589561,1469263796;1506026664;1855416807;798621212;772354935
8842291771,1780834269,1181,False,9829263.0,,19176,60,1679311444;1056223334;1524154710;1132282330;134127887,398562583;1252642715;483586028;1083394721;172281231
8842288903,1780834148,1887,False,,9148992.0,19176,60,922565726;1783869957;463177856;1455085754;1286165297,252243192;134385892;106600167;99870888;190757470
8842287627,1780834093,1309,False,10143705.0,10158044.0,19176,60,1130044610;1092723129;1041694424;1298357545;346902477,173486118;351778027;243828343;1104438958;312492218
8842284527,1780833962,1946,True,,,19176,60,1252756506;1849611841;1673920705;1674483804;1472820259,1478082571;1113816831;1229861381;1016480148;1211700487
8842284077,1780833943,1745,True,8815927.0,9989379.0,19176,60,195053306;163870588;114063573;105173594;378374550,824726461;1066299944;1457710451;1579743095;1427628119
8842283685,1780833926,4077,True,,,19176,60,1088236356;1338078799;1373644823;797588334;1012267155,1011788948;1059448007;910650066;475904170;1255463100
8842283225,1780833908,1586,True,9467264.0,9554829.0,19176,60,1275212767;1806971917;1004659077;989048209;1054761946,1065896897;895296586;1080077126;925104250;1004305284
8842282849,1780833893,1567,False,10157552.0,10150291.0,19176,60,1691324623;1467940774;1553095296;1163864705;921939706,790047548;1717277484;1117454350;1169505186;1112093157
8842282255,1780833867,1258,True,10108233.0,,19176,60,1583300284;1217061603;1176145421;1676215765;1465212046,1300164057;1640232524;1096436968;1280478870;1232229872
8842281155,1780833840,3108,True,10144936.0,10144738.0,19682,60,213657038;307301919;146978019;129925807;141608052,1087548014;136963181;518198;138769308;332892097
8842280450,1780833791,3528,False,10116588.0,10032769.0,19176,60,1202785239;1224286375;1751788387;1615095361;1474338837,1268602323;1103507834;1508427946;1243032159;1591513378
8842245726,1780832552,3516,False,8255888.0,10150538.0,19101,60,172099728;480412663;165564598;317880638;196878136,177203952;1026694469;292921272;105045291;81306398
8842239971,1780832051,2179,True,10169967.0,10143469.0,16251,60,131188866;300884390;73950621;92465827;192484910,449420398;320429934;900905070;1187858460;113575852
8842224262,1780831335,1719,True,10145429.0,9768243.0,18959,60,1925436567;1925062076;1924874376;1924555376;1927064773,1880066287;1880011613;1880979563;1880007196;1879746018
8842178140,1780829060,1711,False,9768243.0,10145429.0,18959,60,1879746018;1880979563;1880011613;1880007196;1880066287,1925436567;1925062076;1924874376;1924555376;1927064773
8842156122,1780827934,1799,False,10102001.0,10143469.0,16251,60,276707620;175087801;427335764;824272327;916536196,449420398;1187858460;900905070;113575852;320429934
8842134886,1780827193,3492,True,8255888.0,10150538.0,19101,60,172099728;480412663;165564598;317880638;196878136,177203952;1026694469;292921272;105045291;81306398
8842122923,1780826275,1738,False,9425656.0,9814269.0,18959,60,397206052;1621422877;1621570409;1622405666;1621497616,1903043745;1902782463;1903287666;1902738528;1902976475
8842074582,1780823684,2684,True,10143469.0,10102001.0,16251,60,449420398;113575852;900905070;320429934;1187858460,427335764;824272327;175087801;276707620;916536196
8842068579,1780823372,1920,True,9814269.0,9425656.0,18959,60,1903287666;1903043745;1902782463;1902738528;1902976475,397206052;1621497616;1621422877;1622405666;1621570409
8842052142,1780822835,2304,True,10150538.0,8255888.0,19101,60,177203952;1026694469;292921272;105045291;81306398,172099728;480412663;165564598;317880638;196878136
8842006605,1780820216,2326,True,9425656.0,9814269.0,18959,60,1622405666;397206052;1621422877;1621497616;1621570409,1903043745;1903287666;1902782463;1902738528;1902976475
8841988655,1780819473,2218,True,10144697.0,10157986.0,18865,60,353424606;104512126;112531417;156029808;136737280,199833749;160708663;1129118044;318371533;874490073
8841984062,1780818835,1825,False,10102001.0,9291486.0,16251,60,916536196;175087801;276707620;427335764;824272327,300884390;73950621;131188866;92465827;192484910
8841947449,1780816696,2200,False,9767998.0,9426115.0,18959,60,1750577069;1750248703;1750435217;1750916329;1749630639,412910858;819244033;183270733;176158708;1090568489
8841940457,1780816240,1309,False,10102001.0,9291486.0,16251,60,427335764;824272327;175087801;916536196;276707620,300884390;73950621;92465827;192484910;131188866
8841934598,1780815862,1752,True,10157986.0,10144697.0,18865,60,199833749;160708663;874490073;318371533;1129118044,353424606;104512126;156029808;112531417;136737280
8841908640,1780814250,1838,False,9426115.0,9767998.0,18959,60,1090568489;819244033;183270733;412910858;176158708,1750916329;1750435217;1749630639;1750248703;1750577069
8841878575,1780812255,1542,False,9878494.0,9768243.0,18959,60,1903997264;1902895053;1902237853;1904129499;1903247233,1879746018;1880011613;1880066287;1880979563;1880007196
8841868950,1780811580,2043,False,9767998.0,9426115.0,18959,60,1750916329;1749630639;1750435217;1750577069;1750248703,1090568489;412910858;819244033;183270733;176158708
8841868771,1780811989,2184,False,10157986.0,10144697.0,18865,60,199833749;874490073;318371533;160708663;1129118044,353424606;104512126;136737280;156029808;112531417
8841848683,1780810119,1504,True,9768243.0,9878494.0,18959,60,1880007196;1880011613;1880066287;1879746018;1880979563,1903247233;1903997264;1902237853;1904129499;1902895053
8841829340,1780808703,1815,True,9768002.0,2443375.0,18959,60,1750299292;1750510331;1749799475;1750623235;808766025,1103355581;301477244;181339278;80599925;1045494300
8841820598,1780808061,1564,True,9878494.0,9768243.0,18959,60,1903247233;1902895053;1904129499;1902237853;1903997264,1880007196;1880066287;1879746018;1880011613;1880979563
8841794105,1780805824,1869,False,2443375.0,9768002.0,18959,60,1103355581;1045494300;301477244;80599925;181339278,1750623235;808766025;1750510331;1749799475;1750299292
8841789995,1780805485,1829,True,10145429.0,9425656.0,18959,60,1925436567;1925062076;1924874376;1927064773;1924555376,397206052;1621497616;1621570409;1621422877;1622405666
8841755696,1780803096,1767,False,9425656.0,10145429.0,18959,60,397206052;1622405666;1621497616;1621570409;1621422877,1925436567;1925062076;1924874376;1927064773;1924555376
8841686464,1780796310,1935,False,,10144212.0,19752,60,888477316;412272556;50871324;149993769;160184815,852310758;278926146;1289113611;896329538;851268274
8841628333,1780790246,4460,False,10163747.0,10089085.0,19752,60,852310758;412272556;1289113611;863982216;454424529,50871324;278926146;1087358646;888477316;292803721
8841589939,1780786626,2182,True,,9492680.0,19752,60,50871324;888477316;1087358646;292803721;149993769,1289113611;412272556;454424529;852310758;863982216
8841525133,1780781912,2883,True,10144212.0,9492680.0,19752,60,888477316;851268274;149993769;1087358646;50871324,278926146;1289113611;852310758;412272556;352137522
8841465130,1780778438,1920,True,,10163747.0,19752,60,412767993;352137522;851268274;278926146;1289113611,412272556;336857964;493147987;888477316;852310758
8841371638,1780773731,1899,False,10047709.0,10163973.0,18866,60,193884241;283494184;116249155;170809075;120840516,1153798101;234119750;1675517497;156485213;435139370
8841272971,1780769160,2349,True,10163973.0,10047709.0,18866,60,1153798101;234119750;1675517497;156485213;435139370,170809075;193884241;283494184;116249155;120840516
8841231956,1780767536,6689,False,9467224.0,10150538.0,19101,60,124801257;301750126;126842529;256156323;320219866,177203952;1026694469;292921272;105045291;81306398
8841114801,1780762402,2972,False,9467224.0,10150538.0,19101,60,124801257;301750126;126842529;256156323;320219866,177203952;1026694469;292921272;105045291;81306398
8841104171,1780761592,2035,True,9600141.0,10001733.0,18866,60,349310876;72393079;374875067;115464954;241519559,1220993352;166806255;221532774;326327879;1041811781
8841013913,1780758307,1510,False,10001733.0,9600141.0,18866,60,1220993352;166806255;1041811781;326327879;221532774,349310876;72393079;374875067;115464954;241519559
8840984097,1780757257,3033,False,10150538.0,9467224.0,19101,60,177203952;1026694469;292921272;105045291;81306398,124801257;301750126;126842529;256156323;320219866
8840859479,1780752178,3115,True,10144738.0,10144969.0,19682,60,138769308;332892097;518198;136963181;1087548014,294273638;138689627;1068479162;436380335;136195292
8840825845,1780750812,1355,True,9600141.0,10101793.0,18866,60,349310876;72393079;374875067;115464954;241519559,226786631;1152948930;207527352;135709988;1218097624
8840821227,1780750620,3814,False,8255888.0,9823272.0,19101,60,172099728;480412663;165564598;317880638;196878136,171262902;312436974;56351509;93817671;103735745
8840759117,1780748157,2851,False,10144969.0,9366802.0,19682,60,294273638;138689627;1068479162;436380335;136195292,135256284;1087548014;136963181;332892097;518198
8840744350,1780747410,1605,True,9600141.0,10101793.0,18866,60,349310876;72393079;374875067;115464954;241519559,226786631;1152948930;207527352;135709988;1218097624
8840704374,1780745644,2518,True,9823272.0,8255888.0,19101,60,171262902;312436974;56351509;93817671;103735745,172099728;480412663;165564598;317880638;196878136
8840683216,1780744196,1092,False,9426115.0,8629315.0,18959,60,412910858;819244033;1090568489;183270733;176158708,1170923497;162724090;202984325;1232094007;992327405
8840649182,1780742389,1282,True,8629315.0,9426115.0,18959,60,1170923497;162724090;1232094007;202984325;992327405,412910858;819244033;1090568489;183270733;176158708
8840635639,1780741835,1792,True,8255888.0,9823272.0,19101,60,172099728;480412663;165564598;317880638;196878136,171262902;312436974;56351509;93817671;103735745
8840618095,1780740494,2081,False,10163501.0,10164643.0,18866,60,307173570;910028605;480210721;1092557725;168126336,402285018;196481318;1114792376;1159912962;169516760
8840609143,1780739981,1701,True,9426115.0,8629315.0,18959,60,412910858;819244033;1090568489;183270733;176158708,1170923497;202984325;1232094007;162724090;992327405
8840558641,1780737164,1859,True,9768002.0,10145429.0,18959,60,1750299292;1750510331;1750623235;808766025;1749799475,1925062076;1927064773;1924874376;1925436567;1924555376
8840549622,1780736621,2006,True,10164643.0,10163501.0,18866,60,402285018;196481318;1114792376;169516760;1159912962,307173570;910028605;168126336;1092557725;480210721
8840525289,1780735243,1202,False,10145429.0,9768002.0,18959,60,1925062076;1924874376;1927064773;1925436567;1924555376,1750299292;1750510331;1750623235;808766025;1749799475
8840489040,1780733119,1258,True,9814269.0,9767998.0,18959,60,1903043745;1902782463;1902976475;1903287666;1902738528,1750577069;1750916329;1750435217;1750248703;1749630639
8840455295,1780731066,1234,False,9767998.0,9814269.0,18959,60,1750916329;1750248703;1750577069;1750435217;1749630639,1903043745;1902782463;1902976475;1903287666;1902738528
8840414651,1780728306,2044,False,9814269.0,9767998.0,18959,60,1903043745;1902782463;1903287666;1902976475;1902738528,1749630639;1750916329;1750577069;1750435217;1750248703
8840389004,1780726523,1032,False,9425656.0,9878494.0,18959,60,1621570409;1622405666;1621497616;397206052;1621422877,1903997264;1904129499;1903247233;1902237853;1902895053
8840364304,1780724574,1432,False,9878494.0,9425656.0,18959,60,1902237853;1902895053;1903247233;1904129499;1903997264,1621422877;1621570409;1621497616;1622405666;397206052
8840335217,1780722176,1533,False,9425656.0,9878494.0,18959,60,1621422877;1621570409;397206052;1622405666;1621497616,1902895053;1904129499;1903247233;1903997264;1902237853
8840186479,1780708411,1303,False,8957156.0,9048057.0,19201,60,1674673556;36771694;264869776;126130434;120231412,164322994;154357932;294245092;177062248;279486190
8840175175,1780707083,2245,True,,10144212.0,19752,60,50871324;336857964;1289113611;378374937;1096757201,852310758;352137522;160184815;888477316;851268274
8840165445,1780706066,1779,True,9048057.0,8957156.0,19201,60,279486190;177062248;164322994;154357932;294245092,36771694;126130434;120231412;264869776;1674673556
8840145359,1780703749,1822,True,10144212.0,,19752,60,352137522;160184815;852310758;851268274;888477316,378374937;336857964;1096757201;50871324;1289113611
8840144429,1780703764,1670,True,8957156.0,9048057.0,19201,60,36771694;126130434;1674673556;120231412;264869776,279486190;164322994;177062248;294245092;154357932
8840118985,1780701081,1782,True,8850015.0,9005364.0,19201,60,328999660;403346876;222022666;234162677;1092522462,179986197;123406722;357873937;1675393568;451153940
8840094309,1780698830,1600,False,9005364.0,8850015.0,19201,60,179986197;451153940;357873937;1675393568;123406722,328999660;403346876;222022666;234162677;1092522462
8840072477,1780697064,2996,False,,,19752,60,378374937;852310758;1289113611;149993769;352137522,851268274;454424529;888477316;226031143;1096757201
8840065498,1780696572,1694,False,8850016.0,8970060.0,19201,60,296080998;64188013;419736556;437135906;234382300,253075824;200669009;95501968;214494274;894758362
8840034153,1780694758,3250,False,9948367.0,10047709.0,18866,60,164047347;450454900;892486081;188351504;482364904,283494184;193884241;120840516;170809075;116249155
8840031043,1780694387,1493,True,8970060.0,8850016.0,19201,60,253075824;200669009;95501968;894758362;214494274,296080998;437135906;64188013;419736556;234382300
8839991181,1780691872,1662,True,8849850.0,9025669.0,19201,60,357479732;406522933;338946567;250144463;192275954,338281289;844586465;307624442;169359670;315850275
8839941248,1780689736,1702,False,9025669.0,8849850.0,19201,60,338281289;169359670;315850275;307624442;844586465,357479732;338946567;406522933;250144463;192275954
8839929092,1780688905,4149,True,9948367.0,10047709.0,18866,60,164047347;450454900;892486081;188351504;482364904,283494184;193884241;170809075;116249155;120840516
8839797269,1780682705,3818,True,10047709.0,9948367.0,18866,60,283494184;193884241;170809075;120840516;116249155,164047347;450454900;892486081;188351504;482364904
8839717574,1780679023,2007,True,9467224.0,9247354.0,19101,60,124801257;301750126;126842529;256156323;320219866,10366616;100058342;111620041;183719386;25907144
8839685762,1780677173,2145,True,9600141.0,10163501.0,18866,60,349310876;72393079;374875067;115464954;241519559,910028605;480210721;1092557725;307173570;168126336
8839670884,1780676608,2126,False,9814269.0,9878494.0,18959,60,1903287666;1903043745;1902976475;1902782463;1902738528,1904129499;1902237853;1903997264;1902895053;1903247233
8839625815,1780674970,1935,False,9247354.0,9467224.0,19101,60,10366616;100058342;111620041;183719386;25907144,124801257;301750126;126842529;256156323;320219866
8839622994,1780674590,1637,True,9878494.0,9814269.0,18959,60,1904129499;1902895053;1902237853;1903997264;1903247233,1903043745;1902782463;1902976475;1903287666;1902738528
8839553120,1780672136,3394,True,9600141.0,10163501.0,18866,60,349310876;72393079;374875067;115464954;241519559,480210721;910028605;168126336;1092557725;307173570
8839542119,1780671348,1619,True,2443375.0,9425656.0,18959,60,1103355581;181339278;301477244;1045494300;80599925,1621570409;1621422877;1621497616;397206052;1622405666
8839498591,1780669685,1867,True,10144738.0,10144933.0,19682,60,1087548014;136963181;332892097;138769308;518198,338465995;175842532;330455610;125735693;86861086
8839494962,1780670050,2914,False,9467224.0,9247354.0,19101,60,124801257;301750126;126842529;256156323;320219866,10366616;100058342;111620041;183719386;25907144
8839462527,1780668346,2459,False,9425656.0,2443375.0,18959,60,1621570409;1622405666;1621497616;397206052;1621422877,80599925;301477244;1045494300;181339278;1103355581
8839405430,1780665969,1665,True,8629315.0,9768002.0,18959,60,992327405;1232094007;1170923497;202984325;162724090,1749799475;808766025;1750299292;1750623235;1750510331
8839398717,1780665661,2985,True,10144969.0,10150388.0,19682,60,294273638;436380335;138689627;1068479162;136195292,411887995;279813366;205196455;884394311;117199318
8839395811,1780665567,3136,False,10144933.0,9366802.0,19682,60,338465995;330455610;175842532;125735693;86861086,138769308;518198;136963181;332892097;1087548014
8839379216,1780664874,2108,True,10151159.0,10144936.0,19682,60,138485745;284294586;211195306;136171371;199666669,129925807;146978019;307301919;250729191;213657038
8839371536,1780665010,2443,True,9828897.0,10081680.0,19699,60,155447692;181716137;156328257;140411011;118559150,392565237;202217968;147767183;152859296;343084576
8839366504,1780664604,2268,False,2163.0,10150538.0,19101,60,16497807;97590558;201358612;77490514;152962063,177203952;1026694469;292921272;105045291;81306398
8839347913,1780663435,1946,True,9768002.0,8629315.0,18959,60,808766025;1749799475;1750299292;1750623235;1750510331,162724090;992327405;1232094007;1170923497;202984325
8839311190,1780661709,2738,False,10150388.0,10144969.0,19682,60,279813366;117199318;411887995;884394311;205196455,138689627;436380335;294273638;136195292;1068479162
8839304102,1780661283,1674,True,8629315.0,9768002.0,18959,60,162724090;202984325;1170923497;1232094007;992327405,808766025;1750299292;1749799475;1750623235;1750510331
8839299339,1780661069,2480,False,10144936.0,10151159.0,19682,60,129925807;307301919;146978019;250729191;213657038,157433878;211195306;143695446;199666669;284294586
8839296919,1780660911,3234,False,9366802.0,10144933.0,19682,60,136963181;332892097;1087548014;138769308;518198,338465995;175842532;125735693;330455610;86861086
8839284303,1780660597,1821,False,2163.0,10150538.0,19101,60,16497807;97590558;201358612;77490514;152962063,177203952;1026694469;292921272;105045291;81306398
8839281131,1780660025,3097,True,10081680.0,9828897.0,19699,60,392565237;202217968;147767183;152859296;343084576,140411011;181716137;156328257;155447692;118559150
8839231080,1780657112,1981,False,9828921.0,9397016.0,18867,60,221945821;1054708192;339941742;793630681;113923026,297111049;1906005443;236214375;157998413;1868210186
8839206225,1780655527,2616,True,9828897.0,10081680.0,19699,60,155447692;181716137;156328257;118559150;140411011,392565237;202217968;147767183;152859296;343084576
8839193447,1780654978,2786,False,9247354.0,8255888.0,19101,60,10366616;100058342;111620041;183719386;25907144,172099728;480412663;165564598;317880638;196878136
8839182014,1780653986,913,True,9814269.0,2443375.0,18959,60,1902782463;1902976475;1903043745;1902738528;1903287666,181339278;1103355581;301477244;1045494300;80599925
8839180262,1780653792,2647,True,10001733.0,10101793.0,18866,60,1041276674;1041811781;166806255;326327879;221532774,226786631;1152948930;207527352;1218097624;135709988
8839175194,1780654836,1205,True,9397016.0,9828921.0,18867,60,1906005443;157998413;236214375;1868210186;297111049,221945821;1054708192;339941742;113923026;793630681
8839144191,1780651211,2459,False,9828897.0,10081680.0,19699,60,140411011;181716137;156328257;155447692;118559150,392565237;202217968;147767183;152859296;343084576
8839140706,1780651021,2154,False,2443375.0,9814269.0,18959,60,80599925;1103355581;1045494300;181339278;301477244,1903287666;1902782463;1902976475;1903043745;1902738528
8839125558,1780650042,2221,True,10001733.0,10101793.0,18866,60,1041276674;166806255;1041811781;326327879;221532774,226786631;1152948930;207527352;135709988;1218097624
8839124385,1780649796,1971,True,9691942.0,8831040.0,18867,60,1029972951;1246531472;878549965;1023487276;236214375,1251984026;297111049;1906005443;399588134;1811371866
8839123109,1780650023,2937,False,9247354.0,8255888.0,19101,60,10366616;100058342;111620041;183719386;25907144,172099728;480412663;165564598;317880638;196878136
8839107485,1780648579,1516,False,10145429.0,9426115.0,18959,60,1924555376;1925062076;1924874376;1925436567;1927064773,819244033;183270733;1090568489;412910858;176158708
8839075338,1780646414,2731,True,9828897.0,10081680.0,19699,60,140411011;181716137;156328257;155447692;118559150,392565237;202217968;147767183;152859296;343084576
8839074638,1780646004,1617,True,9426115.0,10145429.0,18959,60,412910858;183270733;1090568489;819244033;176158708,1925436567;1924555376;1925062076;1927064773;1924874376
8839061178,1780644882,2151,False,8831040.0,9593609.0,18867,60,399588134;1906005443;1251984026;130433320;1811371866,1246531472;1029972951;878549965;1712916118;1023487276
8839046221,1780643528,1863,True,10145429.0,9426115.0,18959,60,1925436567;1924874376;1927064773;1925062076;1924555376,412910858;1090568489;183270733;819244033;176158708
8839041609,1780643071,1106,True,2443375.0,9878494.0,18959,60,1103355581;181339278;301477244;80599925;1045494300,1903997264;1903247233;1902895053;1904129499;1902237853
8839019151,1780640903,1834,False,9768243.0,9425656.0,18959,60,1880007196;1879746018;1880011613;1880066287;1880979563,1621497616;1622405666;397206052;1621422877;1621570409
8839016956,1780640705,1725,False,9878494.0,2443375.0,18959,60,1904129499;1902237853;1903997264;1903247233;1902895053,80599925;1103355581;181339278;301477244;1045494300
8839004252,1780639321,1895,False,9828921.0,9593609.0,18867,60,1251984026;130433320;339941742;1811371866;221945821,878549965;1029972951;1023487276;1906005443;1712916118
8838998887,1780638773,1544,True,9425656.0,9768243.0,18959,60,1621497616;1622405666;397206052;1621422877;1621570409,1880007196;1880979563;1880011613;1880066287;1879746018
8838987276,1780637583,1671,True,9768002.0,9814269.0,18959,60,1749799475;1750510331;1750299292;1750623235;808766025,1902738528;1903043745;1903287666;1902782463;1902976475
8838975095,1780636201,2989,True,9828897.0,8254145.0,19699,60,181716137;140411011;156328257;155447692;118559150,100616105;173378701;337575662;399862798;330534326
8838973452,1780636017,2164,True,9593609.0,9828921.0,18867,60,878549965;1029972951;1023487276;1906005443;1712916118,221945821;1251984026;339941742;1811371866;130433320
8838972020,1780635895,1705,False,8629315.0,9767998.0,18959,60,162724090;992327405;1170923497;202984325;1232094007,1750248703;1750577069;1750916329;1750435217;1749630639
8838967195,1780635399,1643,True,9814269.0,9768002.0,18959,60,1902976475;1903043745;1903287666;1902738528;1902782463,808766025;1750299292;1749799475;1750623235;1750510331
8838948174,1780633353,1869,True,9767998.0,8629315.0,18959,60,1750248703;1750577069;1750916329;1750435217;1749630639,162724090;1170923497;202984325;992327405;1232094007
8838947464,1780633257,1614,True,9768002.0,9814269.0,18959,60,808766025;1750299292;1749799475;1750623235;1750510331,1902976475;1903287666;1903043745;1902782463;1902738528
8838931537,1780632001,2398,True,9828897.0,8254145.0,19699,60,140411011;181716137;156328257;155447692;118559150,100616105;173378701;337575662;399862798;330534326
8838884728,1780626175,1828,False,8850016.0,8849850.0,19201,60,234382300;419736556;64188013;437135906;296080998,406522933;250144463;338946567;192275954;357479732
8838861333,1780623530,1945,True,8849850.0,8850016.0,19201,60,406522933;250144463;192275954;338946567;357479732,234382300;419736556;64188013;296080998;437135906
8838844375,1780621506,1260,False,8957156.0,8970060.0,19201,60,36771694;1674673556;126130434;120231412;264869776,894758362;214494274;95501968;253075824;200669009
8838824359,1780618611,1434,False,8970060.0,8957156.0,19201,60,894758362;95501968;214494274;253075824;200669009,36771694;126130434;1674673556;120231412;264869776
8838810176,1780616755,3306,False,,,19752,60,50871324;292803721;336857964;454424529;1096757201,352137522;278926146;852310758;160184815;1289113611
8838807600,1780616495,1554,False,8957156.0,8970060.0,19201,60,120231412;126130434;1674673556;264869776;36771694,95501968;214494274;894758362;253075824;200669009
8838789226,1780614325,1581,True,9048057.0,9005364.0,19201,60,177062248;294245092;164322994;279486190;154357932,179986197;123406722;1675393568;451153940;357873937
8838767600,1780612134,1658,False,9005364.0,9048057.0,19201,60,451153940;179986197;1675393568;123406722;357873937,294245092;164322994;177062248;154357932;279486190
8838757187,1780611044,3212,True,,,19752,60,385377236;888477316;50871324;336857964;292803721,352137522;454424529;852310758;1096757201;1289113611
8838730648,1780608831,1186,True,9964962.0,10144722.0,19699,60,206642367;154974246;90423751;191362875;160119017,1674486174;288775038;1088362710;1190137167;1166358463
8838725232,1780608573,1992,False,9048057.0,9005364.0,19201,60,294245092;177062248;154357932;164322994;279486190,451153940;1675393568;123406722;179986197;357873937
8838688315,1780605821,1245,False,10144722.0,9964962.0,19699,60,1674486174;288775038;1166358463;1088362710;1190137167,206642367;154974246;160119017;191362875;90423751
8838688177,1780605858,1461,False,9025669.0,8850015.0,19201,60,338281289;315850275;307624442;844586465;169359670,403346876;234162677;328999660;222022666;1092522462
8838657173,1780603911,931,False,10001733.0,9872558.0,18866,60,1220993352;1041811781;166806255;326327879;221532774,383361785;399804216;256444993;847851833;285282252
8838644686,1780603317,1928,True,8850015.0,9025669.0,19201,60,403346876;234162677;328999660;222022666;1092522462,338281289;307624442;315850275;844586465;169359670
8838642476,1780603266,730,True,9964962.0,10144722.0,19699,60,206642367;154974246;90423751;160119017;191362875,1674486174;288775038;1166358463;1088362710;1190137167
8838597999,1780600864,1656,False,10001733.0,9872558.0,18866,60,1220993352;166806255;1041811781;326327879;221532774,383361785;399804216;256444993;285282252;847851833
8838575634,1780599454,2144,False,,9337762.0,19752,60,301985954;412272556;454424529;863982216;851268274,149993769;385377236;359774558;852310758;864666491
8838571851,1780599253,1501,True,9717312.0,9828921.0,18867,60,1129772742;1146548664;307331749;1829839317;1739519173,221945821;130433320;339941742;205630113;113923026
8838520571,1780597370,1551,False,10164102.0,10144722.0,19699,60,232763274;123953528;250317389;255339080;396792504,1674486174;288775038;1166358463;1088362710;1190137167
8838509104,1780596003,1926,False,,10144212.0,19752,60,454424529;226031143;888477316;301985954;863982216,851268274;149993769;385377236;852310758;1087358646
8838503932,1780596094,3303,False,10163501.0,10101793.0,18866,60,910028605;307173570;480210721;1092557725;168126336,226786631;1152948930;207527352;135709988;1218097624
8838494602,1780595297,2723,False,9828921.0,9717312.0,18867,60,221945821;339941742;1054708192;205630113;113923026,1129772742;1146548664;307331749;1829839317;1739519173
8838480778,1780594866,3601,False,10150538.0,9823272.0,19101,60,81306398;1026694469;292921272;105045291;177203952,171262902;312436974;56351509;93817671;103735745
8838454105,1780593219,1624,False,10144722.0,10164102.0,19699,60,1674486174;288775038;1088362710;1166358463;1190137167,250317389;255339080;123953528;232763274;396792504
8838421176,1780591609,1525,False,9628678.0,9397016.0,18867,60,1868210186;1171975340;205630113;1056145299;1712916118,297111049;236214375;157998413;1906005443;1000681260
8838403735,1780590780,1743,True,9768243.0,8629315.0,18959,60,1879746018;1880066287;1880007196;1880011613;1880979563,1232094007;1170923497;202984325;992327405;162724090
8838396820,1780590712,2225,False,9823272.0,10150538.0,19101,60,171262902;312436974;56351509;93817671;103735745,177203952;1026694469;292921272;105045291;81306398
8838364546,1780588915,1751,True,9397016.0,9729268.0,18867,60,1906005443;157998413;236214375;1000681260;297111049,1712916118;1171975340;205630113;1056145299;1868210186
8838364056,1780589031,1682,False,10164102.0,10144722.0,19699,60,396792504;250317389;123953528;255339080;232763274,1674486174;288775038;1166358463;1088362710;1190137167
8838361866,1780588794,5047,False,10163501.0,10101793.0,18866,60,480210721;910028605;1092557725;168126336;307173570,226786631;1152948930;207527352;135709988;1218097624
8838358957,1780588675,1638,True,8629315.0,9768243.0,18959,60,1232094007;1170923497;202984325;162724090;992327405,1880007196;1880066287;1879746018;1880011613;1880979563
8838303336,1780586170,2400,False,10150538.0,9823272.0,19101,60,177203952;1026694469;292921272;105045291;81306398,171262902;312436974;56351509;93817671;103735745
8838298074,1780586001,2056,True,9768243.0,8629315.0,18959,60,1879746018;1880066287;1880007196;1880011613;1880979563,1170923497;202984325;162724090;1232094007;992327405
8838282125,1780585371,2397,True,9906210.0,9397016.0,18867,60,1056145299;1171975340;1712916118;205630113;1868210186,236214375;157998413;1000681260;1906005443;297111049
8838281674,1780585366,1908,False,10101793.0,10163501.0,18866,60,226786631;1152948930;207527352;1218097624;135709988,910028605;480210721;168126336;1092557725;307173570
8838241062,1780583649,1675,True,9878494.0,9426115.0,18959,60,1904129499;1903997264;1902237853;1903247233;1902895053,176158708;819244033;412910858;183270733;1090568489
8838224499,1780582930,2065,False,10150388.0,10151159.0,19682,60,279813366;884394311;411887995;205196455;117199318,136171371;284294586;211195306;157433878;199666669
8838217145,1780582689,3969,False,10150644.0,9366802.0,19682,60,171562037;178831538;136957225;181244009;159630089,136963181;332892097;1087548014;518198;135256284
8838211696,1780583102,1277,True,10081680.0,8254145.0,19699,60,392565237;202217968;147767183;152859296;343084576,100616105;173378701;337575662;399862798;330534326
8838188216,1780581426,1628,False,9426115.0,9878494.0,18959,60,819244033;176158708;412910858;183270733;1090568489,1903997264;1904129499;1903247233;1902237853;1902895053
8838170936,1780580999,2254,True,9247354.0,2163.0,19101,60,10366616;100058342;111620041;183719386;25907144,16497807;97590558;201358612;77490514;152962063
8838148176,1780579747,1528,False,9828921.0,9397016.0,18867,60,130433320;339941742;1054708192;205630113;113923026,157998413;297111049;236214375;1906005443;1868210186
8838133099,1780579142,1632,False,9425656.0,9767998.0,18959,60,1621497616;1621570409;1622405666;397206052;1621422877,1749630639;1750916329;1750577069;1750435217;1750248703
8838124044,1780578728,2667,True,9828897.0,9098294.0,19699,60,156328257;181716137;140411011;155447692;118559150,389033587;252551173;333700720;274078636;242835570
8838121325,1780578612,2861,False,8254145.0,10081680.0,19699,60,100616105;173378701;337575662;399862798;330534326,392565237;202217968;147767183;152859296;343084576
8838109931,1780578158,3160,True,10151030.0,10144969.0,19682,60,1190895020;457347455;219538537;1268846148;1723235881,294273638;138689627;1068479162;136195292;436380335
8838105279,1780577931,2081,False,10144933.0,10144936.0,19682,60,86861086;338465995;330455610;125735693;175842532,129925807;307301919;250729191;213657038;146978019
8838087911,1780577127,1321,True,9397016.0,9828921.0,18867,60,297111049;1906005443;236214375;157998413;1868210186,1054708192;339941742;130433320;205630113;113923026
8838078222,1780576649,2063,True,9767998.0,9425656.0,18959,60,1750248703;1750435217;1750916329;1750577069;1749630639,1621422877;1621497616;397206052;1621570409;1622405666
8838056564,1780575852,3004,True,9247354.0,2163.0,19101,60,10366616;100058342;111620041;183719386;25907144,16497807;97590558;201358612;77490514;152962063
8838052821,1780575364,3615,True,10150644.0,9366802.0,19682,60,171562037;453936701;181244009;178831538;136957225,1087548014;332892097;136963181;518198;135256284
8838042490,1780574879,2394,True,10150388.0,10151159.0,19682,60,279813366;884394311;117199318;205196455;411887995,199666669;211195306;136171371;284294586;157433878
8838040890,1780574907,2017,True,10151030.0,10144969.0,19682,60,1268846148;1190895020;219538537;152485523;1723235881,294273638;138689627;436380335;1068479162;136195292
8838036607,1780574568,1605,True,9425656.0,9767998.0,18959,60,1621422877;1621497616;397206052;1622405666;1621570409,1750248703;1750577069;1750916329;1750435217;1749630639
8838028551,1780574163,2344,True,10144936.0,10144933.0,19682,60,129925807;146978019;307301919;250729191;213657038,175842532;338465995;330455610;125735693;86861086
8838026419,1780574429,2325,False,10081680.0,8254145.0,19699,60,392565237;202217968;147767183;152859296;343084576,100616105;173378701;337575662;399862798;330534326
8838023903,1780574410,2375,True,9828897.0,9098294.0,19699,60,140411011;181716137;156328257;155447692;118559150,389033587;252551173;333700720;274078636;242835570
8838000850,1780572472,1752,False,9906210.0,8831040.0,18867,60,1056145299;205630113;1171975340;1712916118;1868210186,1906005443;399588134;1251984026;878549965;1811371866
8837957019,1780570019,2853,True,9823272.0,9467224.0,19101,60,171262902;312436974;56351509;93817671;103735745,124801257;301750126;126842529;256156323;320219866
8837944161,1780569007,1752,True,8831040.0,9628678.0,18867,60,1251984026;399588134;878549965;1906005443;1811371866,1171975340;1674266188;205630113;1712916118;1868210186
8837941773,1780568730,1730,False,8629315.0,9768002.0,18959,60,1170923497;992327405;202984325;1232094007;162724090,1750623235;808766025;1750510331;1750299292;1749799475
8837936108,1780568642,2509,False,10144695.0,9828897.0,19699,60,181267255;116837520;390015464;97822451;286985748,181716137;140411011;156328257;155447692;118559150
8837904057,1780565991,1919,True,9768002.0,8629315.0,18959,60,1750623235;1750299292;1750510331;808766025;1749799475,1170923497;202984325;992327405;1232094007;162724090
8837890965,1780564966,1832,True,9593609.0,9729268.0,18867,60,130433320;878549965;1029972951;1023487276;1712916118,1868210186;1674266188;1171975340;205630113;1811371866
8837889126,1780564806,2060,False,9828897.0,10144695.0,19699,60,140411011;181716137;156328257;155447692;118559150,181267255;116837520;390015464;97822451;286985748
8837887524,1780564687,3052,False,10150434.0,9098294.0,19699,60,153727297;874735136;292829433;290354460;345803031,389033587;252551173;333700720;274078636;242835570
8837880251,1780564144,1045,False,9814269.0,9768243.0,18959,60,1902738528;1902782463;1903043745;1902976475;1903287666,1880011613;1880979563;1880066287;1879746018;1880007196
8837869969,1780563592,3694,False,9467224.0,9823272.0,19101,60,124801257;301750126;126842529;256156323;320219866,171262902;312436974;56351509;93817671;103735745
8837863749,1780562793,1191,True,9729268.0,9593609.0,18867,60,1674266188;1811371866;1171975340;1868210186;205630113,1712916118;1029972951;878549965;1023487276;130433320
8837854335,1780562115,1064,True,9768243.0,9814269.0,18959,60,1880011613;1880979563;1879746018;1880066287;1880007196,1902738528;1902782463;1903043745;1902976475;1903287666
8837827200,1780560001,2971,True,9828897.0,10144695.0,19699,60,140411011;181716137;156328257;155447692;118559150,181267255;116837520;390015464;97822451;286985748
8837824128,1780560007,2847,False,10150434.0,9098294.0,19699,60,153727297;874735136;292829433;290354460;345803031,389033587;333700720;252551173;274078636;242835570
8837822441,1780559342,1394,False,2443375.0,9425656.0,18959,60,1103355581;1045494300;301477244;181339278;80599925,1621497616;397206052;1621570409;1622405666;1621422877
8837812784,1780558609,3095,True,9593609.0,9729268.0,18867,60,130433320;1712916118;1029972951;878549965;1023487276,1868210186;1171975340;205630113;1674266188;1811371866
8837794175,1780556676,1940,True,9425656.0,2443375.0,18959,60,1621497616;1621570409;1622405666;397206052;1621422877,1103355581;1045494300;301477244;80599925;181339278
8837792858,1780556644,1239,False,9426115.0,10145429.0,18959,60,412910858;176158708;819244033;183270733;1090568489,1924874376;1925436567;1925062076;1927064773;1924555376
8837772112,1780554387,1732,True,9593609.0,8831040.0,18867,60,1029972951;1712916118;878549965;1023487276;1771146737,1251984026;1811371866;179469240;1674266188;1000681260
8837769244,1780554135,1662,True,2443375.0,9425656.0,18959,60,1045494300;301477244;181339278;1103355581;80599925,1622405666;1621570409;397206052;1621422877;1621497616
8837768983,1780554099,1797,False,10145429.0,9426115.0,18959,60,1924555376;1925436567;1925062076;1927064773;1924874376,176158708;819244033;183270733;412910858;1090568489
8837759074,1780553223,2435,True,9098294.0,10135834.0,19699,60,389033587;333700720;252551173;274078636;242835570,375507918;146711951;218367241;193815691;110759067
8837747172,1780551777,1768,False,9426115.0,10145429.0,18959,60,176158708;819244033;412910858;183270733;1090568489,1925436567;1924874376;1925062076;1927064773;1924555376
8837744658,1780551560,1752,False,9878494.0,9767998.0,18959,60,1903247233;1904129499;1902237853;1903997264;1902895053,1750577069;1750248703;1749630639;1750916329;1750435217
8837732248,1780551769,1685,False,8831040.0,9593609.0,18867,60,1251984026;179469240;1000681260;1674266188;1811371866,1771146737;1029972951;878549965;1023487276;1712916118
8837727751,1780549521,1200,False,8629315.0,9814269.0,18959,60,1170923497;202984325;1232094007;162724090;992327405,1902976475;1903287666;1902782463;1902738528;1903043745
8837725916,1780549263,2250,True,9098294.0,10135834.0,19699,60,389033587;333700720;252551173;274078636;242835570,375507918;146711951;218367241;193815691;110759067
8837725521,1780549246,1506,False,9767998.0,9878494.0,18959,60,1750435217;1749630639;1750577069;1750248703;1750916329,1904129499;1902895053;1902237853;1903997264;1903247233
8837724891,1780549149,2019,False,10157986.0,10144695.0,19699,60,199833749;160708663;422748003;318371533;1129118044,181267255;116837520;390015464;286985748;97822451
8837707147,1780547206,1534,False,9878494.0,9767998.0,18959,60,1904129499;1903247233;1903997264;1902895053;1902237853,1750435217;1749630639;1750916329;1750577069;1750248703
8837699606,1780547216,1667,True,9814269.0,8629315.0,18959,60,1902976475;1903287666;1902782463;1902738528;1903043745,992327405;162724090;1232094007;202984325;1170923497
8837692542,1780545606,1814,True,10144695.0,10157986.0,19699,60,181267255;116837520;390015464;97822451;286985748,422748003;160708663;199833749;318371533;1129118044
8837690631,1780545659,1695,False,9098294.0,10135834.0,19699,60,389033587;252551173;333700720;274078636;242835570,375507918;146711951;218367241;193815691;110759067
8837668049,1780542788,1911,True,8970060.0,8849850.0,19201,60,214494274;253075824;894758362;200669009;95501968,357479732;406522933;338946567;250144463;192275954
8837648371,1780540487,1790,False,8849850.0,8970060.0,19201,60,406522933;192275954;357479732;338946567;250144463,894758362;253075824;95501968;200669009;214494274
8837628504,1780538164,1768,False,8970060.0,8849850.0,19201,60,894758362;253075824;95501968;214494274;200669009,406522933;357479732;250144463;338946567;192275954
8837607711,1780535521,1737,True,9025669.0,9048057.0,19201,60,169359670;315850275;844586465;307624442;338281289,279486190;164322994;177062248;294245092;154357932
8837603031,1780534828,2648,True,9691969.0,9678463.0,19699,60,87063175;968545762;100471531;131303632;81475303,1171243748;383867949;177953305;85696663;425588742
8837587848,1780532964,1928,True,9048057.0,9025669.0,19201,60,279486190;177062248;154357932;164322994;294245092,169359670;844586465;307624442;315850275;338281289
8837569716,1780530564,1575,True,9025669.0,9048057.0,19201,60,315850275;307624442;844586465;338281289;169359670,177062248;164322994;154357932;294245092;279486190
8837560468,1780529317,3492,False,9678463.0,9691969.0,19699,60,1171243748;383867949;177953305;85696663;425588742,87063175;131303632;100471531;968545762;81475303
8837545573,1780527659,2136,True,8850016.0,8850015.0,19201,60,419736556;296080998;437135906;64188013;234382300,328999660;222022666;234162677;403346876;1092522462
8837522384,1780525229,1808,False,8850015.0,8850016.0,19201,60,234162677;328999660;222022666;403346876;1092522462,296080998;419736556;437135906;64188013;234382300
8837519479,1780524907,2473,False,9691969.0,9678463.0,19699,60,87063175;131303632;100471531;968545762;81475303,1171243748;383867949;177953305;85696663;425588742
8837497094,1780522918,2879,True,,,19752,60,226031143;336857964;301985954;454424529;160184815,851268274;149993769;412272556;50871324;863982216
8837491969,1780522691,1746,False,8850016.0,8850015.0,19201,60,296080998;419736556;437135906;64188013;234382300,234162677;222022666;403346876;328999660;1092522462
8837463516,1780520471,2439,True,9691969.0,9678463.0,19699,60,87063175;131303632;100471531;968545762;81475303,1171243748;383867949;177953305;85696663;425588742
8837456251,1780519965,1938,True,8957156.0,9005364.0,19201,60,264869776;120231412;1674673556;126130434;36771694,123406722;451153940;1675393568;179986197;357873937
8837448722,1780519376,2000,False,10144212.0,,19752,60,412767993;135888850;888477316;851268274;1289113611,412272556;160184815;454424529;301985954;863982216
8837414449,1780517333,1958,False,10144722.0,9964962.0,19699,60,1674486174;288775038;1088362710;1166358463;1190137167,206642367;154974246;90423751;191362875;160119017
8837411844,1780517414,1872,False,9005364.0,8957156.0,19201,60,123406722;179986197;451153940;1675393568;357873937,264869776;1674673556;120231412;126130434;36771694
8837295284,1780511152,2124,True,10164106.0,9729342.0,18867,60,1129772742;1146548664;307331749;1829839317;1739519173,236214375;1000681260;205630113;157998413;1868210186
8837288943,1780510820,3615,False,10150267.0,9691969.0,19699,60,191290281;1673586483;138177198;395770377;125995177,87063175;81475303;100471531;968545762;131303632
8837240828,1780508336,1734,False,9397016.0,10164106.0,18867,60,1868210186;236214375;157998413;205630113;1000681260,1129772742;1146548664;307331749;1829839317;1739519173
8837222901,1780507422,1013,True,9964962.0,10164102.0,19699,60,206642367;191362875;160119017;90423751;154974246,250317389;123953528;232763274;255339080;396792504
8837192214,1780506139,2569,True,9691969.0,10150267.0,19699,60,87063175;968545762;100471531;131303632;81475303,191290281;1673586483;138177198;395770377;125995177
8837160048,1780504404,1777,True,9530716.0,10060977.0,18867,60,1054708192;1171975340;205630113;130433320;113923026,203989019;780412858;141287256;790671764;906511622
8837138489,1780503726,1158,False,10164102.0,9964962.0,19699,60,250317389;123953528;232763274;255339080;396792504,206642367;191362875;90423751;154974246;160119017
8837134119,1780503898,4729,False,7299465.0,10019843.0,19699,60,164506534;116865891;331711578;417235485;184620877,262476000;196400041;458287006;117514269;1172719712
8837113288,1780502128,1585,True,9768002.0,9878494.0,18959,60,1750299292;1750510331;808766025;1750623235;1749799475,1903247233;1902237853;1904129499;1902895053;1903997264
8837094111,1780501202,2206,True,10060977.0,9530716.0,18867,60,203989019;780412858;141287256;790671764;906511622,1054708192;205630113;1171975340;130433320;113923026
8837065856,1780499956,1658,True,9878494.0,9768002.0,18959,60,1904129499;1902895053;1902237853;1903247233;1903997264,1750299292;1750623235;1750510331;1749799475;808766025
8837052943,1780499342,2761,True,7299465.0,10019843.0,19699,60,164506534;116865891;331711578;417235485;184620877,196400041;1172719712;117514269;458287006;262476000
8837044365,1780499135,1135,True,9530716.0,10060977.0,18867,60,130433320;1054708192;1171975340;205630113;113923026,203989019;790671764;141287256;780412858;906511622
8837019318,1780497908,1818,False,7872957.0,10136357.0,19699,60,1004229172;1028012361;154259887;346174811;129807919,418942836;152168157;140297552;101356886;138880576
8837016390,1780498112,1597,False,9828897.0,10081680.0,19699,60,140411011;181716137;156328257;155447692;118559150,392565237;202217968;147767183;152859296;343084576
8836950349,1780495057,1899,False,9768243.0,9425656.0,18959,60,1880007196;1879746018;1880979563;1880066287;1880011613,1621570409;1622405666;1621497616;397206052;1621422877
8836940180,1780494714,2533,False,10060977.0,9636142.0,18867,60,203989019;790671764;141287256;780412858;906511622,1251984026;1811371866;878549965;1712916118;399588134
8836936103,1780494454,1866,True,10136357.0,7872957.0,19699,60,418942836;152168157;140297552;138880576;101356886,1004229172;1028012361;154259887;346174811;129807919
8836916511,1780493624,2507,True,9828897.0,10081680.0,19699,60,181716137;155447692;156328257;140411011;118559150,392565237;202217968;147767183;152859296;343084576
8836910554,1780493370,2246,True,10144963.0,10150644.0,19682,60,1460343232;158643480;141124286;1064005461;129824457,171562037;178831538;181244009;159630089;199626911
8836897842,1780492824,4637,False,7299465.0,10019843.0,19699,60,164506534;116865891;331711578;417235485;184620877,262476000;196400041;458287006;117514269;1172719712
8836896744,1780492798,1769,True,9425656.0,9768243.0,18959,60,1621422877;1622405666;397206052;1621497616;1621570409,1879746018;1880066287;1880007196;1880011613;1880979563
8836885907,1780492311,1992,True,9397016.0,9530716.0,18867,60,297111049;236214375;1906005443;157998413;1000681260,1054708192;130433320;1171975340;205630113;113923026
8836884851,1780492299,1780,True,10144969.0,10150707.0,19682,60,136195292;436380335;294273638;138689627;1068479162,224292145;165259791;249843173;134461931;183408948
8836873888,1780491818,2254,True,9366802.0,9580444.0,19682,60,518198;332892097;138769308;1087548014;136963181,1185132194;330117525;136716944;152496029;261738292
8836872602,1780491725,2804,False,10150434.0,8254145.0,19699,60,153727297;874735136;292829433;290354460;345803031,100616105;173378701;337575662;399862798;330534326
8836865132,1780491389,1948,True,8831040.0,10060977.0,18867,60,878549965;399588134;1251984026;1811371866;1712916118,203989019;780412858;141287256;790671764;906511622
8836846548,1780491792,734,False,7872957.0,10136357.0,19699,60,1028012361;1004229172;154259887;346174811;129807919,418942836;152168157;140297552;101356886;138880576
8836843809,1780490412,1775,True,9814269.0,9426115.0,18959,60,1902976475;1903043745;1903287666;1902738528;1902782463,1090568489;819244033;183270733;176158708;412910858
8836811906,1780488890,2296,False,10150707.0,10144969.0,19682,60,224292145;165259791;249843173;183408948;134461931,294273638;1068479162;138689627;436380335;136195292
8836798214,1780488251,1670,False,9426115.0,9814269.0,18959,60,1090568489;412910858;183270733;819244033;176158708,1902976475;1903287666;1903043745;1902782463;1902738528
8836797682,1780488178,3632,True,10150644.0,10144963.0,19682,60,171562037;159630089;199626911;181244009;178831538,1460343232;158643480;1064005461;347498785;129824457
8836797523,1780488150,2303,False,9580444.0,10144738.0,19682,60,136716944;139605537;330117525;152496029;261738292,138769308;1087548014;518198;136963181;332892097
8836793131,1780488121,3102,False,9828897.0,10081680.0,19699,60,140411011;181716137;156328257;155447692;118559150,392565237;202217968;147767183;152859296;343084576
8836791740,1780487899,2716,True,10060977.0,8831040.0,18867,60,203989019;141287256;790671764;780412858;906511622,1251984026;399588134;878549965;1712916118;1811371866
8836784177,1780488006,2079,False,10150434.0,8254145.0,19699,60,153727297;874735136;292829433;290354460;345803031,100616105;173378701;337575662;399862798;330534326
8836751611,1780485577,1835,True,2443375.0,9768002.0,18959,60,80599925;1103355581;1045494300;181339278;301477244,1750623235;1749799475;808766025;1750299292;1750510331
8836750303,1780486023,4653,False,9255039.0,10149530.0,19699,60,125445069;383788462;175311897;122817493;123023873,140251702;145065875;123787715;320017600;92487440
8836729426,1780484422,2416,True,8831040.0,9593609.0,18867,60,1251984026;876889985;399588134;1868210186;1811371866,236214375;1029972951;878549965;157998413;1712916118
8836703833,1780482547,1776,False,9768002.0,2443375.0,18959,60,1750510331;808766025;1750623235;1750299292;1749799475,1103355581;1045494300;181339278;301477244;80599925
8836692392,1780481720,2222,True,9255039.0,10149530.0,19699,60,125445069;383788462;175311897;122817493;123023873,140251702;145065875;320017600;123787715;92487440
8836689655,1780481526,1648,True,8831040.0,9593609.0,18867,60,1251984026;876889985;399588134;1811371866;1868210186,1029972951;236214375;878549965;1023487276;1712916118
8836666068,1780479862,1950,False,2443375.0,9768002.0,18959,60,1103355581;301477244;1045494300;181339278;80599925,1750510331;1749799475;808766025;1750299292;1750623235
8836661376,1780479486,1731,True,10150434.0,10144695.0,19699,60,153727297;874735136;292829433;290354460;345803031,286985748;116837520;181267255;390015464;97822451
8836643584,1780478173,2470,True,9593609.0,8831040.0,18867,60,236214375;878549965;1029972951;1023487276;1712916118,1868210186;876889985;1251984026;399588134;1811371866
8836641131,1780477990,1703,False,10157986.0,8254145.0,19699,60,199833749;160708663;422748003;318371533;1129118044,100616105;173378701;337575662;399862798;330534326
8836635962,1780477618,1010,False,9878494.0,9768243.0,18959,60,1903247233;1903997264;1902237853;1902895053;1904129499,1880011613;1880066287;1879746018;1880979563;1880007196
8836624153,1780477235,2483,False,9255039.0,10149530.0,19699,60,125445069;383788462;175311897;122817493;123023873,140251702;145065875;320017600;123787715;92487440
8836600820,1780474797,2099,True,9768243.0,9878494.0,18959,60,1880011613;1880066287;1879746018;1880979563;1880007196,1904129499;1902895053;1902237853;1903247233;1903997264
8836587300,1780473603,1570,False,9839211.0,9628678.0,18867,60,1000681260;878549965;236214375;1023487276;1811371866,1029972951;367217819;819437701;1591533176;1712916118
8836585276,1780473611,3897,True,10150434.0,10144695.0,19699,60,153727297;290354460;292829433;874735136;345803031,286985748;116837520;390015464;181267255;97822451
8836583316,1780473606,2514,True,8254145.0,10157986.0,19699,60,100616105;173378701;337575662;399862798;330534326,199833749;160708663;422748003;318371533;1129118044
8836577924,1780472817,1163,True,10145429.0,9425656.0,18959,60,1924555376;1927064773;1925436567;1925062076;1924874376,1621422877;1621497616;1622405666;397206052;1621570409
8836552910,1780470531,1993,True,9628721.0,9839211.0,18867,60,367217819;1029972951;1591533176;1712916118;819437701,1000681260;1023487276;878549965;236214375;1811371866
8836552783,1780470526,1325,True,9425656.0,10145429.0,18959,60,1621422877;1621570409;1622405666;397206052;1621497616,1924555376;1925062076;1924874376;1927064773;1925436567
8836546827,1780469920,2621,True,10081680.0,9098294.0,19699,60,392565237;202217968;147767183;152859296;343084576,389033587;252551173;333700720;274078636;242835570
8836530890,1780468375,1395,True,10145429.0,9425656.0,18959,60,1924874376;1925062076;1925436567;1927064773;1924555376,1622405666;1621497616;1621570409;397206052;1621422877
8836519001,1780467178,1263,True,9768002.0,9814269.0,18959,60,1749799475;1750510331;1750623235;1750299292;808766025,1902738528;1903287666;1902976475;1903043745;1902782463
8836507584,1780465926,2175,False,9718665.0,9813102.0,18867,60,1695617010;1029972951;236214375;1811371866;1000681260,1591533176;367217819;878549965;1023487276;819437701
8836499066,1780464972,2373,True,8629315.0,9426115.0,18959,60,202984325;1232094007;162724090;1170923497;992327405,183270733;412910858;176158708;1090568489;819244033
8836497286,1780464842,1776,False,9814269.0,9768002.0,18959,60,1902738528;1903287666;1903043745;1902976475;1902782463,1749799475;1750510331;1750623235;1750299292;808766025
8836485118,1780463409,2270,True,9828897.0,10135834.0,19699,60,181716137;140411011;156328257;155447692;118559150,375507918;146711951;218367241;193815691;110759067
8836485094,1780463405,3928,True,10081680.0,9098294.0,19699,60,392565237;202217968;147767183;152859296;343084576,252551173;389033587;333700720;274078636;242835570
8836479866,1780462816,2043,True,9718665.0,9813102.0,18867,60,1695617010;1029972951;236214375;1811371866;1000681260,1023487276;878549965;1591533176;367217819;819437701
8836477397,1780462565,1686,False,9426115.0,8629315.0,18959,60,183270733;819244033;176158708;1090568489;412910858,1170923497;1232094007;162724090;202984325;992327405
8836474782,1780462307,1636,False,9768243.0,2443375.0,18959,60,1879746018;1880979563;1880066287;1880011613;1880007196,301477244;1045494300;80599925;1103355581;181339278
8836455694,1780460131,1854,False,8629315.0,9426115.0,18959,60,1170923497;202984325;162724090;1232094007;992327405,1090568489;819244033;183270733;412910858;176158708
8836454862,1780460089,1589,True,2443375.0,9768243.0,18959,60,301477244;80599925;1103355581;1045494300;181339278,1880979563;1880011613;1879746018;1880066287;1880007196
8836449390,1780459413,2248,True,9813102.0,9718665.0,18867,60,367217819;1591533176;878549965;819437701;1023487276,1000681260;1029972951;236214375;1695617010;1811371866
8836445371,1780459319,2237,False,10081680.0,9098294.0,19699,60,392565237;202217968;147767183;152859296;343084576,252551173;389033587;242835570;333700720;274078636
8836445234,1780458999,2769,False,10150267.0,9678463.0,19699,60,125995177;1673586483;138177198;395770377;191290281,1171243748;383867949;177953305;85696663;425588742
8836442480,1780459210,2371,True,9828897.0,10135834.0,19699,60,140411011;181716137;156328257;155447692;118559150,375507918;146711951;218367241;193815691;110759067
8836423699,1780456432,1301,True,9005364.0,8970060.0,19201,60,1675393568;451153940;357873937;179986197;123406722,894758362;200669009;95501968;253075824;214494274
8836405801,1780454461,1437,True,8970060.0,9005364.0,19201,60,214494274;894758362;95501968;253075824;200669009,1675393568;451153940;179986197;357873937;123406722
8836397703,1780453410,3353,False,9678463.0,10150267.0,19699,60,1171243748;383867949;177953305;85696663;425588742,191290281;1673586483;138177198;395770377;125995177
8836393663,1780452945,1777,True,9691969.0,9973656.0,19699,60,87063175;100471531;968545762;131303632;81475303,186837494;914221413;421515107;100758751;185202677
8836386484,1780452274,1618,True,9005364.0,8970060.0,19201,60,1675393568;357873937;451153940;179986197;123406722,894758362;95501968;253075824;214494274;200669009
8836383376,1780451729,1887,True,,,19752,60,1087358646;50871324;454424529;851268274;1096757201,226031143;160184815;888477316;863982216;1289113611
8836368868,1780450002,1467,True,9048057.0,8850016.0,19201,60,164322994;294245092;177062248;154357932;279486190,437135906;64188013;296080998;419736556;234382300
8836359315,1780448823,2478,False,10150267.0,9678463.0,19699,60,191290281;1673586483;138177198;395770377;125995177,1171243748;383867949;177953305;85696663;425588742
8836358188,1780448976,1594,True,9691969.0,9973656.0,19699,60,87063175;131303632;100471531;968545762;81475303,186837494;914221413;421515107;185202677;100758751
8836352262,1780447924,1535,True,8850016.0,9048057.0,19201,60,234382300;296080998;437135906;419736556;64188013,279486190;177062248;294245092;164322994;154357932
8836351601,1780447779,2398,True,10089085.0,10144212.0,19752,60,888477316;226031143;863982216;1289113611;160184815,1087358646;851268274;454424529;50871324;1096757201
8836336018,1780445828,1506,True,9048057.0,8850016.0,19201,60,279486190;154357932;294245092;164322994;177062248,234382300;64188013;419736556;437135906;296080998
8836316522,1780443329,1737,False,8957156.0,9025669.0,19201,60,120231412;126130434;36771694;1674673556;264869776,315850275;338281289;307624442;844586465;169359670
8836310258,1780442535,3078,False,10144212.0,,19752,60,1096757201;851268274;149993769;454424529;1087358646,160184815;226031143;412767993;863982216;50871324
8836297094,1780441025,1777,False,9025669.0,8957156.0,19201,60,315850275;307624442;338281289;844586465;169359670,120231412;36771694;1674673556;264869776;126130434
8836292316,1780440463,3009,True,9691969.0,10108655.0,19699,60,87063175;131303632;100471531;968545762;81475303,352623024;399920568;392385140;117089283;164685175
8836275621,1780438735,1218,True,9973656.0,8965331.0,19699,60,186837494;914221413;421515107;100758751;185202677,283545554;324627809;197813893;183126002;120416283
8836269382,1780438732,1688,False,8957156.0,9025669.0,19201,60,126130434;36771694;120231412;264869776;1674673556,844586465;338281289;315850275;307624442;169359670
8836246839,1780436142,4299,True,,,19752,60,1289113611;149993769;863982216;385377236;50871324,888477316;852310758;454424529;412767993;292803721
8836234491,1780435332,1921,True,8850015.0,8849850.0,19201,60,234162677;328999660;1092522462;222022666;403346876,250144463;406522933;338946567;357479732;192275954
8836222114,1780434365,1735,False,8965331.0,9973656.0,19699,60,283545554;183126002;197813893;324627809;120416283,186837494;914221413;421515107;100758751;185202677
8836220468,1780434341,3539,True,9691969.0,10108655.0,19699,60,87063175;131303632;100471531;968545762;81475303,352623024;399920568;164685175;117089283;392385140
8836197482,1780432654,1861,False,8849850.0,8850015.0,19201,60,357479732;338946567;406522933;250144463;192275954,403346876;234162677;1092522462;222022666;328999660
8836161443,1780430468,1550,False,8850015.0,8849850.0,19201,60,403346876;1092522462;234162677;222022666;328999660,357479732;406522933;338946567;250144463;192275954
8836144558,1780429570,2172,True,9973656.0,9600331.0,19699,60,186837494;914221413;421515107;100758751;185202677,288144026;242885483;874981361;145372258;197574429
8836111353,1780427830,4471,False,9729342.0,9767951.0,18867,60,1054708192;1771146737;1000681260;205630113;1674266188,1136465061;1868210186;1056145299;236214375;113923026
8836059527,1780424981,2514,False,9973656.0,9600331.0,19699,60,186837494;914221413;421515107;100758751;185202677,288144026;242885483;874981361;145372258;197574429
8836057732,1780424891,1616,False,9799036.0,10108655.0,19699,60,185001854;176923146;908940454;121591254;182322692,392385140;399920568;352623024;117089283;164685175
8836038473,1780423921,2663,True,9729342.0,9767951.0,18867,60,1771146737;1674266188;1054708192;205630113;1000681260,1136465061;236214375;113923026;1056145299;1868210186
8835990030,1780421570,1351,True,10007804.0,9505264.0,18867,60,1136465061;236214375;1056145299;1868210186;113923026,205630113;1054708192;1674266188;1771146737;1000681260
8835979999,1780421012,1946,False,9600331.0,9973656.0,19699,60,288144026;242885483;874981361;145372258;197574429,186837494;914221413;421515107;100758751;185202677
8835960490,1780420690,1908,True,10108655.0,9799036.0,19699,60,164685175;399920568;117089283;392385140;352623024,185001854;176923146;182322692;121591254;908940454
8835914003,1780418546,2263,True,10150633.0,36.0,19699,60,879017980;115651292;1202267677;230487729;203351055,957204049;185590374;835864135;130991304;919735867
8835885167,1780416566,2296,False,9767998.0,10145429.0,18959,60,1750916329;1750577069;1749630639;1750248703;1750435217,1925062076;1927064773;1925436567;1924874376;1924555376
8835876755,1780416138,1805,False,10060977.0,9530716.0,18867,60,203989019;790671764;780412858;906511622;793630681,130433320;339941742;1171975340;205630113;113923026
8835829644,1780414028,1736,True,10145429.0,9767998.0,18959,60,1925062076;1927064773;1925436567;1924555376;1924874376,1749630639;1750577069;1750916329;1750248703;1750435217
8835818773,1780413520,2636,True,36.0,10150633.0,19699,60,957204049;835864135;185590374;130991304;919735867,879017980;115651292;1202267677;230487729;203351055
8835806192,1780413522,1498,True,9828921.0,10060977.0,18867,60,130433320;1171975340;339941742;205630113;113923026,203989019;790671764;793630681;141287256;906511622
8835774213,1780411733,1649,True,9767998.0,10145429.0,18959,60,1749630639;1750577069;1750916329;1750248703;1750435217,1927064773;1924874376;1924555376;1925062076;1925436567
8835738077,1780410133,1331,True,8831040.0,10060977.0,18867,60,1251984026;1906005443;878549965;1674266188;1811371866,203989019;790671764;141287256;793630681;906511622
8835734817,1780410004,4913,True,7872957.0,9981569.0,19699,60,1028012361;1004229172;154259887;346174811;129807919,460989174;1200050970;240477861;837245291;154171908
8835728100,1780409729,1918,True,10158550.0,10149530.0,19699,60,96183976;294135421;185059559;363739653;295697470,140251702;145065875;123787715;320017600;92487440
8835713529,1780409156,1701,False,2443375.0,9878494.0,18959,60,80599925;1045494300;301477244;181339278;1103355581,1903997264;1904129499;1903247233;1902895053;1902237853
8835703860,1780409034,2390,True,10150633.0,36.0,19699,60,879017980;115651292;1202267677;230487729;203351055,835864135;957204049;130991304;919735867;185590374
8835696404,1780408465,3113,False,10144963.0,10144933.0,19682,60,1460343232;1064005461;129824457;139625562;141124286,175842532;338465995;125735693;330455610;86861086
8835684858,1780407968,934,True,10136357.0,10041696.0,19699,60,418942836;152168157;140297552;101356886;138880576,205389770;188212380;174704427;860706122;224514487
8835659100,1780406985,1639,True,9878494.0,2443375.0,18959,60,1903997264;1904129499;1903247233;1902895053;1902237853,301477244;80599925;1045494300;181339278;1103355581
8835628138,1780405551,1231,True,10144936.0,9580444.0,19682,60,129925807;307301919;250729191;146978019;213657038,330117525;1185132194;136716944;261738292;152496029
8835625855,1780405492,2233,False,10060977.0,8831040.0,18867,60,203989019;790671764;141287256;793630681;906511622,1251984026;1906005443;878549965;1674266188;1811371866
8835623509,1780405373,1813,True,10150388.0,10150707.0,19682,60,279813366;411887995;884394311;117199318;205196455,165259791;183408948;224292145;204481134;134461931
8835623302,1780405340,2137,True,7872957.0,9981569.0,19699,60,1028012361;1004229172;154259887;346174811;129807919,460989174;1200050970;240477861;837245291;154171908
8835616443,1780405040,2448,False,10144963.0,10144933.0,19682,60,1460343232;347498785;129824457;1064005461;139625562,175842532;330455610;338465995;125735693;86861086
8835609186,1780405166,2805,True,10158550.0,10149530.0,19699,60,96183976;294135421;185059559;363739653;295697470,140251702;145065875;320017600;123787715;92487440
8835609179,1780405176,1419,True,10136357.0,10041696.0,19699,60,418942836;152168157;140297552;101356886;138880576,174704427;860706122;188212380;224514487;205389770
8835598064,1780404223,1852,False,8629315.0,9768243.0,18959,60,1232094007;202984325;162724090;992327405;1170923497,1880979563;1880007196;1879746018;1880066287;1880011613
8835565941,1780402758,1717,False,9593609.0,9729268.0,18867,60,1634724608;1029972951;878549965;1023487276;1712916118,130433320;1171975340;205630113;1674266188;1868210186
8835564287,1780402805,1861,True,10150538.0,36.0,19699,60,177203952;1026694469;292921272;105045291;81306398,957204049;835864135;185590374;130991304;919735867
8835563429,1780402552,2369,False,,,18477,60,1253831730;227507834;137648976;897262645;180455444,179328950;237133438;136721464;201322812;138633478
8835554449,1780402092,2834,False,10151030.0,10151159.0,19682,60,457347455;152485523;198892029;1723235881;219538537,143695446;157433878;136171371;1037211232;199666669
8835548723,1780401856,1360,True,9768243.0,8629315.0,18959,60,1880979563;1880066287;1880011613;1880007196;1879746018,162724090;1232094007;202984325;1170923497;992327405
8835545715,1780401660,2512,True,10150388.0,10150707.0,19682,60,279813366;411887995;117199318;884394311;205196455,165259791;224292145;183408948;204481134;134461931
8835545117,1780401632,2744,False,9580444.0,10144936.0,19682,60,261738292;1185132194;330117525;136716944;152496029,129925807;307301919;213657038;146978019;250729191
8835543779,1780401589,2176,False,10144933.0,10144963.0,19682,60,338465995;175842532;125735693;86861086;330455610,1460343232;347498785;1064005461;129824457;139625562
8835490699,1780398485,2374,True,36.0,10150538.0,19699,60,957204049;835864135;185590374;130991304;919735867,177203952;1026694469;292921272;105045291;81306398
8835482681,1780397992,3921,True,9593609.0,9906210.0,18867,60,1029972951;1634724608;878549965;1023487276;1712916118,130433320;205630113;1171975340;1674266188;1868210186
8835480922,1780398555,2113,False,9981569.0,10041696.0,19699,60,460989174;1200050970;240477861;837245291;154171908,174704427;860706122;188212380;205389770;224514487
8835460923,1780396611,2425,True,10136133.0,7299465.0,19699,60,93526520;196482746;1092267175;206097366;340421206,164506534;116865891;331711578;417235485;184620877
8835441134,1780395315,1226,False,9768002.0,9425656.0,18959,60,1750623235;1749799475;1750510331;1750299292;808766025,397206052;1621497616;1621422877;1621570409;1622405666
8835433698,1780394776,1896,False,10041696.0,9981569.0,19699,60,188212380;174704427;860706122;205389770;224514487,460989174;837245291;240477861;1200050970;154171908
8835433505,1780394837,2108,True,9729268.0,9593609.0,18867,60,130433320;1171975340;205630113;1674266188;1868210186,878549965;1023487276;1029972951;1634724608;1712916118
8835429068,1780394435,1470,False,7872957.0,10136357.0,19699,60,346174811;1004229172;1028012361;154259887;129807919,418942836;152168157;140297552;101356886;138880576
8835428935,1780394518,2256,True,10150538.0,36.0,19699,60,177203952;1026694469;292921272;105045291;81306398,957204049;185590374;835864135;130991304;919735867
8835410084,1780393030,1735,True,9425656.0,9768002.0,18959,60,1622405666;397206052;1621422877;1621497616;1621570409,1750299292;1750623235;1749799475;1750510331;808766025
8835387039,1780391504,1173,True,10136357.0,7872957.0,19699,60,418942836;152168157;140297552;101356886;138880576,346174811;1004229172;154259887;1028012361;129807919
8835380966,1780390835,1701,True,10041696.0,9981569.0,19699,60,174704427;860706122;188212380;224514487;205389770,460989174;1200050970;240477861;154171908;837245291
8835380132,1780390657,1330,False,9767998.0,9814269.0,18959,60,1750577069;1749630639;1750248703;1750916329;1750435217,1903287666;1902976475;1902782463;1903043745;1902738528
8835373075,1780390795,3611,True,10136133.0,7299465.0,19699,60,93526520;196482746;1092267175;206097366;340421206,164506534;116865891;331711578;417235485;184620877
8835361193,1780389072,1077,False,9593609.0,8831040.0,18867,60,1029972951;1023487276;236214375;878549965;1712916118,1251984026;1246531472;1906005443;1056145299;1811371866
8835347066,1780388060,1933,True,9814269.0,9767998.0,18959,60,1903043745;1902976475;1902782463;1903287666;1902738528,1750916329;1750435217;1750577069;1750248703;1749630639
8835320822,1780386089,1904,True,8831040.0,9593609.0,18867,60,1906005443;1251984026;1246531472;1056145299;1811371866,878549965;1712916118;236214375;1029972951;1023487276
8835316576,1780385309,1553,False,8629315.0,10145429.0,18959,60,202984325;992327405;1232094007;1170923497;162724090,1924874376;1925436567;1927064773;1925062076;1924555376
8835294157,1780383076,1470,True,10145429.0,8629315.0,18959,60,1924555376;1927064773;1924874376;1925436567;1925062076,992327405;1170923497;202984325;1232094007;162724090
8835291385,1780382791,1255,False,9425656.0,9878494.0,18959,60,1621497616;397206052;1622405666;1621422877;1621570409,1904129499;1902895053;1903997264;1903247233;1902237853
8835273701,1780381048,1835,True,9724428.0,9878408.0,18867,60,236214375;1695617010;339941742;1591533176;819437701,1811371866;1029972951;1906005443;367217819;179469240
8835269863,1780380794,1402,True,9878494.0,9425656.0,18959,60,1904129499;1902895053;1903247233;1902237853;1903997264,1621570409;397206052;1622405666;1621497616;1621422877
8835267326,1780380429,1746,True,9426115.0,9768243.0,18959,60,176158708;183270733;1090568489;819244033;412910858,1880007196;1880066287;1880979563;1879746018;1880011613
8835255212,1780379074,1043,False,9878408.0,9724428.0,18867,60,1906005443;1029972951;367217819;1811371866;179469240,236214375;819437701;1695617010;339941742;1591533176
8835251721,1780378695,1295,False,9767998.0,2443375.0,18959,60,1750916329;1749630639;1750248703;1750577069;1750435217,80599925;181339278;1045494300;301477244;1103355581
8835244203,1780377892,1765,False,9768243.0,9426115.0,18959,60,1880011613;1880007196;1879746018;1880066287;1880979563,183270733;412910858;819244033;1090568489;176158708
8835231721,1780376479,1634,True,2443375.0,9767998.0,18959,60,181339278;301477244;1045494300;80599925;1103355581,1750435217;1750916329;1749630639;1750248703;1750577069
8835218189,1780374832,2313,False,9718665.0,9724428.0,18867,60,1131833218;1029972951;1054708192;1591533176;1811371866,179469240;819437701;236214375;1906005443;339941742
8835215958,1780374650,1880,False,9426115.0,9768243.0,18959,60,183270733;1090568489;819244033;412910858;176158708,1880011613;1880007196;1879746018;1880066287;1880979563
8835208403,1780373960,1928,True,9767998.0,2443375.0,18959,60,1750435217;1750248703;1750916329;1750577069;1749630639,301477244;181339278;1045494300;80599925;1103355581
8835190136,1780371592,2104,True,9724428.0,9718665.0,18867,60,1906005443;236214375;339941742;819437701;179469240,1591533176;1054708192;1811371866;1131833218;1029972951
8835174414,1780369786,2114,True,9025669.0,9005364.0,19201,60,169359670;844586465;315850275;307624442;338281289,357873937;1675393568;179986197;451153940;123406722
8835155619,1780367557,1808,True,9005364.0,9025669.0,19201,60,1675393568;179986197;357873937;451153940;123406722,307624442;169359670;844586465;315850275;338281289
8835147687,1780366602,1868,True,9678463.0,8965331.0,19699,60,1171243748;383867949;177953305;85696663;425588742,183126002;283545554;324627809;120416283;197813893
8835144271,1780366192,3041,False,9691969.0,10150267.0,19699,60,87063175;131303632;81475303;968545762;100471531,191290281;1673586483;138177198;395770377;125995177
8835131018,1780364883,2256,True,9025669.0,9005364.0,19201,60,307624442;169359670;315850275;844586465;338281289,1675393568;179986197;357873937;451153940;123406722
8835115245,1780362620,1941,True,,,19752,60,50871324;454424529;412272556;888477316;1096757201,1289113611;852310758;278926146;292803721;352137522
8835112249,1780362455,2222,True,9678463.0,8965331.0,19699,60,1171243748;383867949;177953305;85696663;425588742,283545554;183126002;197813893;324627809;120416283
8835110294,1780362163,1891,True,8970060.0,8850015.0,19201,60,200669009;95501968;253075824;894758362;214494274,1092522462;328999660;222022666;403346876;234162677
8835108601,1780362011,2229,True,10150267.0,9691969.0,19699,60,191290281;1673586483;138177198;395770377;125995177,87063175;131303632;100471531;968545762;81475303
8835092212,1780359661,1817,False,8850015.0,8970060.0,19201,60,1092522462;328999660;234162677;222022666;403346876,95501968;200669009;253075824;894758362;214494274
8835071492,1780357050,2013,False,8970060.0,8850015.0,19201,60,95501968;253075824;200669009;894758362;214494274,328999660;403346876;1092522462;222022666;234162677
8835059673,1780356096,2812,False,9600331.0,10150267.0,19699,60,242885483;874981361;288144026;145372258;197574429,191290281;1673586483;138177198;395770377;125995177
8835057428,1780355283,3881,True,,,19752,60,292803721;1087358646;454424529;888477316;412272556,1096757201;385377236;50871324;1202359825;348339612
8835050627,1780354735,1590,False,9048057.0,8849850.0,19201,60,177062248;154357932;294245092;164322994;279486190,338946567;406522933;250144463;192275954;357479732
8835022398,1780351835,1959,True,8849850.0,9048057.0,19201,60,250144463;192275954;338946567;406522933;357479732,294245092;164322994;177062248;154357932;279486190
8835021781,1780351519,2527,False,10150267.0,9600331.0,19699,60,125995177;1673586483;138177198;395770377;191290281,288144026;242885483;874981361;145372258;197574429
8835019009,1780351261,1609,False,,10163747.0,19752,60,385377236;852310758;226031143;301985954;851268274,1289113611;454424529;336857964;412272556;149993769
8835004262,1780350140,2030,True,9691969.0,9973656.0,19699,60,87063175;968545762;100471531;131303632;81475303,186837494;914221413;421515107;185202677;100758751
8834995084,1780349309,1712,True,8850016.0,8957156.0,19201,60,296080998;437135906;419736556;234382300;64188013,126130434;1674673556;120231412;264869776;36771694
8834979014,1780347867,1832,True,10150267.0,9600331.0,19699,60,191290281;1673586483;138177198;395770377;125995177,288144026;242885483;874981361;197574429;145372258
8834960822,1780346574,1992,True,8957156.0,8850016.0,19201,60,264869776;1674673556;120231412;126130434;36771694,64188013;234382300;419736556;296080998;437135906
8834959985,1780346467,1879,True,,,19752,60,385377236;226031143;412272556;852310758;1289113611,336857964;851268274;888477316;292803721;1096757201
8834943075,1780345451,2369,True,9773195.0,9461271.0,18867,60,347018598;1171975340;205630113;1054708192;113923026,1674266188;367217819;236214375;1811371866;130433320
8834932746,1780344775,2934,False,10108655.0,8965331.0,19699,60,352623024;164685175;399920568;117089283;392385140,183126002;324627809;197813893;283545554;120416283
8834922620,1780344310,1686,True,8850016.0,8957156.0,19201,60,64188013;296080998;419736556;234382300;437135906,264869776;120231412;1674673556;36771694;126130434
8834889454,1780342323,1636,True,10150633.0,9928636.0,19699,60,879017980;115651292;1202267677;230487729;203351055,293731272;40805086;148612029;276449590;1048617659
8834884578,1780342059,2348,True,9461271.0,9773195.0,18867,60,130433320;367217819;236214375;1674266188;1811371866,1054708192;205630113;1171975340;347018598;113923026
8834867207,1780341284,2676,False,9799036.0,9678463.0,19699,60,185001854;176923146;908940454;121591254;182322692,1171243748;383867949;177953305;85696663;425588742
8834864233,1780341635,2212,True,9255039.0,9895247.0,19699,60,125445069;383788462;175311897;122817493;123023873,234119750;1153798101;1675517497;435139370;104334048
8834851133,1780340298,4314,False,9337762.0,10163747.0,19752,60,493147987;226031143;864666491;121185372;888477316,412272556;388025026;412767993;863982216;851268274
8834832296,1780339316,3267,False,10108655.0,8965331.0,19699,60,352623024;399920568;392385140;117089283;164685175,183126002;283545554;197813893;324627809;120416283
8834818012,1780338668,2259,True,9773195.0,9461271.0,18867,60,347018598;1171975340;1054708192;205630113;113923026,1811371866;367217819;130433320;236214375;1674266188
8834190489,1780308109,1969,True,9928636.0,10101793.0,19699,60,293731272;40805086;148612029;276449590;1048617659,226786631;1152948930;135709988;1218097624;207527352
8834178792,1780307344,1954,False,9878494.0,10145429.0,18959,60,1902895053;1902237853;1903247233;1904129499;1903997264,1925062076;1924555376;1924874376;1925436567;1927064773
8834154830,1780305455,2097,True,9878408.0,9729351.0,18867,60,1029972951;236214375;297111049;1000681260;1868210186,1054708192;1712916118;1171975340;800862190;819437701
8834137660,1780304282,2229,True,9768002.0,9814269.0,18959,60,1750623235;808766025;1750510331;1749799475;1750299292,1903287666;1902738528;1903043745;1902782463;1902976475
8834137163,1780304404,4141,True,7299465.0,9895247.0,19699,60,164506534;116865891;331711578;417235485;184620877,1153798101;234119750;1675517497;435139370;104334048
8834134219,1780304401,2527,True,10136133.0,9255039.0,19699,60,93526520;196482746;1092267175;206097366;340421206,125445069;383788462;175311897;122817493;123023873
8834102542,1780301409,1892,False,9814269.0,9768002.0,18959,60,1903043745;1902738528;1903287666;1902782463;1902976475,1749799475;1750510331;808766025;1750299292;1750623235
8834093348,1780300652,2449,False,9564888.0,9878408.0,18867,60,1171975340;1054708192;800862190;1712916118;819437701,297111049;1868210186;1029972951;236214375;1000681260
8834067986,1780298390,2203,False,9768002.0,9814269.0,18959,60,1749799475;808766025;1750623235;1750510331;1750299292,1902738528;1903043745;1902782463;1902976475;1903287666
8834053011,1780296981,1956,False,9768243.0,10145429.0,18959,60,1880007196;1880066287;1880011613;1880979563;1879746018,1924874376;1925062076;1925436567;1924555376;1927064773
8834037495,1780295439,2115,False,9425656.0,9767998.0,18959,60,1621497616;1621570409;397206052;1622405666;1621422877,1750577069;1750435217;1750248703;1750916329;1749630639
8834036829,1780295338,3253,False,9964674.0,9593609.0,18867,60,1054708192;339941742;800862190;297111049;1000681260,1171975340;1712916118;1029972951;819437701;331347492
8834013921,1780293990,2057,True,10145429.0,9768243.0,18959,60,1924874376;1925062076;1925436567;1924555376;1927064773,1880007196;1880011613;1880066287;1879746018;1880979563
8834009474,1780292525,2145,True,9767998.0,9425656.0,18959,60,1750577069;1749630639;1750435217;1750248703;1750916329,1621497616;1622405666;1621570409;397206052;1621422877
8834004290,1780291924,2366,True,9593609.0,9964674.0,18867,60,1171975340;819437701;331347492;1029972951;1712916118,297111049;339941742;1054708192;800862190;1000681260
8833993528,1780290709,1683,True,9426115.0,9878494.0,18959,60,1090568489;412910858;183270733;819244033;176158708,1902237853;1903997264;1904129499;1902895053;1903247233
8833984396,1780289654,1844,True,8629315.0,2443375.0,18959,60,162724090;992327405;1232094007;1170923497;202984325,1045494300;301477244;181339278;1103355581;80599925
8833966286,1780287667,1843,False,9878494.0,9426115.0,18959,60,1902237853;1903247233;1902895053;1903997264;1904129499,1090568489;183270733;412910858;819244033;176158708
8833962786,1780287272,1659,False,2443375.0,8629315.0,18959,60,1045494300;301477244;181339278;1103355581;80599925,162724090;1232094007;202984325;1170923497;992327405
8833913866,1780281751,1772,False,9048057.0,8850015.0,19201,60,164322994;177062248;279486190;154357932;294245092,222022666;403346876;234162677;328999660;1092522462
8833890455,1780279094,2170,True,8850015.0,9048057.0,19201,60,222022666;234162677;403346876;328999660;1092522462,164322994;177062248;154357932;279486190;294245092
8833868039,1780276403,1910,True,9048057.0,8850015.0,19201,60,279486190;177062248;164322994;154357932;294245092,1092522462;222022666;403346876;328999660;234162677
8833861431,1780275598,1717,True,2885851.0,10039783.0,19467,60,387836517;398747760;395770377;133958007;908940454,122718146;106968950;196515905;91991896;106362295
8833839835,1780273044,1705,True,8957156.0,8849850.0,19201,60,36771694;126130434;1674673556;120231412;264869776,192275954;338946567;357479732;250144463;406522933
8833835753,1780272574,1333,False,10039783.0,2885851.0,19467,60,122718146;91991896;106968950;196515905;106362295,398747760;133958007;908940454;395770377;387836517
8833820176,1780270776,1821,False,8849850.0,8957156.0,19201,60,338946567;192275954;357479732;406522933;250144463,120231412;264869776;36771694;1674673556;126130434
8833798741,1780268533,2408,True,9988580.0,8421759.0,19467,60,125989153;143659264;249986681;132449853;866438572,127357660;70157388;150557280;103377644;284888782
8833796642,1780268451,1651,False,8957156.0,8849850.0,19201,60,120231412;126130434;1674673556;36771694;264869776,338946567;192275954;406522933;250144463;357479732
8833796480,1780268245,3697,True,8179443.0,8464190.0,19752,60,385377236;412272556;352137522;149993769;852310758,454424529;50871324;493147987;226031143;888477316
8833768030,1780265732,1699,False,8421759.0,9988580.0,19467,60,127357660;284888782;103377644;70157388;150557280,125989153;143659264;249986681;132449853;866438572
8833767358,1780265697,1884,False,8970060.0,9025669.0,19201,60,253075824;200669009;894758362;95501968;214494274,844586465;169359670;338281289;307624442;315850275
8833751030,1780264285,2075,True,,10144212.0,19752,60,50871324;385377236;160184815;359774558;149993769,380397005;412272556;851268274;493147987;888477316
8833729896,1780262896,2151,True,9025669.0,8970060.0,19201,60,844586465;307624442;315850275;169359670;338281289,253075824;894758362;95501968;200669009;214494274
8833721328,1780262198,2405,True,8124644.0,581153.0,19467,60,116279484;122569236;287296252;230810405;204995115,124719218;94374162;129081913;125867450;91420774
8833690702,1780260295,1790,True,8850016.0,9005364.0,19201,60,64188013;437135906;419736556;296080998;234382300,123406722;357873937;1675393568;179986197;451153940
8833663714,1780258712,1856,False,9729268.0,9729351.0,18867,60,113923026;331347492;1171975340;1868210186;130433320,297111049;367217819;236214375;878549965;1131833218
8833650956,1780258080,2895,True,8124644.0,581153.0,19467,60,116279484;122569236;204995115;230810405;287296252,124719218;94374162;129081913;91420774;125867450
8833649805,1780258046,1630,False,9005364.0,8850016.0,19201,60,123406722;1675393568;179986197;357873937;451153940,64188013;419736556;234382300;437135906;296080998
8833616319,1780256254,1669,True,9467025.0,9729268.0,18867,60,297111049;236214375;878549965;1131833218;367217819,331347492;1171975340;113923026;1868210186;130433320
8833597013,1780255307,2366,False,,10026281.0,19699,60,100488804;1844651545;126246610;250375405;287279252,117756024;1631089594;1517143219;125478196;138539517
8833592202,1780255071,3823,False,10150633.0,10150538.0,19699,60,879017980;115651292;1202267677;230487729;203351055,177203952;1026694469;292921272;105045291;81306398
8833570075,1780254021,2376,False,9600141.0,36.0,19699,60,349310876;72393079;374875067;115464954;241519559,919735867;835864135;185590374;957204049;130991304
8833503771,1780250954,2735,True,7626304.0,8133215.0,19699,60,250317389;123953528;232763274;255339080;396792504,425224180;298831966;152780615;220114337;146969247
8833501927,1780250892,2788,True,9878408.0,10143784.0,18867,60,297111049;1029972951;1906005443;157998413;1868210186,236214375;1613937051;878549965;130433320;1634724608
8833492242,1780250570,1821,False,9600141.0,36.0,19699,60,349310876;72393079;374875067;115464954;241519559,835864135;130991304;957204049;185590374;919735867
8833491653,1780250404,2605,True,10108205.0,,19176,60,996361109;101816835;116047037;134385892;1738087684,1022491787;1249948923;1697622668;160842657;1040653888
8833481366,1780249930,2459,False,4006794.0,,19699,60,397500264;324503957;161832923;284764178;103882465,1844651545;250375405;287279252;126246610;100488804
8833436104,1780247909,2278,False,8766111.0,,19699,60,86692726;241961344;93159453;150914755;319495561,1517143219;1631089594;117756024;125478196;138539517
8833415653,1780247011,2429,True,10143784.0,9397016.0,18867,60,1634724608;1613937051;236214375;878549965;130433320,157998413;1029972951;297111049;1906005443;1868210186
8833404673,1780246534,1985,True,,,19699,60,232763274;123953528;250317389;255339080;396792504,250970093;89772237;190248321;449741428;177187550
8833393817,1780246070,2301,False,,2571045.0,19699,60,189977584;134268169;910023324;129683847;161092840,152780615;425224180;298831966;220114337;146969247
8833386988,1780245775,2762,True,10163435.0,,19176,60,283364112;775152267;1674980028;142288389;121642169,1235153161;443420847;814169040;1047305324;175310463
8833382835,1780245598,604,True,10108205.0,10163438.0,19176,60,996361109;101816835;116047037;134385892;1738087684,440826902;989515514;1034741835;480385022;1052523438
8833354742,1780244418,2943,True,,9885816.0,19699,60,100488804;1844651545;250375405;287279252;126246610,1027553502;996170963;433222919;1043026153;193799201
8833345086,1780244019,2078,False,10162622.0,10026281.0,19699,60,200764100;365358795;785515061;170544607;367692292,138539517;1631089594;117756024;1517143219;125478196
8833340147,1780243817,1102,True,8766111.0,9271656.0,19699,60,86692726;241961344;93159453;150914755;319495561,341571686;92001890;120052382;164544758;389450537
8833332886,1780243521,1347,True,,9885271.0,19699,60,232763274;123953528;250317389;396792504;255339080,1111506;1188260276;120086733;85398356;173300921
8833328024,1780243329,1522,True,,,19699,60,152780615;425224180;298831966;220114337;146969247,14969759;149739956;125259235;133024804;311830752
8833327581,1780243499,2488,False,10150610.0,36.0,19699,60,111656727;917164766;163061132;123717676;860264647,957204049;185590374;835864135;130991304;919735867
8833327529,1780243343,2257,True,9397016.0,10143824.0,18867,60,297111049;157998413;1029972951;1868210186;1906005443,1613937051;1634724608;878549965;236214375;1712916118
8833236535,1780239771,2113,True,9828921.0,10060977.0,18867,60,1136465061;113923026;339941742;800862190;130433320,203989019;790671764;906511622;141287256;793630681
8833236216,1780239676,2027,False,10150610.0,36.0,19699,60,111656727;163061132;123717676;917164766;860264647,957204049;835864135;919735867;185590374;130991304
8833233263,1780239565,4229,False,,,19176,60,47245191;186678610;109449495;183068993;1480752996,1235153161;814169040;1047305324;175310463;443420847
8833228460,1780239384,2346,True,,10158044.0,19176,60,1697622668;160842657;1022491787;1249948923;1040653888,173486118;1104438958;243828343;312492218;489111329
8833225653,1780239279,2125,True,10163438.0,9467170.0,19176,60,440826902;1034741835;989515514;480385022;1052523438,871792389;1216455388;1705898996;1161968490;1081287174
8833223920,1780239216,2118,True,10108205.0,10144959.0,19176,60,996361109;134385892;101816835;116047037;1738087684,381626363;1238726717;391255649;415003607;168925357
8833223630,1780239204,2914,False,10108233.0,10163435.0,19176,60,1583300284;134127887;69454970;842441009;1676215765,283364112;121642169;142288389;1674980028;775152267
8833220211,1780239075,1430,False,,9600141.0,19699,60,1178451669;311534425;195608714;180077091;115506817,349310876;72393079;374875067;115464954;241519559
8833150780,1780236528,2184,True,9828921.0,10060977.0,18867,60,113923026;1136465061;800862190;339941742;130433320,203989019;141287256;790671764;793630681;906511622
8833136898,1780236201,1463,True,9600141.0,9547052.0,19699,60,349310876;72393079;374875067;115464954;241519559,180077091;311534425;195608714;1178451669;115506817
8833131359,1780235941,2087,False,36.0,10150610.0,19699,60,957204049;185590374;835864135;130991304;919735867,111656727;163061132;860264647;123717676;917164766
8833106431,1780234878,1813,False,,7956201.0,19176,60,109449495;186678610;183068993;47245191;1480752996,1891547466;988207367;30342134;346099139;1055134741
8833103592,1780234774,2923,True,9556121.0,7173025.0,19066,60,1769127530;123057520;173078303;1312807596;191803033,108578840;868092553;142875917;158683256;246903037
8833099711,1780234633,2232,False,10151030.0,10150388.0,19682,60,1268846148;198892029;457347455;219538537;183701453,117199318;279813366;205196455;884394311;411887995
8833093267,1780234395,1538,False,10075725.0,10163435.0,19176,60,463177856;922565726;1783869957;1455085754;772557552,283364112;775152267;121642169;1674980028;142288389
8833086496,1780234144,1657,False,,10158240.0,19176,60,1254484599;1185975629;1247811381;1554480350;1786722096,1047305324;1235153161;443420847;175310463;814169040
8833084587,1780234071,1267,True,10158044.0,,19176,60,173486118;489111329;312492218;243828343;1104438958,850071833;411700217;834150915;945056606;1162208590
8833083768,1780234041,1808,True,10108205.0,,19176,60,996361109;134385892;116047037;101816835;1738087684,1137253948;117898424;171689178;111470756;100922512
8833081921,1780233971,2167,False,10163444.0,10163438.0,19176,60,1070564262;385936200;60610279;128815214;1461558943,1034741835;989515514;440826902;480385022;1052523438
8833080407,1780233915,2406,False,10163439.0,,19176,60,15420765;771986257;475170204;1035493301;1120434679,1697622668;1022491787;160842657;1249948923;1040653888
8833078921,1780233860,3652,True,9467170.0,10157552.0,19176,60,871792389;1216455388;1705898996;1081287174;1161968490,1467940774;1691324623;1553095296;1163864705;921939706
8833078848,1780233857,1658,True,10144959.0,10130295.0,19176,60,391255649;168925357;415003607;381626363;1238726717,1533858059;803323855;467572891;1581351986;1556788240
8833075967,1780233749,2458,True,10108233.0,10157844.0,19176,60,1583300284;134127887;69454970;1676215765;842441009,1172484487;1582597568;1415344966;783509210;1286402955
8833055757,1780232970,3393,True,10144936.0,10144933.0,19682,60,245247805;129925807;213657038;250729191;141608052,338465995;175842532;330455610;86861086;125735693
8833054306,1780232953,2228,True,10060977.0,9828921.0,18867,60,203989019;141287256;790671764;793630681;906511622,800862190;113923026;339941742;1054708192;1136465061
8833033885,1780232141,2600,True,10150707.0,9580444.0,19682,60,165259791;183408948;249843173;204481134;134461931,1185132194;136716944;330117525;152496029;261738292
8833012268,1780231285,2269,False,10150388.0,10151030.0,19682,60,279813366;205196455;411887995;117199318;884394311,219538537;198892029;1268846148;183701453;457347455
8832979274,1780229880,1578,False,9593609.0,9397016.0,18867,60,1029972951;878549965;236214375;1771146737;1712916118,297111049;1146548664;1906005443;157998413;1868210186
8832977735,1780229810,1910,True,10157552.0,10157723.0,19176,60,1467940774;1553095296;1691324623;1163864705;921939706,1215595522;1166853469;1689930174;1720463208;1229520384
8832974610,1780229675,1572,False,10156958.0,,19176,60,1567439075;1847782899;1045769080;1873529028;349527193,850071833;834150915;411700217;882882294;945056606
8832971964,1780229558,2905,False,,,19176,60,1472838123;780740251;1151440775;1242067810;1540002622,1137253948;117898424;171689178;111470756;100922512
8832967545,1780229364,1152,True,10163438.0,,19176,60,440826902;1034741835;480385022;989515514;1052523438,1913398205;1209979900;1860251201;758225704;1162881437
8832967320,1780229355,1908,False,,,19176,60,180902862;1855835673;1920032436;206517443;821792110,1249948923;160842657;1697622668;1022491787;1040653888
8832967191,1780229348,1653,True,9148992.0,,19176,60,996361109;134385892;101816835;116047037;1738087684,190326567;1916830346;811795932;1559961145;1141410291
8832966777,1780229329,1121,True,10157844.0,,19176,60,1582597568;1415344966;1172484487;783509210;1286402955,1289772037;1298963967;843468084;1706657470;1567666543
8832966739,1780229328,1844,True,,,19176,60,15420765;475170204;771986257;1120434679;1035493301,1623317479;740936468;796184565;1073249185;1172991375
8832966307,1780229307,2448,False,9538742.0,7956201.0,19176,60,895893662;1039779819;1063781303;1632823950;871196491,1055134741;1891547466;988207367;346099139;30342134
8832965889,1780229286,2491,True,,9829263.0,19176,60,128815214;60610279;1070564262;385936200;1461558943,1679311444;1524154710;1056223334;1176145421;1834368529
8832965377,1780229265,1213,True,10158240.0,,19176,60,1235153161;175310463;1047305324;443420847;814169040,1090185400;1131624820;1756159902;1875438737;1405611090
8832965213,1780229259,1900,False,9316996.0,10144959.0,19176,60,1163760858;1534019342;1216386583;1184821602;418008992,381626363;391255649;415003607;168925357;1238726717
8832962699,1780229148,2474,False,9989379.0,10130295.0,19176,60,824726461;1066299944;1457710451;1579743095;1427628119,1556788240;803323855;467572891;1581351986;1533858059
8832962393,1780229135,2418,False,10151691.0,10158044.0,19176,60,1140819554;120672845;1513909447;908476847;1098918426,173486118;1104438958;489111329;312492218;243828343
8832961675,1780229103,1679,True,,,19176,60,922565726;1783869957;463177856;1455085754;772557552,795664126;746108754;1131501535;797353582;813338543
8832961029,1780229075,2075,True,9580444.0,10150707.0,19682,60,261738292;330117525;136716944;1185132194;152496029,165259791;183408948;249843173;204481134;134461931
8832953226,1780228745,2933,False,10144933.0,10144936.0,19682,60,338465995;125735693;175842532;330455610;86861086,129925807;250729191;141608052;213657038;245247805
8832952327,1780228937,2571,False,10163403.0,7872957.0,19699,60,269055316;878412184;114047775;398506698;210167497,1028012361;1004229172;154259887;346174811;129807919
8832889451,1780225692,2747,False,9928636.0,10150633.0,19699,60,293731272;40805086;148612029;276449590;1048617659,879017980;115651292;1202267677;230487729;203351055
8832888789,1780225893,2400,True,9397016.0,9593609.0,18867,60,297111049;1906005443;157998413;1146548664;1868210186,1029972951;236214375;878549965;1712916118;1771146737
8832884898,1780225463,2024,True,10163403.0,7872957.0,19699,60,269055316;878412184;114047775;398506698;210167497,129807919;1004229172;154259887;346174811;1028012361
8832882395,1780225355,2079,True,8629315.0,9768002.0,18959,60,1170923497;202984325;992327405;1232094007;162724090,808766025;1750299292;1750623235;1749799475;1750510331
8832870869,1780224745,1425,False,10101793.0,10150538.0,19699,60,226786631;1152948930;207527352;135709988;1218097624,177203952;1026694469;292921272;105045291;81306398
8832824054,1780222336,2007,False,9768002.0,8629315.0,18959,60,808766025;1750299292;1750510331;1750623235;1749799475,1170923497;992327405;202984325;1232094007;162724090
8832812545,1780221651,2624,True,7872957.0,,19699,60,1028012361;1004229172;154259887;346174811;129807919,878412184;269055316;210167497;114047775;398506698
8832812349,1780221641,2225,False,10007804.0,9593609.0,18867,60,113923026;1901055058;878549965;1771146737;194800812,297111049;800862190;236214375;1868210186;1712916118
8832812084,1780221717,1912,True,10150633.0,9928636.0,19699,60,879017980;115651292;1202267677;230487729;203351055,293731272;40805086;148612029;276449590;1048617659
8832809518,1780221637,1369,True,10150538.0,10101793.0,19699,60,177203952;1026694469;292921272;105045291;81306398,226786631;1218097624;207527352;135709988;1152948930
8832769778,1780219443,1717,True,9768243.0,9814269.0,18959,60,1879746018;1880066287;1880007196;1880011613;1880979563,1902738528;1902782463;1903043745;1903287666;1902976475
8832727046,1780217012,1406,True,9814269.0,9768243.0,18959,60,1903043745;1902738528;1903287666;1902782463;1902976475,1879746018;1880979563;1880066287;1880011613;1880007196
8832725338,1780216958,3413,True,9593609.0,10007804.0,18867,60,297111049;1868210186;800862190;236214375;1712916118,194800812;1901055058;878549965;1771146737;113923026
8832681161,1780214352,1455,True,9563873.0,9964674.0,18867,60,113923026;800862190;194800812;1771146737;1712916118,1901055058;1000681260;339941742;1591533176;1868210186
8832676461,1780214123,2047,True,9768243.0,9814269.0,18959,60,1879746018;1880007196;1880979563;1880011613;1880066287,1903043745;1902738528;1903287666;1902782463;1902976475
8832634144,1780211328,1849,True,9425656.0,2443375.0,18959,60,1621570409;1621497616;397206052;1622405666;1621422877,1103355581;1045494300;181339278;80599925;301477244
8832633798,1780211283,2252,True,9964674.0,9563873.0,18867,60,1000681260;1901055058;339941742;1591533176;1868210186,113923026;800862190;194800812;1771146737;1712916118
8832600410,1780209194,1136,False,10145429.0,9426115.0,18959,60,1925062076;1927064773;1924874376;1925436567;1924555376,1090568489;183270733;412910858;176158708;819244033
8832587550,1780208154,2014,False,2443375.0,9425656.0,18959,60,1045494300;301477244;1103355581;181339278;80599925,1621497616;1621570409;1622405666;397206052;1621422877
8832580098,1780207794,2408,True,9563873.0,9964674.0,18867,60,1771146737;800862190;194800812;1712916118;113923026,339941742;1901055058;1591533176;1868210186;1000681260
8832563895,1780206868,1627,True,9426115.0,10145429.0,18959,60,1090568489;176158708;183270733;819244033;412910858,1925062076;1925436567;1924874376;1927064773;1924555376
8832553238,1780205510,1827,False,9878494.0,9767998.0,18959,60,1903247233;1902237853;1902895053;1903997264;1904129499,1750916329;1750577069;1750248703;1749630639;1750435217
8832532460,1780203884,1790,True,8629315.0,9814269.0,18959,60,1170923497;202984325;1232094007;162724090;992327405,1902782463;1902738528;1902976475;1903043745;1903287666
8832523690,1780203060,1909,False,9767998.0,9878494.0,18959,60,1750435217;1750916329;1750577069;1750248703;1749630639,1902895053;1904129499;1902237853;1903247233;1903997264
8832519723,1780202707,2069,False,9724428.0,9564441.0,18867,60,1771146737;1841739065;339941742;1000681260;194800812,1901055058;113923026;800862190;1591533176;1712916118
8832508789,1780201802,1453,False,9814269.0,8629315.0,18959,60,1902782463;1903043745;1902738528;1903287666;1902976475,1170923497;1232094007;162724090;202984325;992327405
8832493281,1780200443,2018,False,9878494.0,9767998.0,18959,60,1904129499;1902895053;1903247233;1902237853;1903997264,1750435217;1750577069;1750916329;1750248703;1749630639
8832479109,1780199101,2002,True,9564441.0,9724428.0,18867,60,1591533176;800862190;1712916118;1901055058;113923026,1841739065;339941742;1771146737;1000681260;194800812
8832381202,1780189477,2902,True,,,19752,60,352137522;1096757201;50871324;160184815;852310758,1087358646;292803721;1202359825;1289113611;336857964
8832340193,1780185005,2025,True,,,19752,60,50871324;149993769;352137522;385377236;160184815,1289113611;336857964;412767993;1202359825;1096757201
8832290323,1780180517,3090,True,,,19752,60,412767993;336857964;1289113611;1202359825;1096757201,149993769;385377236;50871324;352137522;888477316
8832165578,1780172696,1607,True,9866035.0,2114225.0,19467,60,358507879;855611008;212656698;341874383;311825195,201474668;118124657;113750729;94507743;390587117
8832152223,1780172109,2068,True,9684245.0,9729351.0,18867,60,113923026;297111049;800862190;236214375;1000681260,1171975340;1674266188;878549965;1771146737;1811371866
8832088014,1780168845,2081,True,9684245.0,9729351.0,18867,60,297111049;800862190;236214375;1000681260;113923026,1771146737;1811371866;1171975340;1674266188;878549965
8832083806,1780168809,3450,True,10150267.0,9895350.0,19699,60,125995177;1673586483;138177198;395770377;191290281,202464276;183057960;445646028;248180032;329076390
8832024993,1780165769,2023,True,9729351.0,9684245.0,18867,60,1674266188;1811371866;1771146737;1171975340;878549965,297111049;1000681260;113923026;800862190;236214375
8832014833,1780165160,2107,True,10150267.0,9895350.0,19699,60,125995177;1673586483;138177198;395770377;191290281,445646028;183057960;202464276;248180032;329076390
8832008519,1780164838,2307,True,9799036.0,2885851.0,19699,60,185001854;176923146;182322692;908940454;121591254,350885810;398747760;133958007;207916561;387836517
8831993377,1780164124,2293,True,9691969.0,10027376.0,19699,60,87063175;131303632;100471531;968545762;81475303,410707457;1131665504;329589381;338769995;131246802
8831986752,1780163810,2331,True,10108655.0,10158121.0,19699,60,392385140;399920568;352623024;117089283;164685175,116266084;131706718;87209661;344161762;87037872
8831978733,1780163399,3380,False,4006794.0,10158718.0,19699,60,324503957;284764178;191104040;161832923;103882465,110784006;167291622;70540189;325035055;1088839120
8831952361,1780162198,1940,True,9729342.0,9718665.0,18867,60,113923026;1171975340;800862190;297111049;1000681260,1029972951;236214375;1054708192;1771146737;130433320
8831928087,1780160989,2341,False,2885851.0,9799036.0,19699,60,398747760;350885810;133958007;207916561;387836517,176923146;121591254;182322692;908940454;185001854
8831927547,1780161540,2026,True,9467224.0,2163.0,19101,60,124801257;301750126;126842529;256156323;320219866,16497807;97590558;201358612;77490514;152962063
8831926213,1780160826,1530,False,10158121.0,10108655.0,19699,60,116266084;131706718;87037872;344161762;87209661,164685175;399920568;352623024;392385140;117089283
8831924226,1780160899,2753,True,9895350.0,10150267.0,19699,60,445646028;183057960;202464276;248180032;329076390,191290281;1673586483;138177198;395770377;125995177
8831920135,1780160692,2140,True,9691969.0,10027376.0,19699,60,87063175;131303632;100471531;968545762;81475303,338769995;1131665504;410707457;329589381;131246802
8831895468,1780159458,2321,False,4006794.0,10158718.0,19699,60,284764178;161832923;191104040;324503957;103882465,110784006;70540189;167291622;325035055;1088839120
8831889574,1780159120,1941,False,9729342.0,9718665.0,18867,60,297111049;113923026;1171975340;800862190;1000681260,1029972951;1054708192;236214375;130433320;1771146737
8831817474,1780156623,3034,False,2163.0,9467224.0,19101,60,16497807;97590558;201358612;77490514;152962063,124801257;301750126;126842529;256156323;320219866
8831810450,1780155602,2396,True,9823272.0,7119388.0,19101,60,171262902;312436974;56351509;93817671;103735745,321580662;847565596;106305042;218231587;302214028
8831806840,1780155528,2529,False,9718665.0,9729342.0,18867,60,130433320;1029972951;1054708192;236214375;1771146737,297111049;800862190;1171975340;1000681260;113923026
8831742526,1780152901,2061,True,10144963.0,10144936.0,19682,60,1460343232;1064005461;129824457;347498785;139625562,213657038;250729191;129925807;307301919;146978019
8831704557,1780151459,1729,False,9530716.0,9397016.0,18867,60,113923026;1054708192;800862190;130433320;347018598,1000681260;157998413;236214375;1906005443;1868210186
8831674830,1780151101,3138,True,9467224.0,10150413.0,19101,60,124801257;301750126;126842529;256156323;320219866,86698277;346412363;136829091;93618577;331855530
8831663527,1780150501,3207,False,7119388.0,9823272.0,19101,60,321580662;847565596;106305042;218231587;302214028,171262902;312436974;56351509;93817671;103735745
8831645661,1780149203,2298,True,10144936.0,10144963.0,19682,60,129925807;213657038;146978019;250729191;307301919,1064005461;347498785;1460343232;129824457;139625562
8831643060,1780149102,1272,True,9563873.0,10144754.0,18867,60,1868210186;236214375;1906005443;157998413;1712916118,347018598;113923026;1054708192;800862190;130433320
8831634299,1780148823,1778,True,10151030.0,10144969.0,19682,60,198892029;457347455;1268846148;219538537;1723235881,88968453;294273638;138689627;136195292;436380335
8831578923,1780146538,2877,False,10144933.0,10150388.0,19682,60,330455610;338465995;175842532;212149486;125735693,279813366;117199318;411887995;205196455;884394311
8831573002,1780146327,1965,False,9239282.0,9556121.0,19066,60,1211916095;142040526;190973804;963589021;130255607,123057520;191803033;142875917;142963173;173078303
8831571711,1780146534,1523,False,2586976.0,7119388.0,19101,60,431770905;155494381;324277900;100594231;355168766,321580662;847565596;106305042;218231587;302214028
8831571549,1780147020,2150,True,9467224.0,10150413.0,19101,60,124801257;301750126;126842529;256156323;320219866,86698277;346412363;136829091;93618577;331855530
8831567371,1780146120,1927,True,9530716.0,9563873.0,18867,60,347018598;1054708192;800862190;130433320;113923026,1868210186;157998413;1906005443;236214375;1712916118
8831556487,1780145605,2604,True,10101793.0,9819302.0,19699,60,226786631;1152948930;207527352;135709988;1218097624,199987215;1011445406;93845249;316631735;195516068
8831542590,1780145023,2664,False,10144969.0,10151030.0,19682,60,88968453;136195292;138689627;294273638;436380335,457347455;198892029;219538537;152485523;1723235881
8831493822,1780142729,2537,True,10150388.0,10144933.0,19682,60,279813366;884394311;117199318;205196455;411887995,338465995;330455610;125735693;175842532;212149486
8831470350,1780142251,2853,False,9467224.0,10150413.0,19101,60,124801257;301750126;126842529;256156323;320219866,86698277;346412363;136829091;93618577;331855530
8831470213,1780142166,2500,True,7119388.0,2586976.0,19101,60,321580662;847565596;106305042;218231587;302214028,431770905;155494381;324277900;100594231;355168766
8831467933,1780141445,2705,False,9564441.0,9729268.0,18867,60,1712916118;113923026;236214375;878549965;130433320,1171975340;1054708192;1591533176;1906005443;1029972951
8831462804,1780141508,2879,True,10136133.0,2576071.0,19699,60,93526520;196482746;1092267175;206097366;340421206,194979527;860145568;217472313;140835095;1682179459
8831444007,1780140218,2015,True,10150610.0,10101793.0,19699,60,111656727;123717676;860264647;917164766;163061132,226786631;1218097624;207527352;135709988;1152948930
8831436472,1780139817,2560,True,9547052.0,9819302.0,19699,60,1178451669;195608714;180077091;311534425;115506817,199987215;1011445406;93845249;316631735;195516068
8831405565,1780138194,2030,True,9729268.0,10007804.0,18867,60,1906005443;1029972951;1171975340;1591533176;1054708192,113923026;878549965;236214375;130433320;1712916118
8831387966,1780137143,3018,True,10136133.0,2576071.0,19699,60,93526520;196482746;1092267175;206097366;340421206,217472313;194979527;860145568;140835095;1682179459
8831366657,1780135993,2196,False,9819302.0,9547052.0,19699,60,199987215;93845249;1011445406;316631735;195516068,195608714;1178451669;180077091;311534425;115506817
8831356217,1780135417,3193,True,10150610.0,10101793.0,19699,60,111656727;123717676;860264647;917164766;163061132,226786631;207527352;1218097624;135709988;1152948930
8831344795,1780134650,2598,True,10145416.0,5014799.0,19699,60,904131336;323562138;161839895;333351042;369342470,1041276674;127530803;158072796;114162163;127565532
8831330956,1780133836,2470,True,8831040.0,9813102.0,18867,60,1674266188;1251984026;314272971;800862190;1811371866,236214375;1029972951;878549965;1868210186;1712916118
8831298739,1780131956,1864,True,9814269.0,9768243.0,18959,60,1902738528;1903043745;1902976475;1903287666;1902782463,1879746018;1880007196;1880066287;1880011613;1880979563
8831287978,1780131432,1952,False,5014799.0,10145416.0,19699,60,1041276674;127530803;158072796;114162163;127565532,904131336;323562138;161839895;333351042;369342470
8831286439,1780131596,4117,True,2576071.0,10136133.0,19699,60,217472313;194979527;860145568;140835095;1682179459,93526520;196482746;1092267175;206097366;340421206
8831269444,1780130276,2615,False,9593609.0,8831040.0,18867,60,878549965;1029972951;236214375;1868210186;1712916118,1251984026;800862190;314272971;1674266188;1811371866
8831257885,1780129482,1920,False,9768243.0,9814269.0,18959,60,1879746018;1880979563;1880011613;1880007196;1880066287,1903043745;1902782463;1903287666;1902976475;1902738528
8831217975,1780126959,1831,False,9814269.0,9768243.0,18959,60,1902738528;1903043745;1903287666;1902976475;1902782463,1880007196;1879746018;1880011613;1880066287;1880979563
8831200256,1780125757,2772,True,9482420.0,9593609.0,18867,60,1591533176;1901055058;1171975340;1251984026;1054708192,1771146737;314272971;1712916118;800862190;113923026
8831178035,1780124218,1694,False,9768243.0,9814269.0,18959,60,1880007196;1880011613;1879746018;1880979563;1880066287,1903043745;1902782463;1903287666;1902976475;1902738528
8831148690,1780122038,1562,True,9814269.0,8629315.0,18959,60,1902782463;1903287666;1903043745;1902976475;1902738528,992327405;1232094007;1170923497;202984325;162724090
8831148443,1780121950,2586,False,9593609.0,9482420.0,18867,60,1712916118;800862190;314272971;1771146737;113923026,1054708192;1171975340;1591533176;1251984026;1901055058
8831120605,1780119750,1656,False,8629315.0,9814269.0,18959,60,1232094007;1170923497;992327405;202984325;162724090,1902782463;1903043745;1903287666;1902976475;1902738528
8831103512,1780118314,2707,False,9482420.0,9593609.0,18867,60,1901055058;1251984026;1171975340;1054708192;1591533176,800862190;314272971;113923026;1771146737;1712916118
8831100132,1780117967,1890,True,10135834.0,10144697.0,19699,60,375507918;146711951;218367241;193815691;110759067,353424606;104512126;156029808;132309493;112531417
8831089393,1780117011,2789,True,10144695.0,9546449.0,19699,60,181267255;116837520;390015464;97822451;286985748,1125296112;145331311;360648679;162274034;293904640
8831085070,1780116739,2088,False,10145429.0,9768243.0,18959,60,1925062076;1924874376;1927064773;1925436567;1924555376,1880011613;1880066287;1880007196;1879746018;1880979563
8831061199,1780114433,2113,True,9729268.0,9677506.0,18867,60,1901055058;1171975340;800862190;1771146737;113923026,1841739065;1251984026;314272971;1591533176;1712916118
8831059296,1780114281,1749,True,9768243.0,10145429.0,18959,60,1880011613;1879746018;1880979563;1880007196;1880066287,1925436567;1925062076;1924874376;1927064773;1924555376
8831051050,1780113845,2727,False,10144697.0,10135834.0,19699,60,353424606;104512126;132309493;156029808;112531417,375507918;218367241;146711951;193815691;110759067
8831049470,1780113608,1966,True,10144695.0,9546449.0,19699,60,181267255;116837520;390015464;97822451;286985748,1125296112;145331311;360648679;162274034;293904640
8831024772,1780111009,2415,False,9677506.0,9729268.0,18867,60,1251984026;314272971;1841739065;1712916118;1591533176,1771146737;800862190;1901055058;1171975340;113923026
8831004100,1780109047,4018,True,9492680.0,10144212.0,19752,60,863982216;352137522;852310758;1289113611;226031143,851268274;50871324;896329538;454424529;292803721
8831003942,1780109032,1378,False,10137663.0,9981569.0,19699,60,847350239;323386514;1213120560;367984185;348302664,460989174;240477861;1200050970;837245291;154171908
8830980523,1780106868,1854,True,8850016.0,9025669.0,19201,60,437135906;64188013;419736556;296080998;234382300,307624442;169359670;315850275;338281289;844586465
8830967087,1780105399,1918,False,10144212.0,,19752,60,50871324;851268274;454424529;888477316;292803721,226031143;412272556;863982216;852310758;352137522
8830960069,1780104715,1647,True,9025669.0,8850016.0,19201,60,307624442;169359670;338281289;315850275;844586465,437135906;419736556;296080998;64188013;234382300
8830939193,1780102442,1819,True,8850016.0,9025669.0,19201,60,296080998;419736556;437135906;64188013;234382300,169359670;338281289;307624442;844586465;315850275
8830917483,1780099932,1809,True,9005364.0,8849850.0,19201,60,357873937;123406722;1675393568;179986197;451153940,192275954;338946567;250144463;357479732;406522933
8830909774,1780099027,4298,True,,,19752,60,50871324;888477316;1087358646;292803721;160184815,352137522;852310758;863982216;1289113611;1096757201
8830896948,1780097736,1610,False,8849850.0,9005364.0,19201,60,338946567;357479732;250144463;406522933;192275954,179986197;123406722;1675393568;357873937;451153940
8830868116,1780094910,2048,True,8850015.0,8957156.0,19201,60,328999660;234162677;222022666;403346876;1092522462,120231412;264869776;1674673556;126130434;36771694
8830837494,1780092422,1968,False,8957156.0,8850015.0,19201,60,126130434;264869776;1674673556;36771694;120231412,234162677;403346876;328999660;222022666;1092522462
8830806159,1780090221,1710,False,8850015.0,8957156.0,19201,60,234162677;403346876;328999660;1092522462;222022666,126130434;264869776;120231412;1674673556;36771694
8830762917,1780087577,1763,False,9048057.0,8970060.0,19201,60,154357932;177062248;164322994;294245092;279486190,214494274;253075824;95501968;894758362;200669009
8830708651,1780084893,2071,True,8970060.0,9048057.0,19201,60,214494274;894758362;95501968;253075824;200669009,164322994;279486190;177062248;294245092;154357932
8830638667,1780081230,1899,False,9493513.0,10007804.0,18867,60,130433320;236214375;800862190;1054708192;1811371866,1901055058;113923026;1171975340;1829839317;878549965
8830604253,1780079606,1515,True,10027376.0,9640559.0,19699,60,1131665504;338769995;410707457;329589381;131246802,1877464673;301227745;131617393;222189605;194580679
8830576169,1780078298,2311,True,10108655.0,10122515.0,19699,60,164685175;399920568;352623024;117089283;392385140,148480336;297118630;417512732;224994627;370950726
8830573169,1780078160,2411,True,2885851.0,,19699,60,398747760;133958007;350885810;207916561;387836517,102652420;203596299;102382586;39155815;283629288
8830565031,1780077786,2439,True,10150267.0,9776093.0,19699,60,191290281;138177198;1673586483;395770377;125995177,358507879;855611008;292509170;402491117;1197346979
8830562971,1780077754,1073,True,10144722.0,9798986.0,19699,60,1674486174;288775038;1166358463;1088362710;1190137167,161092840;134268169;910023324;189977584;129683847
8830559371,1780077551,2310,True,10007804.0,10020691.0,18867,60,1829839317;878549965;113923026;1171975340;1901055058,1811371866;1054708192;236214375;800862190;130433320
8830548633,1780077032,2070,False,8971308.0,9799036.0,19699,60,86692726;138535219;493967542;88611330;123097213,182322692;121591254;176923146;908940454;185001854
8830529631,1780076149,2068,True,2163.0,2586976.0,19101,60,16497807;97590558;201358612;77490514;152962063,431770905;155494381;324277900;100594231;355168766
8830516786,1780075553,1561,True,9691969.0,6765751.0,19699,60,87063175;131303632;100471531;968545762;81475303,174650782;93317034;279477896;1029317468;135064622
8830515362,1780075488,1847,True,,,19699,60,445646028;202464276;183057960;248180032;329076390,284826568;483748981;804211121;429897053;378466898
8830513775,1780075416,1122,True,,8819382.0,19699,60,116266084;87209661;87037872;344161762;131706718,876249783;1115843166;1110328496;407887165;386694686
8830502379,1780074891,1421,True,8337978.0,10095819.0,19699,60,203596299;102652420;283629288;39155815;102382586,320825362;906813572;202598360;209472529;317720628
8830500229,1780074795,1053,True,10158090.0,8571354.0,19699,60,358507879;855611008;402491117;292509170;1197346979,905277193;456294398;359656689;1032409134;310767467
8830497071,1780074654,1804,True,10144722.0,9798986.0,19699,60,1674486174;288775038;1088362710;1166358463;1190137167,161092840;134268169;129683847;189977584;910023324
8830495325,1780074575,3294,False,10158067.0,9640559.0,19699,60,231122483;402878690;218344181;378995255;321963774,301227745;222189605;1877464673;131617393;194580679
8830491657,1780074413,2207,True,10122515.0,10150414.0,19699,60,297118630;148480336;224994627;417512732;370950726,353623478;1215830333;1033532211;1043196923;1255836112
8830490655,1780074369,907,True,9799036.0,9948957.0,19699,60,185001854;176923146;182322692;908940454;121591254,474559520;1121614921;340593288;374593768;363975622
8830450361,1780072591,1978,True,9593609.0,9530716.0,18867,60,1634724608;1029972951;236214375;878549965;1712916118,203989019;113923026;800862190;130433320;906511622
8830442388,1780072245,3300,True,10150538.0,10150413.0,19101,60,177203952;1026694469;292921272;105045291;81306398,86698277;346412363;136829091;93618577;331855530
8830423116,1780071421,2446,True,8255888.0,10081680.0,19101,60,172099728;480412663;165564598;317880638;196878136,392565237;202217968;147767183;152859296;343084576
8830419543,1780071274,1323,False,10040639.0,9798986.0,19699,60,425224180;319124110;142147636;220114337;160391554,161092840;129683847;134268169;910023324;189977584
8830416239,1780071158,1630,False,9814269.0,10145429.0,18959,60,1902738528;1903287666;1903043745;1902782463;1902976475,1924555376;1927064773;1925062076;1924874376;1925436567
8830407272,1780070769,2401,True,,9866136.0,19699,60,110784006;1088839120;70540189;325035055;167291622,206266593;1009469018;435460860;372569020;206220806
8830403713,1780070620,2536,False,,,19699,60,250317389;123953528;255339080;232763274;396792504,324503957;284764178;161832923;191104040;103882465
8830375156,1780070094,1178,False,10144754.0,9593609.0,18867,60,130433320;1054708192;800862190;906511622;113923026,1634724608;1029972951;878549965;236214375;1712916118
8830349703,1780068699,1735,True,10145429.0,9814269.0,18959,60,1924874376;1925062076;1924555376;1925436567;1927064773,1903043745;1903287666;1902738528;1902782463;1902976475
8830310450,1780066864,1607,True,10144754.0,10060977.0,18867,60,1029972951;236214375;800862190;1054708192;113923026,203989019;878549965;141287256;790671764;906511622
8830294167,1780066235,1487,False,9426115.0,9768243.0,18959,60,412910858;819244033;176158708;1090568489;183270733,1879746018;1880007196;1880066287;1880011613;1880979563
8830280454,1780065638,1828,True,9824702.0,9247354.0,19101,60,1044002267;195108598;106573901;164199202;73401082,10366616;100058342;898455820;183719386;25907144
8830229653,1780063706,1991,True,9768243.0,9426115.0,18959,60,1880011613;1880066287;1880007196;1879746018;1880979563,819244033;412910858;176158708;183270733;1090568489
8830224171,1780063537,2697,False,9965097.0,10094876.0,19066,60,142875917;246903037;158683256;108578840;868092553,236395539;131407430;207836866;400294058;311866251
8830215586,1780063104,2271,True,10060977.0,9530716.0,18867,60,203989019;906511622;878549965;141287256;790671764,1054708192;236214375;800862190;130433320;113923026
8830208632,1780062828,3261,True,10150388.0,10144963.0,19682,60,117199318;205196455;279813366;411887995;884394311,1460343232;139418909;1064005461;347498785;129824457
8830206341,1780062716,6698,True,10150538.0,9823272.0,19101,60,177203952;1026694469;292921272;105045291;81306398,171262902;312436974;56351509;93817671;103735745
8830186710,1780061895,3076,False,,,18477,60,324337313;144745802;287336782;1253831730;401280865,136176960;162305389;174213763;138633478;201322812
8830177369,1780061513,1771,True,9366802.0,10150644.0,19682,60,1087548014;135256284;136963181;332892097;518198,171562037;453936701;178831538;181244009;199626911
8830175194,1780061426,2661,False,8261500.0,9467224.0,19101,60,898754153;173978074;129958758;101695162;94296097,124801257;301750126;126842529;256156323;320219866
8830165296,1780061040,2001,False,9878494.0,8629315.0,18959,60,1902895053;1903247233;1903997264;1904129499;1902237853,1232094007;202984325;1170923497;162724090;992327405
8830163648,1780061015,2769,True,10151159.0,9580444.0,19682,60,199666669;138485745;211195306;143695446;1037211232,136716944;139605537;1185132194;330117525;261738292
8830147090,1780060280,2131,True,9995872.0,,19066,60,1586827680;228980699;182944328;312499145;401275391,195473484;189490982;140137412;374304530;108823628
8830140108,1780059970,2198,True,10144933.0,10144969.0,19682,60,338465995;330455610;175842532;125735693;86861086,1624636512;294273638;88968453;138689627;136195292
8830131096,1780060479,1602,True,9530716.0,10060977.0,18867,60,113923026;236214375;800862190;130433320;1054708192,203989019;141287256;878549965;790671764;906511622
8830121215,1780059070,2204,False,10144963.0,10150707.0,19682,60,1460343232;347498785;129824457;139418909;1064005461,165259791;224292145;183408948;204481134;134461931
8830108375,1780058509,1948,False,8629315.0,9878494.0,18959,60,1170923497;202984325;1232094007;992327405;162724090,1903247233;1904129499;1903997264;1902895053;1902237853
8830098518,1780058020,2515,True,10150644.0,9366802.0,19682,60,171562037;453936701;178831538;181244009;199626911,332892097;1087548014;136963181;518198;135256284
8830097448,1780057968,3098,False,10081680.0,10150413.0,19101,60,392565237;202217968;147767183;152859296;343084576,86698277;346412363;136829091;93618577;331855530
8830096085,1780057961,1803,True,9580444.0,10151159.0,19682,60,139605537;330117525;136716944;1185132194;261738292,199666669;138485745;211195306;1037211232;143695446
8830092075,1780057715,2176,True,7119388.0,2586976.0,19101,60,321580662;847565596;106305042;218231587;302214028,431770905;155494381;324277900;100594231;355168766
8830078423,1780057049,3517,False,9270895.0,,18477,60,138438328;234478065;137648976;227507834;121791324,1253831730;144745802;287336782;324337313;401280865
8830073876,1780056812,1393,False,10150707.0,10144963.0,19682,60,224292145;204481134;165259791;134461931;183408948,1460343232;1064005461;347498785;139418909;129824457
8830066025,1780056432,2439,True,10144969.0,10144933.0,19682,60,1624636512;294273638;88968453;136195292;138689627,175842532;338465995;330455610;86861086;125735693
8830060643,1780056131,2343,False,10001733.0,10145416.0,19699,60,1220993352;221532774;166806255;326327879;1041811781,904131336;323562138;161839895;333351042;369342470
8830060478,1780056326,1691,False,9878494.0,8629315.0,18959,60,1903247233;1903997264;1904129499;1902895053;1902237853,1170923497;202984325;1232094007;992327405;162724090
8830053263,1780055737,2039,True,2576071.0,,19699,60,1682179459;194979527;860145568;140835095;217472313,156485213;402285018;332342615;1114792376;445291085
8830031887,1780054553,3099,True,5014799.0,,19699,60,1041276674;127530803;158072796;114162163;127565532,1875612000;167976729;187123736;223382342;1675898897
8830022703,1780054023,2230,True,9824702.0,2163.0,19101,60,1044002267;195108598;106573901;164199202;73401082,16497807;97590558;201358612;77490514;152962063
8830017584,1780053722,2884,True,,9872558.0,19699,60,93526520;196482746;1092267175;206097366;340421206,383361785;399804216;256444993;285282252;847851833
8830011738,1780053382,1638,True,10001733.0,,19699,60,1220993352;221532774;326327879;166806255;1041811781,1563313404;114596500;325697153;999961232;935495351
8830011623,1780053376,2502,False,9247354.0,8255888.0,19101,60,10366616;100058342;898455820;183719386;25907144,172099728;480412663;165564598;317880638;196878136
8829997504,1780052536,2046,True,,,19699,60,156485213;445291085;332342615;1114792376;402285018,386314004;198851570;98482878;309345956;201839427
8829990093,1780052075,1449,True,10150610.0,,19699,60,111656727;163061132;860264647;917164766;123717676,200764100;1769498618;1133759670;1086851549;113606079
8829988975,1780052004,2200,False,9593609.0,8831040.0,18867,60,1029972951;1634724608;236214375;1023487276;1712916118,878549965;1251984026;800862190;1811371866;399588134
8829986940,1780051878,1407,True,10101793.0,9781592.0,19699,60,226786631;1152948930;207527352;135709988;1218097624,38444312;52769523;98106156;300147261;31506162
8829982489,1780051592,1431,True,,10157089.0,19699,60,93845249;1011445406;316631735;199987215;195516068,56461853;144490903;196437627;403659586;141850821
8829979070,1780051377,839,True,10001733.0,8419968.0,19699,60,1220993352;221532774;166806255;326327879;1041811781,1044406539;413338883;1684712685;853473390;259817249
8829975493,1780051155,2281,False,10096172.0,,19699,60,181987328;274266360;376571133;838547248;891154650,1875612000;167976729;187123736;1675898897;223382342
8829971993,1780050932,1029,True,5014799.0,,19699,60,1041276674;127530803;158072796;114162163;127565532,395846865;1073025491;326432010;1241500605;1238353049
8829971987,1780050931,1007,False,,,19699,60,291425660;1860794948;56516568;1813905221;214708651,1178451669;311534425;180077091;195608714;115506817
8829968753,1780050724,953,True,,,19699,60,402285018;445291085;332342615;1114792376;156485213,324534483;918877580;235040119;1375899914;921526040
8829967877,1780050668,1378,True,,10129305.0,19699,60,93526520;196482746;1092267175;206097366;340421206,176425791;1290940854;250316543;240458913;371943423
8829963193,1780050412,1929,True,2443375.0,9426115.0,18959,60,301477244;80599925;1045494300;1103355581;181339278,183270733;1090568489;819244033;412910858;176158708
8829960943,1780050224,2204,True,9872558.0,10143624.0,19699,60,383361785;399804216;256444993;285282252;847851833,374818694;150354245;100502984;111028607;198954014
8829952850,1780049698,1941,True,2576071.0,,19699,60,140835095;194979527;860145568;217472313;1682179459,910028605;480210721;1224974216;1092557725;307173570
8829950756,1780049561,2118,True,10145416.0,10047709.0,19699,60,904131336;323562138;161839895;333351042;369342470,283494184;193884241;170809075;116249155;120840516
8829950213,1780049525,453,True,,9449429.0,19699,60,93526520;196482746;1092267175;206097366;340421206,1568630358;294541068;175502870;1610963641;317848717
8829948417,1780049714,1221,True,8831040.0,9593609.0,18867,60,399588134;1251984026;878549965;800862190;1811371866,1029972951;1634724608;236214375;1023487276;1712916118
8829947964,1780049376,968,False,10129390.0,,19699,60,925953412;1467111176;1658755339;801989722;1476769441,1086851549;1769498618;1133759670;200764100;113606079
8829947467,1780049343,2409,True,10150538.0,8261500.0,19101,60,177203952;1026694469;292921272;105045291;81306398,898754153;173978074;129958758;101695162;94296097
8829947329,1780049335,2623,True,9467224.0,2586976.0,19101,60,124801257;301750126;126842529;256156323;320219866,431770905;100594231;324277900;355168766;155494381
8829944540,1780049148,1043,True,10150610.0,,19699,60,111656727;917164766;860264647;123717676;163061132,1847333972;1285196043;790750207;1256063417;1467660937
8829943414,1780049076,845,False,,,19699,60,822625288;921032897;128561279;1303477505;1028135812,180077091;1178451669;195608714;311534425;115506817
8829943336,1780049071,1614,False,10157892.0,9781592.0,19699,60,369759341;1159054102;1061156341;1146975917;871600623,98106156;52769523;38444312;300147261;31506162
8829942730,1780049030,1380,True,10157089.0,,19699,60,56461853;403659586;141850821;196437627;144490903,1930512242;1536868800;90687083;1003018085;190085593
8829941750,1780048965,418,True,9872558.0,,19699,60,256444993;383361785;399804216;285282252;847851833,425866984;398732914;814169040;359759669;353622548
8829935670,1780048544,1688,True,10096172.0,9766265.0,19699,60,181987328;838547248;376571133;274266360;891154650,399466265;364893392;296569241;111780919;861520790
8829932513,1780048323,455,True,2576071.0,10108233.0,19699,60,140835095;194979527;860145568;217472313;1682179459,1583300284;134127887;69454970;1510201430;1676215765
8829925428,1780047828,827,True,10145416.0,,19699,60,904131336;323562138;161839895;333351042;369342470,1485485640;902328667;296855319;31783220;878805845
8829923006,1780047656,1909,True,,10157543.0,19699,60,1238353049;1073025491;326432010;1241500605;395846865,1880578483;735299739;86815293;135665830;1645928453
8829921477,1780047547,625,True,5014799.0,10150876.0,19699,60,1041276674;127530803;158072796;114162163;127565532,888579513;820140162;69914249;105739875;106810416
8829920626,1780047547,1920,False,9426115.0,2443375.0,18959,60,176158708;819244033;412910858;183270733;1090568489,80599925;301477244;1045494300;1103355581;181339278
8829909757,1780046708,1610,False,9729342.0,9564441.0,18867,60,878549965;1171975340;1251984026;1023487276;130433320,1901055058;236214375;800862190;1712916118;1000681260
8829907779,1780046562,1103,True,10047709.0,,19699,60,283494184;193884241;170809075;116249155;120840516,1531064593;1346536881;1794869935;821330255;1227693271
8829906468,1780046465,1158,True,10143624.0,,19699,60,374818694;100502984;150354245;198954014;111028607,1411804296;736223917;773117404;1440522443;1045990953
8829906458,1780046465,1167,True,,9316490.0,19699,60,480210721;910028605;1224974216;1092557725;307173570,1737409354;1537398321;1287555829;1129320069;913875484
8829902323,1780046162,1504,True,9823272.0,10081680.0,19101,60,171262902;312436974;56351509;93817671;103735745,392565237;202217968;147767183;152859296;343084576
8829897119,1780045785,891,True,,10136462.0,19699,60,296855319;878805845;902328667;31783220;1485485640,986959650;1175535735;1446958571;1346385544;1225933077
8829896092,1780045709,1347,True,10108233.0,9866162.0,19699,60,1583300284;134127887;69454970;1510201430;1676215765,1697622668;1070795998;1313662099;1538273021;1538492550
8829895058,1780045634,815,True,,,19699,60,888579513;105739875;69914249;106810416;820140162,940869497;1115984731;232591391;423674961;396809495
8829893171,1780045492,4121,True,8419968.0,,19699,60,1684712685;413338883;259817249;1044406539;853473390,145472931;1052846655;1232099307;313388959;1314117690
8829892870,1780045471,3767,True,,8476917.0,19699,60,386314004;198851570;98482878;309345956;201839427,249489252;248518252;379719461;981056266;923743825
8829891910,1780045401,2561,True,,9948367.0,19699,60,999961232;114596500;935495351;1563313404;325697153,164047347;1123091097;892486081;188351504;482364904
8829891526,1780045371,2281,True,9766265.0,8376366.0,19699,60,399466265;296569241;111780919;364893392;861520790,1091935449;1081731408;859686268;1140169544;1458903801
8829890945,1780045328,1919,True,10129305.0,3892751.0,19699,60,176425791;1290940854;250316543;240458913;371943423,255843547;911689500;148007545;838629054;173276588
8829890524,1780045295,2219,True,,9793479.0,19699,60,359759669;814169040;425866984;398732914;353622548,1122802849;1675485186;1171757145;1128994408;1578421893
8829890165,1780045266,3143,True,9449429.0,9861098.0,19699,60,317848717;1568630358;1610963641;175502870;294541068,1606283676;1260869940;781831725;1426559408;1518996804
8829890061,1780045257,1144,True,,,19699,60,1880578483;86815293;735299739;1645928453;135665830,154672377;812563153;185389954;739113070;1800063690
8829889616,1780045225,3805,True,,,19699,60,324534483;918877580;921526040;1375899914;235040119,1679311444;1056223334;1176145421;1524154710;1834368529
8829882210,1780044663,2883,False,9824702.0,7119388.0,19101,60,1044002267;195108598;106573901;164199202;73401082,321580662;847565596;106305042;218231587;302214028
8829878121,1780044517,2068,False,9768002.0,10145429.0,18959,60,1749799475;1750623235;1750299292;808766025;1750510331,1924874376;1925062076;1927064773;1925436567;1924555376
8829860045,1780043034,2757,True,9564441.0,9729342.0,18867,60,1000681260;800862190;1901055058;236214375;1712916118,878549965;1023487276;1251984026;1171975340;130433320
8829839802,1780041454,2185,True,10145429.0,9768002.0,18959,60,1924874376;1927064773;1925436567;1925062076;1924555376,1750510331;808766025;1750299292;1749799475;1750623235
8829839467,1780041371,1594,False,9247354.0,2163.0,19101,60,10366616;100058342;898455820;183719386;25907144,16497807;97590558;201358612;77490514;152962063
8829839456,1780041371,2879,False,10150413.0,8255888.0,19101,60,86698277;93618577;136829091;346412363;331855530,172099728;480412663;165564598;317880638;196878136
8829811058,1780039074,1853,True,9563873.0,9813102.0,18867,60,1712916118;236214375;1251984026;878549965;1000681260,1829839317;1901055058;800862190;1054708192;194800812
8829809641,1780038837,2595,True,10144667.0,9098294.0,19545,60,153727297;874735136;292829433;290354460;345803031,389033587;252551173;333700720;274078636;242835570
8829809065,1780038857,1552,True,9425656.0,8629315.0,18959,60,1621570409;397206052;1621422877;1621497616;1622405666,202984325;162724090;1232094007;992327405;1170923497
8829803797,1780038343,1827,True,9878494.0,10145429.0,18959,60,1904129499;1903247233;1902895053;1903997264;1902237853,1924874376;1925062076;1927064773;1925436567;1924555376
8829782485,1780036374,1562,True,8629315.0,9425656.0,18959,60,1232094007;992327405;202984325;1170923497;162724090,1622405666;1621422877;1621497616;397206052;1621570409
8829777884,1780035987,1647,True,10145429.0,9878494.0,18959,60,1925062076;1925436567;1924874376;1927064773;1924555376,1903247233;1902237853;1902895053;1904129499;1903997264
8829768590,1780035050,1919,True,10144667.0,9098294.0,19545,60,153727297;874735136;292829433;290354460;345803031,389033587;333700720;252551173;274078636;242835570
8829765850,1780034675,1442,False,9563873.0,9813102.0,18867,60,1739519173;1251984026;878549965;1000681260;1712916118,1829839317;1901055058;194800812;1054708192;800862190
8829760685,1780034134,1616,True,9546449.0,,19699,60,1125296112;145331311;360648679;162274034;293904640,146076829;113152484;322925642;303615577;126397214
8829759476,1780033999,2451,True,10144697.0,10150500.0,19699,60,353424606;104512126;112531417;132309493;156029808,285770518;176372519;282359850;167488455;376421854
8829757077,1780033828,1880,True,9425656.0,8629315.0,18959,60,1622405666;1621497616;1621422877;397206052;1621570409,1232094007;992327405;202984325;1170923497;162724090
8829753062,1780033372,1834,True,9878494.0,10145429.0,18959,60,1903247233;1903997264;1902895053;1904129499;1902237853,1925062076;1924874376;1927064773;1924555376;1925436567
8829736937,1780031665,2155,False,9813102.0,9563873.0,18867,60,1901055058;1829839317;1054708192;800862190;194800812,1251984026;1739519173;878549965;1000681260;1712916118
8829736163,1780031539,2344,True,10144667.0,9098294.0,19545,60,153727297;290354460;292829433;874735136;345803031,389033587;333700720;252551173;274078636;242835570
8829734715,1780031378,1963,True,10135834.0,10116138.0,19699,60,375507918;146711951;218367241;193815691;110759067,120901780;188037232;265416168;361794356;153662397
8829731836,1780031095,1822,True,9768243.0,9767998.0,18959,60,1880011613;1880066287;1880007196;1879746018;1880979563,1750435217;1750916329;1750248703;1750577069;1749630639
8829729964,1780030867,2146,True,10144695.0,10137060.0,19699,60,181267255;116837520;390015464;97822451;286985748,881155636;248388120;401653350;255788703;322442240
8829725999,1780030515,1897,False,9768002.0,2443375.0,18959,60,1750623235;1750299292;1750510331;1749799475;808766025,181339278;1103355581;1045494300;80599925;301477244
8829723332,1780030143,2775,False,,,19699,60,100598959;861414087;899495504;103045129;158338766,146076829;113152484;303615577;322925642;126397214
8829718150,1780029577,983,True,10135834.0,,19699,60,375507918;146711951;218367241;193815691;110759067,233181482;438178139;351676677;874862902;1769132682
8829715727,1780029317,3477,True,10144697.0,2108395.0,19699,60,353424606;104512126;156029808;132309493;112531417,184950344;94281932;212560917;219755398;389022189
8829709493,1780028653,1765,True,9628678.0,9724428.0,18867,60,1712916118;1901055058;800862190;1054708192;194800812,878549965;1000681260;1251984026;1739519173;1829839317
8829709054,1780028606,1130,True,,,19699,60,113152484;146076829;303615577;322925642;126397214,127018312;328020879;295170598;379206160;870967564
8829704605,1780028174,1922,False,9767998.0,9768243.0,18959,60,1750435217;1750577069;1750916329;1750248703;1749630639,1880011613;1880066287;1879746018;1880007196;1880979563
8829701972,1780027917,1799,True,2443375.0,9768002.0,18959,60,181339278;1045494300;1103355581;80599925;301477244,1750623235;1750299292;1750510331;808766025;1749799475
8829701016,1780027729,1943,True,10144695.0,,19699,60,181267255;116837520;390015464;286985748;97822451,1201927095;1821363376;101460882;737329534;789882504
8829700771,1780027703,1806,False,10144217.0,10102110.0,19699,60,1285178295;365381070;196880222;410590632;220622698,285770518;176372519;282359850;167488455;376421854
8829698477,1780027449,1764,True,10116138.0,9672414.0,19699,60,188037232;120901780;265416168;361794356;153662397,382298523;1026162981;130399854;282686746;167771678
8829697970,1780027390,1013,True,9546449.0,,19699,60,1125296112;145331311;360648679;162274034;293904640,202015732;319286795;1025785504;301351493;1113840075
8829696999,1780027559,2463,True,9098294.0,10144667.0,19545,60,389033587;333700720;252551173;242835570;274078636,292829433;874735136;153727297;290354460;345803031
8829696977,1780027275,895,True,,,19699,60,184950344;94281932;212560917;219755398;389022189,1902419065;1863014326;468819775;1265854288;1732287197
8829683145,1780025687,873,True,,,19699,60,188212380;174704427;860706122;224514487;205389770,341571686;1722009214;156243280;397941565;738792160
8829681385,1780025543,2190,False,9724428.0,9628678.0,18867,60,1739519173;878549965;1251984026;1829839317;1000681260,194800812;800862190;1901055058;1054708192;1712916118
8829670420,1780024252,1691,True,,,19699,60,460989174;1200050970;240477861;837245291;154171908,367984185;1213120560;847350239;348302664;323386514
8829620040,1780018463,2048,True,8849850.0,8850016.0,19201,60,357479732;192275954;406522933;250144463;338946567,64188013;234382300;419736556;437135906;296080998
8829602356,1780016260,1685,True,8850016.0,8849850.0,19201,60,296080998;419736556;437135906;234382300;64188013,250144463;406522933;338946567;357479732;192275954
8829588021,1780014387,4324,False,10089085.0,,19752,60,1087358646;336857964;50871324;357158791;292803721,863982216;1289113611;852310758;888477316;348339612
8829584179,1780013929,1670,True,8849850.0,8850016.0,19201,60,250144463;338946567;406522933;357479732;192275954,296080998;234382300;437135906;419736556;64188013
8829564801,1780011577,1652,False,8850016.0,8849850.0,19201,60,419736556;234382300;296080998;437135906;64188013,338946567;406522933;357479732;250144463;192275954
8829558813,1780010752,1889,True,9492680.0,,19752,60,352137522;852310758;340759975;863982216;1289113611,926637773;50871324;292803721;888477316;1087358646
8829544093,1780009181,1752,True,8850016.0,8849837.0,19201,60,419736556;234382300;296080998;437135906;64188013,332180099;122574061;422351924;358303866;342667282
8829520756,1780006810,1842,True,8849837.0,8850016.0,19201,60,422351924;332180099;122574061;342667282;358303866,234382300;296080998;419736556;437135906;64188013
8829507243,1780005523,2956,False,,9492680.0,19752,60,50871324;292803721;888477316;926637773;1096757201,1289113611;352137522;863982216;852310758;340759975
8829494365,1780004726,1540,True,8850016.0,8849837.0,19201,60,234382300;419736556;437135906;296080998;64188013,422351924;122574061;358303866;342667282;332180099
8829447703,1780001221,1833,False,8957156.0,8849850.0,19201,60,1674673556;264869776;36771694;120231412;126130434,406522933;250144463;192275954;338946567;357479732
8829429541,1780000029,2673,True,,,19752,60,851268274;149993769;454424529;1087358646;412767993,301985954;336857964;226031143;292803721;888477316
8829405246,1779998639,1974,True,8849850.0,8957156.0,19201,60,406522933;192275954;250144463;338946567;357479732,1674673556;36771694;120231412;264869776;126130434
8829370056,1779996728,2013,True,,10144212.0,19752,60,226031143;301985954;292803721;888477316;336857964,851268274;454424529;1087358646;149993769;412767993
8829238798,1779990220,2295,True,9564888.0,9860197.0,18867,60,1712916118;800862190;878549965;236214375;1771146737,297111049;1146548664;1902169997;1829839317;1739519173
8829185695,1779987800,1342,False,9860197.0,9729351.0,18867,60,297111049;1146548664;1739519173;1902169997;1829839317,236214375;1771146737;878549965;800862190;1712916118
8829169510,1779986942,1981,True,9814269.0,9768243.0,18959,60,1902738528;1903043745;1902782463;1902976475;1903287666,1880007196;1880011613;1880066287;1879746018;1880979563
8829158433,1779986403,2935,False,10081680.0,8261500.0,19101,60,392565237;202217968;147767183;152859296;343084576,898754153;173978074;129958758;101695162;94296097
8829120348,1779984694,1703,False,9768243.0,9814269.0,18959,60,1880007196;1880011613;1879746018;1880979563;1880066287,1902782463;1903043745;1903287666;1902976475;1902738528
8829095250,1779983546,2609,True,7119388.0,2163.0,19101,60,321580662;847565596;106305042;218231587;302214028,16497807;97590558;201358612;77490514;152962063
8829081653,1779982947,2960,False,10060977.0,10143824.0,18867,60,203989019;780412858;141287256;790671764;793630681,1029972951;1486792934;1136465061;194800812;1712916118
8829074990,1779982656,1883,True,9824702.0,9467224.0,19101,60,1044002267;195108598;106573901;164199202;73401082,124801257;301750126;126842529;256156323;320219866
8829066746,1779982328,1746,False,2443375.0,8629315.0,18959,60,1103355581;181339278;1045494300;80599925;301477244,202984325;1170923497;162724090;1232094007;992327405
8829022515,1779980575,1492,True,10121883.0,10060977.0,18867,60,1712916118;1029972951;194800812;1136465061;1486792934,203989019;141287256;790671764;793630681;780412858
8829012262,1779980172,1414,False,8629315.0,2443375.0,18959,60,202984325;162724090;1170923497;992327405;1232094007,1103355581;181339278;1045494300;80599925;301477244
8828993295,1779979222,2507,False,9823272.0,8255888.0,19101,60,171262902;312436974;56351509;93817671;103735745,172099728;480412663;165564598;317880638;196878136
8828964848,1779978051,2853,False,10150538.0,2586976.0,19101,60,177203952;1026694469;292921272;105045291;81306398,431770905;155494381;324277900;100594231;355168766
8828948423,1779977433,2119,False,2443375.0,8629315.0,18959,60,1045494300;181339278;80599925;1103355581;301477244,1232094007;1170923497;1903043745;202984325;992327405
8828919129,1779976218,2623,True,8831040.0,9729268.0,18867,60,800862190;1251984026;1811371866;236214375;399588134,1868210186;1171975340;1906005443;1056145299;1674266188
8828912690,1779975947,1624,False,10150413.0,9247354.0,19101,60,86698277;346412363;136829091;93618577;331855530,10366616;100058342;898455820;183719386;25907144
8828884881,1779974779,2167,True,9366802.0,10151030.0,19682,60,518198;1087548014;135256284;136963181;138769308,1268846148;198892029;219538537;183701453;457347455
8828883609,1779974727,2046,True,9425656.0,9767998.0,18959,60,1622405666;1621570409;397206052;1621497616;1621422877,1750577069;1749630639;1750248703;1750435217;1750916329
8828876079,1779974388,1626,False,10151952.0,9580444.0,19682,60,328274176;288591054;332892097;1047029179;161593112,136716944;1185132194;139605537;330117525;261738292
8828853209,1779973457,1753,False,9729268.0,8831040.0,18867,60,1056145299;1868210186;1171975340;1674266188;1906005443,800862190;236214375;1251984026;399588134;1811371866
8828847743,1779973123,3209,False,9823272.0,9467224.0,19101,60,171262902;312436974;56351509;93817671;103735745,124801257;301750126;126842529;256156323;320219866
8828841616,1779972937,1102,True,10144936.0,10150644.0,19682,60,129925807;250729191;146978019;307301919;213657038,199626911;910132824;181244009;136957225;159630089
8828829729,1779972271,1868,True,9767998.0,9425656.0,18959,60,1750248703;1750916329;1749630639;1750435217;1750577069,1621497616;1622405666;1621570409;397206052;1621422877
8828823630,1779972024,1551,True,10151030.0,10144738.0,19682,60,198892029;183701453;457347455;219538537;1268846148,135256284;1087548014;138769308;136963181;133009754
8828820164,1779971834,2255,False,9980793.0,10151159.0,19682,60,137904388;152485523;139799491;318832881;898437899,199666669;211195306;143695446;1037211232;157433878
8828810013,1779971323,2898,True,8261500.0,7119388.0,19101,60,898754153;173978074;129958758;101695162;94296097,321580662;847565596;218231587;106305042;302214028
8828808281,1779971235,1939,True,9580444.0,10151952.0,19682,60,136716944;330117525;139605537;1185132194;261738292,328274176;1047029179;332892097;288591054;161593112
8828782343,1779969982,1647,True,9425656.0,9767998.0,18959,60,397206052;1622405666;1621497616;1621570409;1621422877,1750248703;1750916329;1750577069;1750435217;1749630639
8828777030,1779969743,1950,False,10150644.0,10144936.0,19682,60,910132824;181244009;136957225;199626911;159630089,129925807;213657038;146978019;141608052;307301919
8828733774,1779967281,2232,False,10081680.0,2586976.0,19101,60,392565237;202217968;147767183;152859296;343084576,431770905;324277900;155494381;355168766;100594231
8828731237,1779967135,4375,False,9824702.0,10150538.0,19101,60,1044002267;195108598;106573901;164199202;73401082,177203952;1026694469;292921272;105045291;81306398
8828694438,1779964929,1445,True,9813102.0,10060977.0,18867,60,1029972951;1712916118;236214375;878549965;1634724608,203989019;141287256;790671764;780412858;793630681
8828679235,1779963963,1599,True,8255888.0,8261500.0,19101,60,172099728;480412663;165564598;317880638;196878136,898754153;173978074;129958758;101695162;94296097
8828673070,1779963603,1991,False,9814269.0,9426115.0,18959,60,1902976475;1902738528;1902782463;1903287666;1903043745,1090568489;412910858;176158708;183270733;819244033
8828662524,1779962861,2241,True,9467224.0,2163.0,19101,60,124801257;301750126;126842529;256156323;320219866,16497807;97590558;201358612;77490514;152962063
8828655448,1779962757,1145,False,10060977.0,9593609.0,18867,60,203989019;780412858;790671764;141287256;793630681,1634724608;878549965;236214375;1029972951;1712916118
8828629747,1779960596,2130,False,9426115.0,9814269.0,18959,60,1090568489;819244033;412910858;183270733;176158708,1902738528;1902976475;1902782463;1903287666;1903043745
8828608241,1779958951,3242,True,9823272.0,10150413.0,19101,60,171262902;312436974;56351509;93817671;103735745,86698277;346412363;136829091;93618577;331855530
8828602222,1779958488,2616,True,9247354.0,7119388.0,19101,60,10366616;100058342;898455820;183719386;25907144,321580662;847565596;106305042;218231587;302214028
8828592619,1779957777,1886,False,9814269.0,9426115.0,18959,60,1902738528;1903287666;1902782463;1902976475;1903043745,1090568489;819244033;183270733;412910858;176158708
8828590313,1779957566,1916,True,9593609.0,9906210.0,18867,60,878549965;1029972951;236214375;1023487276;1712916118,1171975340;1906005443;1056145299;1674266188;1868210186
8828562631,1779955377,1371,True,9824702.0,10081680.0,19101,60,1044002267;195108598;106573901;164199202;73401082,392565237;202217968;147767183;152859296;343084576
8828557643,1779954960,2365,False,2586976.0,8255888.0,19101,60,431770905;155494381;324277900;100594231;355168766,172099728;480412663;165564598;317880638;196878136
8828557401,1779954966,1501,True,9878494.0,10145429.0,18959,60,1904129499;1903997264;1903247233;1902237853;1902895053,1924874376;1927064773;1925436567;1925062076;1924555376
8828538971,1779953867,2502,False,9729268.0,9593609.0,18867,60,1056145299;1906005443;1171975340;1674266188;1868210186,1023487276;878549965;1029972951;236214375;1712916118
8828521196,1779951816,2500,False,10145429.0,9878494.0,18959,60,1924874376;1925436567;1925062076;1927064773;1924555376,1904129499;1903997264;1902895053;1903247233;1902237853
8828494472,1779949186,2173,False,10020691.0,9622426.0,18867,60,1136465061;1251984026;1054708192;1674266188;1811371866,1029972951;1000681260;1829839317;130433320;1712916118
8828492750,1779949031,2065,True,9768002.0,9425656.0,18959,60,1750299292;1750510331;808766025;1750623235;1749799475,1621497616;1621570409;1622405666;397206052;1621422877
8828491742,1779948941,1732,False,9768243.0,2443375.0,18959,60,1880066287;1880007196;1879746018;1880011613;1880979563,1045494300;301477244;1103355581;181339278;80599925
8828468742,1779946549,1714,True,2443375.0,9768243.0,18959,60,1045494300;301477244;181339278;1103355581;80599925,1880066287;1879746018;1880979563;1880011613;1880007196
8828467383,1779946433,1840,False,9425656.0,9768002.0,18959,60,1621497616;1621570409;1622405666;397206052;1621422877,1750299292;808766025;1750510331;1749799475;1750623235
8828461257,1779945727,2418,True,9622426.0,10020691.0,18867,60,1029972951;130433320;1000681260;1712916118;1829839317,1251984026;1136465061;1811371866;1674266188;1054708192
8828457562,1779945281,2232,True,,9885310.0,19545,60,292829433;874735136;153727297;97822451;290354460,1101855381;137895298;165178538;164530809;135607261
8828445818,1779944052,1664,True,9814269.0,9426115.0,18959,60,1902782463;1903287666;1902976475;1903043745;1902738528,183270733;412910858;176158708;819244033;1090568489
8828443304,1779943769,1769,True,8629315.0,9767998.0,18959,60,1170923497;162724090;202984325;1232094007;992327405,1750248703;1750435217;1750916329;1750577069;1749630639
8828423196,1779941590,2376,True,10144667.0,9885310.0,19545,60,153727297;874735136;292829433;290354460;97822451,1101855381;137895298;165178538;164530809;135607261
8828421879,1779941444,2808,False,9563873.0,9718665.0,18867,60,1251984026;1246531472;130433320;1054708192;1712916118,1029972951;1136465061;1674266188;1829839317;1000681260
8828421763,1779941461,1843,False,9426115.0,9814269.0,18959,60,183270733;819244033;412910858;176158708;1090568489,1902782463;1902976475;1903043745;1903287666;1902738528
8828419695,1779941354,1833,False,9767998.0,8629315.0,18959,60,1750248703;1750435217;1750916329;1750577069;1749630639,1170923497;992327405;202984325;1232094007;162724090
8828391584,1779938058,2477,True,9718665.0,9563873.0,18867,60,1674266188;1136465061;1029972951;1829839317;1000681260,130433320;1246531472;1054708192;1251984026;1712916118
8828373200,1779936028,1897,False,9005364.0,8849837.0,19201,60,123406722;357873937;451153940;179986197;1675393568,358303866;122574061;332180099;422351924;342667282
8828356571,1779934072,1474,False,8849837.0,9005364.0,19201,60,358303866;422351924;332180099;122574061;342667282,123406722;179986197;451153940;1675393568;357873937
8828342612,1779932407,3070,False,,8525455.0,19752,60,1087358646;50871324;1289113611;336857964;292803721,352137522;888477316;160184815;896329538;226031143
8828315151,1779931744,1841,False,9005364.0,8849837.0,19201,60,451153940;357873937;1675393568;179986197;123406722,342667282;122574061;358303866;422351924;332180099
8828302248,1779927338,3174,True,,,19752,60,336857964;1289113611;852310758;292803721;1087358646,1216294491;1151348805;135888850;903795048;888477316
8828293122,1779926293,1997,False,9048057.0,8850016.0,19201,60,294245092;279486190;164322994;177062248;154357932,296080998;234382300;419736556;437135906;64188013
8828271762,1779923642,1950,True,8850016.0,9048057.0,19201,60,419736556;234382300;437135906;296080998;64188013,177062248;279486190;294245092;164322994;154357932
8828262820,1779922593,3148,False,,,19752,60,1289113611;352137522;292803721;852310758;1087358646,1216294491;1151348805;903795048;160184815;135888850
8828250912,1779921369,1728,True,9048057.0,8850016.0,19201,60,177062248;279486190;164322994;294245092;154357932,419736556;64188013;437135906;296080998;234382300
8828222716,1779918834,1990,False,9025669.0,8957156.0,19201,60,169359670;307624442;315850275;844586465;338281289,36771694;126130434;1674673556;120231412;264869776
8828196054,1779916757,1594,True,8957156.0,9025669.0,19201,60,36771694;1674673556;120231412;126130434;264869776,169359670;307624442;315850275;844586465;338281289
8828160635,1779914324,1503,True,8849850.0,8850015.0,19201,60,406522933;338946567;357479732;192275954;250144463,222022666;234162677;328999660;1092522462;403346876
8828154211,1779913843,4798,False,,10144212.0,19752,60,301985954;454424529;851268274;352137522;292803721,412767993;336857964;888477316;1087358646;412272556
8828123912,1779912096,1614,False,8850015.0,8849850.0,19201,60,222022666;1092522462;328999660;234162677;403346876,406522933;338946567;357479732;192275954;250144463
8828083056,1779909896,1888,True,10144212.0,9337762.0,19752,60,851268274;926637773;1087358646;888477316;412272556,1018572663;864666491;352137522;852310758;1096757201
8828043121,1779907879,1998,False,9684245.0,9564280.0,18867,60,1712916118;1246531472;236214375;1364579990;1000681260,1902169997;1146548664;1171975340;1829839317;1739519173
8827988954,1779905235,2691,False,,10144212.0,19752,60,1018572663;864666491;352137522;852310758;888477316,851268274;412272556;926637773;50871324;1087358646
8827948881,1779903289,2949,True,9564280.0,9677506.0,18867,60,1171975340;1146548664;1829839317;1902169997;1739519173,236214375;1246531472;1364579990;1000681260;1712916118
8827888041,1779900060,1824,False,8261500.0,10150413.0,19101,60,898754153;173978074;129958758;101695162;94296097,86698277;346412363;136829091;93618577;331855530
8827875225,1779899465,2380,False,10150538.0,2163.0,19101,60,177203952;1026694469;292921272;105045291;81306398,16497807;97590558;201358612;77490514;152962063
8827856057,1779898577,1541,True,9426115.0,9425656.0,18959,60,176158708;183270733;819244033;412910858;1090568489,1621570409;1621497616;1622405666;397206052;1621422877
8827848286,1779898211,2124,True,10151331.0,10060977.0,18867,60,1613937051;1029972951;1712916118;194800812;1486792934,203989019;141287256;780412858;793630681;906511622
8827809381,1779896486,1627,False,9425656.0,9426115.0,18959,60,1621570409;1621422877;1621497616;1622405666;397206052,412910858;819244033;183270733;176158708;1090568489
8827784459,1779895366,2868,False,9823272.0,9247354.0,19101,60,171262902;312436974;56351509;93817671;103735745,10366616;100058342;898455820;183719386;25907144
8827776115,1779895490,1716,False,10060977.0,10151331.0,18867,60,203989019;141287256;780412858;793630681;906511622,1486792934;1029972951;1613937051;1712916118;194800812
8827769920,1779894742,3194,True,9467224.0,7119388.0,19101,60,124801257;301750126;126842529;256156323;320219866,321580662;847565596;106305042;218231587;302214028
8827755082,1779894136,1697,True,9878494.0,9768243.0,18959,60,1903247233;1904129499;1903997264;1902895053;1902237853,1879746018;1880011613;1880066287;1880979563;1880007196
8827718182,1779892605,1408,True,9691942.0,10121883.0,18867,60,1246531472;236214375;1023487276;1771146737;1029972951,1486792934;1136465061;1056145299;194800812;1868210186
8827695739,1779891679,1844,True,9768243.0,9878494.0,18959,60,1880066287;1880979563;1879746018;1880011613;1880007196,1904129499;1903997264;1903247233;1902895053;1902237853
8827680462,1779891028,2041,True,2163.0,10081680.0,19101,60,16497807;97590558;201358612;77490514;152962063,392565237;202217968;147767183;152859296;343084576
8827661841,1779890281,1445,True,9691942.0,10121883.0,18867,60,1029972951;1246531472;236214375;1771146737;1023487276,1486792934;194800812;1136465061;1056145299;1868210186
8827620804,1779888908,2132,True,9878494.0,9768243.0,18959,60,1903997264;1903247233;1902237853;1902895053;1904129499,1880066287;1880011613;1880979563;1880007196;1879746018
8827613435,1779888279,5500,False,8255888.0,9824702.0,19101,60,172099728;480412663;165564598;317880638;196878136,1044002267;195108598;106573901;164199202;73401082
8827613329,1779888273,3134,False,,10150388.0,19682,60,910132824;181244009;159630089;199626911;453936701,279813366;205196455;117199318;411887995;884394311
8827591403,1779887353,1965,True,2586976.0,10150413.0,19101,60,431770905;155494381;324277900;100594231;355168766,86698277;346412363;136829091;93618577;331855530
8827587394,1779887252,2043,True,10121883.0,9691942.0,18867,60,1486792934;1136465061;1868210186;1056145299;194800812,236214375;1246531472;1029972951;1771146737;1023487276
8827581036,1779887006,3186,True,10151159.0,10144976.0,19682,60,138485745;199666669;211195306;136171371;157433878,129824457;254248123;165067472;404793675;145779874
8827565309,1779886196,1705,False,9814269.0,10145429.0,18959,60,1902782463;1902976475;1902738528;1903287666;1903043745,1925436567;1924555376;1924874376;1925062076;1927064773
8827534616,1779884711,1839,False,7119388.0,10150538.0,19101,60,321580662;847565596;106305042;218231587;302214028,177203952;1026694469;292921272;105045291;81306398
8827517669,1779883905,1785,True,10145429.0,9814269.0,18959,60,1925436567;1925062076;1924874376;1924555376;1927064773,1902782463;1903287666;1902976475;1902738528;1903043745
8827513133,1779883652,2144,False,10144976.0,10151159.0,19682,60,145779874;165067472;254248123;129824457;404793675,138485745;136171371;199666669;157433878;211195306
8827509955,1779883469,3264,True,10150388.0,10150644.0,19682,60,117199318;279813366;884394311;411887995;205196455,910132824;181244009;453936701;199626911;159630089
8827492535,1779882542,2814,False,8261500.0,9823272.0,19101,60,898754153;173978074;129958758;101695162;94296097,171262902;312436974;56351509;93817671;103735745
8827488738,1779882334,1306,False,10060977.0,9636142.0,18867,60,203989019;793630681;790671764;141287256;906511622,399588134;1251984026;236214375;800862190;1811371866
8827464470,1779881002,1994,True,9247354.0,9467224.0,19101,60,10366616;100058342;898455820;183719386;25907144,124801257;301750126;126842529;256156323;320219866
8827451089,1779880265,1023,True,9768002.0,9426115.0,18959,60,1750623235;808766025;1750510331;1750299292;1749799475,183270733;412910858;1090568489;1119908658;176158708
8827412844,1779877936,1812,True,8831040.0,10060977.0,18867,60,1251984026;1811371866;800862190;917067055;399588134,203989019;141287256;790671764;793630681;906511622
8827398120,1779876939,3959,True,2163.0,8255888.0,19101,60,16497807;97590558;201358612;77490514;152962063,172099728;480412663;165564598;317880638;196878136
8827394869,1779876781,2969,False,9426115.0,9768002.0,18959,60,1119908658;183270733;412910858;1090568489;176158708,1750623235;808766025;1749799475;1750299292;1750510331
8827394170,1779876683,2653,True,9824702.0,10150413.0,19101,60,1044002267;195108598;106573901;164199202;73401082,86698277;346412363;136829091;93618577;331855530
8827357534,1779874201,1896,True,2443375.0,8629315.0,18959,60,80599925;181339278;301477244;1103355581;1045494300,992327405;162724090;1232094007;202984325;1170923497
8827353357,1779874182,1700,False,9593609.0,9729268.0,18867,60,236214375;878549965;1029972951;1023487276;1712916118,1056145299;1171975340;1674266188;1868210186;130433320
8827351366,1779873737,1205,False,2586976.0,9823272.0,19101,60,431770905;155494381;324277900;100594231;355168766,171262902;312436974;56351509;93817671;103735745
8827349524,1779874215,2717,True,9098294.0,9885310.0,19545,60,242835570;389033587;333700720;274078636;252551173,1101855381;137895298;165178538;164530809;135607261
8827339763,1779872914,2306,True,7119388.0,10081680.0,19101,60,321580662;847565596;106305042;218231587;302214028,392565237;202217968;147767183;152859296;343084576
8827321459,1779871605,1958,False,8629315.0,2443375.0,18959,60,992327405;1170923497;1232094007;202984325;162724090,80599925;301477244;181339278;1045494300;1103355581
8827299376,1779869903,1663,True,9729268.0,9593609.0,18867,60,1171975340;130433320;1364579990;1868210186;1674266188,236214375;1029972951;878549965;1023487276;1712916118
8827297225,1779869734,2814,True,9885310.0,9098294.0,19545,60,1101855381;137895298;165178538;164530809;135607261,389033587;252551173;333700720;274078636;242835570
8827290720,1779869282,1501,True,9767998.0,9878494.0,18959,60,1750916329;1749630639;1750435217;1750248703;1750577069,1904129499;1902895053;1903247233;1902237853;1903997264
8827289834,1779869173,2769,True,10150538.0,9467224.0,19101,60,177203952;1026694469;292921272;105045291;81306398,124801257;301750126;126842529;256156323;320219866
8827284410,1779868797,2281,False,2443375.0,8629315.0,18959,60,1103355581;301477244;181339278;1045494300;80599925,202984325;1170923497;992327405;1232094007;162724090
8827282767,1779868618,2427,False,8261500.0,9247354.0,19101,60,898754153;173978074;129958758;101695162;94296097,10366616;100058342;898455820;183719386;25907144
8827263526,1779867065,2013,True,9593609.0,9906210.0,18867,60,1023487276;878549965;236214375;1029972951;1712916118,130433320;1364579990;1171975340;1868210186;1674266188
8827255762,1779866427,1589,False,9425656.0,9814269.0,18959,60,1621497616;1621422877;1622405666;397206052;1621570409,1903043745;1902738528;1902782463;1903287666;1902976475
8827253448,1779866264,2086,False,9878494.0,9767998.0,18959,60,1904129499;1902895053;1902237853;1903997264;1903247233,1750916329;1749630639;1750577069;1750248703;1750435217
8827246237,1779865794,2513,False,9885310.0,9098294.0,19545,60,1101855381;137895298;165178538;164530809;135607261,252551173;389033587;274078636;333700720;242835570
8827224993,1779863683,1866,False,9767998.0,9878494.0,18959,60,1750577069;1749630639;1750248703;1750916329;1750435217,1902895053;1902237853;1904129499;1903997264;1903247233
8827222540,1779863485,2345,False,9814269.0,9425656.0,18959,60,1903287666;1903043745;1902782463;1902738528;1902976475,1622405666;1621497616;1621422877;397206052;1621570409
8827203309,1779861597,1137,False,9878408.0,9593609.0,18867,60,1811371866;1029972951;157998413;1674266188;1868210186,130433320;236214375;194800812;1364579990;1712916118
8827193373,1779860714,1961,False,9426115.0,2443375.0,18959,60,1232094007;176158708;412910858;183270733;1090568489,1045494300;1103355581;181339278;80599925;301477244
8827193189,1779860676,2146,False,9425656.0,9814269.0,18959,60,1622405666;1621497616;1621422877;397206052;1621570409,1903287666;1902738528;1903043745;1902782463;1902976475
8827170962,1779858341,2037,True,9593609.0,9878408.0,18867,60,1364579990;194800812;130433320;236214375;1712916118,1674266188;1029972951;157998413;1868210186;1811371866
8827167203,1779857936,1919,True,2443375.0,9426115.0,18959,60,1045494300;181339278;301477244;1103355581;80599925,183270733;1232094007;412910858;176158708;1090568489
8827165107,1779857748,1946,True,9768243.0,10145429.0,18959,60,1880011613;1880007196;1880066287;1879746018;1880979563,1925436567;1924874376;1927064773;1925062076;1924555376
8827146519,1779855810,1233,True,10157319.0,10144667.0,19545,60,401653350;176616331;353498499;322442240;466792903,153727297;874735136;292829433;290354460;97822451
8827140852,1779855129,1877,True,9426115.0,2443375.0,18959,60,183270733;1232094007;412910858;176158708;1090568489,181339278;1103355581;1045494300;301477244;80599925
8827136859,1779854706,2301,False,10145429.0,9768243.0,18959,60,1925436567;1924874376;1925062076;1927064773;1924555376,1880011613;1880066287;1880979563;1879746018;1880007196
8827133285,1779854286,2696,False,9850400.0,9878408.0,18867,60,1811371866;1146548664;194800812;157998413;236214375,1029972951;130433320;1364579990;1868210186;1712916118
8827108853,1779851726,1641,True,9878408.0,9850400.0,18867,60,1029972951;1868210186;1364579990;1712916118;130433320,1146548664;194800812;236214375;1811371866;157998413
8827082722,1779848859,4716,False,,10144212.0,19752,60,226031143;352137522;336857964;1087358646;292803721,50871324;454424529;888477316;851268274;1289113611
8827058172,1779846266,2038,True,9048057.0,8957156.0,19201,60,154357932;279486190;177062248;164322994;294245092,264869776;120231412;126130434;36771694;1674673556
8827042224,1779844287,1482,True,8957156.0,9048057.0,19201,60,36771694;120231412;126130434;264869776;1674673556,294245092;164322994;177062248;279486190;154357932
8827040705,1779844022,3217,False,10089085.0,,19752,60,149993769;454424529;352137522;1087358646;292803721,226031143;336857964;160184815;50871324;852310758
8827017485,1779841287,1965,True,9048057.0,8957156.0,19201,60,294245092;177062248;164322994;279486190;154357932,36771694;1674673556;120231412;126130434;264869776
8827004187,1779839498,2787,True,10089085.0,,19752,60,226031143;336857964;352137522;1289113611;1087358646,149993769;454424529;852310758;292803721;1096757201
8826999594,1779838990,1536,True,9005364.0,8850015.0,19201,60,179986197;1675393568;123406722;357873937;451153940,328999660;1092522462;222022666;234162677;403346876
8826979273,1779836573,1967,False,8850015.0,9005364.0,19201,60,328999660;234162677;1092522462;222022666;403346876,179986197;451153940;1675393568;123406722;357873937
8826957169,1779834061,3262,False,8464190.0,10089085.0,19752,60,50871324;336857964;1289113611;454424529;888477316,149993769;352137522;852310758;1087358646;851268274
8826950190,1779833705,1882,False,8849837.0,8850016.0,19201,60,422351924;122574061;332180099;358303866;342667282,234382300;437135906;296080998;419736556;64188013
8826916067,1779830729,2062,True,8850016.0,8849837.0,19201,60,234382300;437135906;419736556;296080998;64188013,422351924;122574061;332180099;342667282;358303866
8826878944,1779828087,2035,True,9025669.0,8849850.0,19201,60,307624442;169359670;315850275;844586465;338281289,406522933;192275954;338946567;250144463;357479732
8826839821,1779825727,1784,False,8849850.0,9025669.0,19201,60,406522933;250144463;338946567;192275954;357479732,307624442;169359670;315850275;844586465;338281289
8826788734,1779823061,2491,True,9564280.0,9995737.0,18867,60,130433320;113923026;1146548664;800862190;790671764,1739519173;1246531472;793630681;1829839317;906511622
8826726482,1779819906,2020,True,9564280.0,9995737.0,18867,60,790671764;1146548664;800862190;130433320;113923026,1829839317;1246531472;1739519173;906511622;793630681
8826691962,1779818239,2473,False,7119388.0,8255888.0,19101,60,321580662;847565596;106305042;218231587;302214028,172099728;480412663;165564598;317880638;196878136
8826656828,1779816629,2183,True,9995737.0,9564280.0,18867,60,906511622;1246531472;793630681;1829839317;1739519173,130433320;1146548664;113923026;800862190;790671764
8826631538,1779815357,1562,True,10150413.0,2163.0,19101,60,86698277;346412363;136829091;93618577;331855530,16497807;97590558;201358612;77490514;152962063
8826591758,1779813484,3117,False,9824702.0,9823272.0,19101,60,1044002267;195108598;106573901;164199202;73401082,171262902;312436974;56351509;93817671;103735745
8826546060,1779811424,2160,True,9530716.0,10060977.0,18867,60,800862190;1054708192;236214375;130433320;113923026,203989019;141287256;790671764;780412858;906511622
8826537048,1779811021,2523,False,9467224.0,10081680.0,19101,60,124801257;301750126;126842529;256156323;320219866,392565237;202217968;147767183;152859296;343084576
8826503708,1779809552,1800,False,9768002.0,9878494.0,18959,60,1750510331;1750299292;1750623235;808766025;1749799475,1903997264;1903247233;1904129499;1902895053;1902237853
8826468180,1779808011,3433,False,10150538.0,9247354.0,19101,60,177203952;1026694469;292921272;105045291;81306398,10366616;100058342;898455820;183719386;25907144
8826451072,1779807379,1672,True,9878494.0,9768002.0,18959,60,1904129499;1903247233;1903997264;1902895053;1902237853,1750510331;1749799475;1750299292;1750623235;808766025
8826446566,1779807824,2558,False,10156935.0,9530716.0,18867,60,203989019;780412858;790671764;141287256;906511622,800862190;1054708192;130433320;236214375;113923026
8826437838,1779806796,2719,True,8261500.0,2586976.0,19101,60,898754153;173978074;129958758;101695162;94296097,431770905;100594231;324277900;155494381;355168766
8826387068,1779804802,1866,False,10145429.0,8629315.0,18959,60,1925062076;1925436567;1924555376;1927064773;1924874376,1232094007;202984325;992327405;1170923497;162724090
8826368986,1779804083,1299,True,9593609.0,9530716.0,18867,60,1246531472;1029972951;1634724608;1771146737;1712916118,800862190;236214375;1054708192;130433320;113923026
8826362754,1779803853,3271,False,10151952.0,10144936.0,19682,60,141258242;186545878;332892097;1423808526;170031378,250729191;129925807;146978019;307301919;213657038
8826353613,1779803503,3013,False,10150388.0,10151030.0,19682,60,279813366;411887995;117199318;205196455;884394311,198892029;1268846148;457347455;1458642845;1723235881
8826347921,1779803231,1691,True,9823272.0,2163.0,19101,60,171262902;312436974;56351509;93817671;103735745,16497807;97590558;201358612;77490514;152962063
8826341985,1779802987,2983,True,7119388.0,10150413.0,19101,60,321580662;847565596;106305042;218231587;302214028,86698277;346412363;136829091;93618577;331855530
8826326176,1779802379,1917,True,8629315.0,10145429.0,18959,60,1232094007;992327405;1170923497;202984325;162724090,1925062076;1925436567;1924874376;1927064773;1924555376
8826317115,1779801951,3770,False,9580444.0,9980793.0,19682,60,139605537;330117525;136716944;1185132194;152496029,137904388;318832881;148892226;139799491;898437899
8826305243,1779801458,2425,False,10150644.0,10144969.0,19682,60,171562037;159630089;199626911;910132824;136957225,1624636512;1068479162;88968453;138689627;436380335
8826291933,1779801040,1955,False,9530716.0,9593609.0,18867,60,800862190;113923026;1054708192;236214375;130433320,1029972951;1246531472;1634724608;1771146737;1712916118
8826283719,1779800553,1982,False,10150707.0,10151159.0,19682,60,224292145;183408948;165259791;204481134;134461931,136171371;199666669;211195306;1037211232;157433878
8826283627,1779800565,975,True,10144936.0,9366802.0,19682,60,245247805;129925807;307301919;141608052;213657038,124413177;518198;136963181;135256284;1087548014
8826268665,1779799891,1810,False,9767998.0,9426115.0,18959,60,1750248703;1750577069;1750435217;1750916329;1749630639,183270733;1045494300;176158708;412910858;1090568489
8826268112,1779799861,1534,False,9467224.0,8255888.0,19101,60,124801257;301750126;126842529;256156323;320219866,172099728;480412663;165564598;317880638;196878136
8826258112,1779799415,1869,True,9824702.0,8261500.0,19101,60,1044002267;195108598;106573901;164199202;73401082,898754153;173978074;129958758;101695162;94296097
8826240943,1779798651,1958,True,9980793.0,9580444.0,19682,60,137904388;898437899;139799491;148892226;318832881,136716944;330117525;1185132194;152496029;139605537
8826220238,1779797674,1733,True,9426115.0,9767998.0,18959,60,183270733;412910858;1045494300;176158708;1090568489,1750248703;1750916329;1750577069;1749630639;1750435217
8826218381,1779797644,2423,True,10144969.0,10150644.0,19682,60,1068479162;1624636512;88968453;138689627;436380335,171562037;910132824;136957225;159630089;199626911
8826208948,1779797103,2045,True,10151159.0,10150707.0,19682,60,136171371;1037211232;211195306;199666669;157433878,134461931;224292145;183408948;165259791;204481134
8826206184,1779796955,2563,False,9366802.0,10144936.0,19682,60,1087548014;124413177;135256284;518198;136963181,129925807;213657038;245247805;307301919;141608052
8826194034,1779796321,2251,True,9729268.0,8831040.0,18867,60,1868210186;1906005443;1171975340;1056145299;1712916118,399588134;1251984026;236214375;800862190;1811371866
8826189006,1779796020,2218,True,10150538.0,10081680.0,19101,60,177203952;1026694469;292921272;105045291;81306398,392565237;202217968;147767183;152859296;343084576
8826168772,1779794904,2346,True,9247354.0,2586976.0,19101,60,10366616;100058342;898455820;183719386;25907144,431770905;155494381;324277900;100594231;355168766
8826138447,1779793092,2288,True,9729268.0,8831040.0,18867,60,1906005443;1171975340;1056145299;1868210186;1712916118,1811371866;1251984026;236214375;800862190;399588134
8826110206,1779791240,2035,True,9823272.0,7119388.0,19101,60,171262902;312436974;56351509;93817671;103735745,321580662;847565596;106305042;218231587;302214028
8826102210,1779790716,1716,True,9768243.0,9768002.0,18959,60,1880979563;1880011613;1879746018;1880066287;1880007196,1750299292;1750510331;1750623235;808766025;1749799475
8826099852,1779790516,3693,True,9467224.0,10150413.0,19101,60,124801257;301750126;126842529;256156323;320219866,86698277;346412363;136829091;93618577;331855530
8823938188,1779637561,2217,False,9705469.0,9705464.0,19742,60,300504856;208407289;1296693692;165671428;115296681,134556694;89782335;95730142;363739653;830039714
8823904596,1779636180,2853,False,9572001.0,9467224.0,19696,60,1044002267;195108598;106573901;164199202;73401082,124801257;301750126;126842529;256156323;320219866
8823880513,1779635272,2637,False,9828921.0,9397016.0,18867,60,1054708192;800862190;339941742;130433320;113923026,157998413;1029972951;236214375;878549965;1000681260
8823848693,1779634009,814,True,9054352.0,10008546.0,19176,60,1276893638;1036639380;1674401460;1415129501;1675506161,1473893800;1747837619;1116915549;1916226597;1218783836
8823847001,1779633945,1854,True,9148992.0,9989379.0,19176,60,106600167;1738087684;134385892;181386618;101816835,1457710451;746570046;824726461;1579743095;1427628119
8823843770,1779633819,3156,True,9138051.0,,19176,60,998460518;1091238072;1055009181;1068440380;147273837,183068993;109449495;1150736118;256903684;1480752996
8823843339,1779633804,2006,True,8638867.0,9449429.0,19176,60,426175499;287823168;179447176;179469240;172873574,294541068;1610963641;1568630358;175502870;317848717
8823805044,1779632373,3004,False,9705469.0,9705464.0,19742,60,1296693692;208407289;300504856;165671428;115296681,134556694;89782335;95730142;363739653;830039714
8823789680,1779631805,2417,True,9572001.0,9467224.0,19696,60,1044002267;195108598;106573901;164199202;73401082,124801257;301750126;126842529;256156323;320219866
8823779301,1779631431,2520,False,9828921.0,10156935.0,18867,60,130433320;1054708192;339941742;800862190;113923026,141287256;793630681;236214375;790671764;906511622
8823742555,1779630099,1919,True,8638867.0,9974349.0,19176,60,179469240;179447176;426175499;287823168;172873574,15420765;790047548;179084284;1141410291;1422406251
8823742246,1779630087,1571,True,9989379.0,,19176,60,1457710451;746570046;824726461;1579743095;1427628119,1472838123;780740251;1540002622;1044679763;1242067810
8823737259,1779629906,1616,False,,,19176,60,1059448007;299684897;1255463100;1141598463;475904170,109449495;183068993;256903684;1150736118;1480752996
8823737258,1779629906,1478,True,9054352.0,,19176,60,1276893638;1036639380;1674401460;1675506161;1415129501,865525544;1665698509;232752217;151762839;193805710
8823735904,1779629857,1830,True,9449429.0,1682387.0,19176,60,1568630358;317848717;175502870;294541068;1610963641,1616631841;316626228;162709745;1505182776;880376337
8823735077,1779629828,2506,False,9829263.0,9148992.0,19176,60,1679311444;1056223334;134127887;1296254140;1658979535,134385892;181386618;101816835;106600167;1738087684
8823734807,1779629818,1653,True,9138051.0,,19176,60,998460518;1068440380;1091238072;1055009181;147273837,1420753874;1565632721;1844113171;1414859179;1560182631
8823732204,1779629724,1867,True,10144933.0,10144976.0,19682,60,330455610;174349041;212149486;125735693;175842532,404793675;482421406;998791426;161889645;1068805016
8823696617,1779628421,1684,True,10156935.0,9828921.0,18867,60,793630681;141287256;236214375;790671764;906511622,1054708192;800862190;339941742;130433320;113923026
8823686586,1779628001,2812,True,10144936.0,10144969.0,19682,60,129925807;141608052;146978019;307301919;213657038,126484298;88968453;294273638;1068479162;436380335
8823674702,1779627617,1731,False,10151952.0,10151159.0,19682,60,328274176;1032576676;332892097;1047029179;161593112,1037211232;136171371;211195306;157433878;199666669
8823668896,1779627311,2901,True,9705469.0,9705464.0,19742,60,1296693692;208407289;300504856;165671428;115296681,134556694;89782335;95730142;363739653;830039714
8823663735,1779627110,1980,False,10150644.0,10151030.0,19682,60,171562037;181244009;910132824;199626911;136957225,183701453;198892029;219538537;1723235881;1268846148
8823659378,1779626979,2944,True,10150707.0,9980793.0,19682,60,224292145;183408948;249843173;134461931;165259791,152485523;148892226;139799491;318832881;898437899
8823622679,1779625531,3022,False,10144976.0,10144933.0,19682,60,482421406;998791426;161889645;1068805016;404793675,338465995;212149486;330455610;125735693;175842532
8823617999,1779625312,2089,True,9989379.0,,19176,60,1457710451;746570046;824726461;1579743095;1427628119,1215555224;798679169;218273823;92047309;166291305
8823602970,1779624699,2124,True,2470971.0,9904489.0,19176,60,232752217;193805710;865525544;151762839;1665698509,1563337866;1922082468;1909363413;1242973900;1058982793
8823600697,1779624603,2893,True,9054352.0,,19176,60,1276893638;1036639380;1143589718;1675506161;1415129501,1561853228;1678963531;1579316187;771828773;1527580905
8823598719,1779624524,1042,True,9148992.0,10060924.0,19176,60,134385892;101816835;1738087684;181386618;106600167,1607246346;1187466548;830911024;1515385613;1698985913
8823596520,1779624431,1595,True,8638867.0,10143574.0,19176,60,179469240;179447176;287823168;426175499;172873574,1473415290;385936200;1461558943;60610279;1258331868
8823595256,1779624376,2454,False,10156895.0,9964991.0,19176,60,1699643594;349527193;1847782899;1086645957;1567439075,1616631841;1505182776;316626228;162709745;880376337
8823594757,1779624355,2559,False,10108233.0,9449429.0,19176,60,1583300284;1674092888;1176145421;169730673;1676215765,1610963641;317848717;1568630358;294541068;175502870
8823594006,1779624323,2760,False,10152063.0,,19176,60,1342126584;1256530034;1893833990;1282021325;1622931985,1414859179;1420753874;1844113171;1560182631;1565632721
8823593936,1779624356,1982,True,10151159.0,10151952.0,19682,60,1037211232;157433878;136171371;199666669;211195306,328274176;161593112;332892097;1047029179;1032576676
8823592679,1779624266,2378,False,,,19176,60,1213115523;1642829855;1581883638;1062251368;1856698593,256903684;1150736118;183068993;109449495;1480752996
8823591558,1779624261,1527,True,9980793.0,10150707.0,19682,60,152485523;148892226;139799491;318832881;898437899,224292145;165259791;183408948;249843173;134461931
8823590748,1779624184,3698,False,,,19176,60,1467751451;740936468;252853485;1547984956;1623317479,1472838123;780740251;1540002622;1044679763;1242067810
8823590009,1779624153,1875,True,10008546.0,,19176,60,1473893800;1747837619;1116915549;1218783836;1916226597,795664126;1131501535;1474335971;813338543;1481201480
8823589912,1779624149,1161,True,9138051.0,6410706.0,19176,60,998460518;1091238072;1055009181;1209073463;147273837,84425496;1176051128;1899921552;58678741;1734606950
8823588319,1779624165,2015,True,10151030.0,10150644.0,19682,60,198892029;219538537;457347455;183701453;1723235881,171562037;159630089;181244009;136957225;199626911
8823581544,1779624005,3018,False,10144969.0,10144936.0,19682,60,294273638;1068479162;436380335;88968453;126484298,250729191;307301919;146978019;213657038;129925807
8823581121,1779623768,4000,False,7119388.0,9467224.0,19696,60,321580662;847565596;106305042;218231587;302214028,124801257;301750126;126842529;256156323;320219866
8823557455,1779622753,2092,False,9768243.0,10145429.0,18959,60,1880066287;1880979563;1880011613;1880007196;1879746018,1925062076;1927064773;1925436567;1924874376;1924555376
8823502263,1779620103,1781,True,9467224.0,7119388.0,19696,60,124801257;301750126;126842529;256156323;320219866,321580662;847565596;106305042;218231587;302214028
8823499705,1779620025,2025,False,10145429.0,9768243.0,18959,60,1925436567;1924874376;1925062076;1927064773;1924555376,1880007196;1880011613;1880066287;1880979563;1879746018
8823497260,1779619856,2222,True,9691942.0,9729268.0,18867,60,1029972951;878549965;1023487276;1771146737;236214375,1171975340;1364579990;1868210186;1906005443;819437701
8823460046,1779618078,1462,False,9768243.0,10145429.0,18959,60,1880007196;1880066287;1880011613;1880979563;1879746018,1925436567;1924874376;1925062076;1924555376;1927064773
8823423677,1779616772,1563,False,9729268.0,9691942.0,18867,60,819437701;1364579990;1171975340;1056145299;1868210186,236214375;1029972951;878549965;1771146737;1023487276
8823412892,1779615678,1573,False,9814269.0,9425656.0,18959,60,1903043745;1902976475;1902782463;1903287666;1902738528,397206052;1622405666;1621497616;1621422877;1621570409
8823365941,1779613192,1237,True,9691942.0,10060977.0,18867,60,878549965;1000681260;236214375;1771146737;1029972951,203989019;1364579990;141287256;793630681;906511622
8823357618,1779612729,2180,True,9425656.0,9814269.0,18959,60,397206052;1622405666;1621497616;1621570409;1621422877,1903043745;1902782463;1903287666;1902976475;1902738528
8823305548,1779609931,1948,True,9767998.0,9426115.0,18959,60,1749630639;1750916329;1750577069;1750248703;1750435217,412910858;1068676453;183270733;1090568489;176158708
8823302341,1779609738,2219,False,10060977.0,9691942.0,18867,60,203989019;1364579990;141287256;906511622;793630681,1029972951;878549965;236214375;1771146737;1000681260
8823247410,1779606536,2218,True,9426115.0,9767998.0,18959,60,412910858;1068676453;183270733;176158708;1090568489,1750435217;1750577069;1750916329;1750248703;1749630639
8823236103,1779605850,2804,False,9729351.0,9397016.0,18867,60,1029972951;1171975340;1364579990;236214375;113923026,878549965;1674266188;130433320;1771146737;1000681260
8823208941,1779604106,1793,True,9767998.0,9426115.0,18959,60,1750577069;1750248703;1749630639;1750916329;1750435217,1068676453;412910858;183270733;1090568489;176158708
8823207177,1779603909,1802,False,9878494.0,9768243.0,18959,60,1904129499;1902237853;1903997264;1902895053;1903247233,1879746018;1880011613;1880066287;1880979563;1880007196
8823186622,1779602509,2209,True,9729351.0,9397016.0,18867,60,1029972951;1171975340;1364579990;236214375;113923026,130433320;878549965;1674266188;1771146737;1000681260
8823173663,1779601634,1705,True,9768243.0,9878494.0,18959,60,1879746018;1880066287;1880979563;1880011613;1880007196,1904129499;1902237853;1903997264;1903247233;1902895053
8823167103,1779601145,1844,False,2443375.0,9768002.0,18959,60,1045494300;181339278;301477244;1103355581;80599925,1750299292;1750623235;808766025;1750510331;1749799475
8823149768,1779599912,1454,True,9397016.0,9729351.0,18867,60,1000681260;130433320;1674266188;1771146737;878549965,1171975340;113923026;1364579990;1029972951;236214375
8823146233,1779599521,2090,False,10129133.0,10143761.0,19545,60,494553157;398896331;244660375;125189164;274049880,154884921;332880127;152238330;148869204;237201026
8823143445,1779599357,1684,True,9878494.0,9768243.0,18959,60,1903247233;1904129499;1903997264;1902895053;1902237853,1880066287;1880011613;1879746018;1880979563;1880007196
8823127379,1779598061,2010,True,9768002.0,2443375.0,18959,60,1750623235;1750299292;1750510331;808766025;1749799475,181339278;1045494300;301477244;1103355581;80599925
8823115978,1779597181,1574,False,9425656.0,10145429.0,18959,60,1622405666;1621497616;397206052;1621422877;1621570409,1925062076;1924874376;1927064773;1925436567;1924555376
8823100690,1779596160,1502,False,10129133.0,10143761.0,19545,60,274049880;125189164;398896331;494553157;244660375,148869204;332880127;154884921;237201026;152238330
8823096591,1779595497,1696,True,2443375.0,9768002.0,18959,60,181339278;80599925;1045494300;301477244;1103355581,1750623235;1750299292;1750510331;808766025;1749799475
8823088511,1779594825,1738,False,10145429.0,9425656.0,18959,60,1925436567;1924874376;1925062076;1927064773;1924555376,397206052;1621497616;1621422877;1621570409;1622405666
8823061604,1779592482,1711,False,9425656.0,10145429.0,18959,60,397206052;1621570409;1621497616;1622405666;1621422877,1925436567;1924874376;1925062076;1927064773;1924555376
8822971080,1779583672,2398,False,,8525455.0,19752,60,50871324;336857964;292803721;1087358646;852310758,226031143;1096757201;412767993;160184815;896329538
8822935597,1779579892,2303,True,8525455.0,,19752,60,226031143;160184815;412767993;852310758;896329538,336857964;50871324;454424529;1096757201;1087358646
8822905638,1779577013,1741,True,10150530.0,581153.0,19467,60,297118630;880056900;410707457;329589381;406420893,1623889619;91420774;124719218;125867450;107135108
8899028080,1784200005,2663,False,7119388.0,9823272.0,19785,60,321580662;847565596;106305042;218231587;302214028,171262902;312436974;56351509;93817671;103735745
8898117600,1784134860,1658,True,8255888.0,10150538.0,19785,60,172099728;480412663;165564598;317880638;196878136,177203952;1026694469;292921272;105045291;81306398
8898084910,1784133282,3799,False,10182357.0,726228.0,19785,60,86698277;346412363;136829091;93618577;331855530,320252024;137129583;118134220;157475523;111114687
8898003442,1784130021,2872,True,8255888.0,10150538.0,19785,60,172099728;480412663;165564598;317880638;196878136,177203952;1026694469;292921272;105045291;81306398
8897971312,1784128803,2723,False,10182357.0,726228.0,19785,60,86698277;346412363;136829091;93618577;331855530,320252024;137129583;118134220;157475523;111114687
8897841991,1784124113,2510,False,726228.0,10182357.0,19785,60,320252024;137129583;118134220;157475523;111114687,86698277;346412363;136829091;93618577;331855530
8897831774,1784123767,2689,True,7119388.0,2163.0,19785,60,321580662;847565596;106305042;218231587;302214028,16497807;97590558;201358612;77490514;152962063
8873815126,1782783967,2612,False,10186491.0,10182892.0,19885,60,893049966;288775038;850309212;1088362710;1190137167,396792504;116776337;412758827;220114337;250317389
8873810098,1782783515,1585,False,10182752.0,10182514.0,19885,60,133672082;186495296;416098293;480048979;880455909,86745912;238239590;95145869;40547474;38628747
8873805728,1782783034,2477,True,10182705.0,10186492.0,19885,60,452400903;352623024;182322692;248180032;116293223,125989153;143659264;249986681;101779337;866438572
8873801034,1782782603,1016,False,10182810.0,10182824.0,19885,60,86850560;193490297;200450157;410707457;145372258,363758022;1026694469;352545711;157989498;349310876
8873306881,1782754930,2336,False,10186455.0,10186458.0,19885,60,1050440850;1582429336;1299582377;887618020;1700358182,385344057;1794698612;1249045783;1853791662;1313455300
8859056335,1781949658,4906,False,7917893.0,2586976.0,19894,60,158425391;861414087;899495504;103045129;100598959,324277900;100594231;155494381;132309493;355168766
8850375347,1781363124,4663,True,10047709.0,55.0,18866,60,193884241;283494184;1675898897;170809075;116249155,96183976;294135421;185059559;363739653;295697470
8837015824,1780497805,1630,True,9768002.0,9878494.0,18959,60,1749799475;1750623235;1750510331;1750299292;808766025,1904129499;1902895053;1903247233;1902237853;1903997264
8836994904,1780496909,2403,True,10150644.0,10144963.0,19682,60,171562037;181244009;136957225;159630089;178831538,1460343232;158643480;1064005461;129824457;141124286
8836963335,1780495572,1820,False,9530716.0,9397016.0,18867,60,1054708192;113923026;1171975340;205630113;130433320,297111049;236214375;157998413;1906005443;1000681260
8834808503,1780338103,2624,False,10145416.0,10019843.0,19699,60,904131336;323562138;161839895;333351042;369342470,262476000;196400041;458287006;117514269;1172719712
8834794786,1780337417,1964,True,9255039.0,9895247.0,19699,60,125445069;383788462;175311897;122817493;123023873,1153798101;234119750;1675517497;435139370;104334048
8834786538,1780337010,2496,True,9799036.0,9678463.0,19699,60,182322692;176923146;121591254;908940454;185001854,1171243748;383867949;177953305;85696663;425588742
8834780383,1780336806,3891,False,9928636.0,10150633.0,19699,60,293731272;40805086;148612029;276449590;1048617659,879017980;115651292;1202267677;230487729;203351055
8834741906,1780334922,1349,True,9767998.0,8629315.0,18959,60,1750577069;1749630639;1750248703;1750916329;1750435217,1170923497;1232094007;162724090;202984325;992327405
8834733075,1780334823,1691,True,9906210.0,10121883.0,18867,60,1171975340;1906005443;205630113;1868210186;1674266188,1136465061;878549965;236214375;800862190;1811371866
8834728226,1780334222,2866,False,8965331.0,10108655.0,19699,60,283545554;324627809;197813893;120416283;183126002,399920568;164685175;352623024;117089283;392385140
8834714093,1780333483,1784,True,9678463.0,9799036.0,19699,60,1171243748;383867949;177953305;85696663;425588742,182322692;176923146;908940454;121591254;185001854
8834710843,1780333491,2962,False,10145416.0,10019843.0,19699,60,904131336;323562138;161839895;333351042;369342470,196400041;262476000;458287006;117514269;1172719712
8834699467,1780333216,2301,False,9255039.0,9895247.0,19699,60,125445069;383788462;175311897;122817493;123023873,234119750;1153798101;1675517497;435139370;104334048
8834692694,1780332386,1968,True,8629315.0,9767998.0,18959,60,1232094007;202984325;1170923497;162724090;992327405,1749630639;1750577069;1750248703;1750435217;1750916329
8834664247,1780331284,2386,False,9600141.0,9928636.0,19699,60,349310876;72393079;374875067;115464954;241519559,293731272;40805086;148612029;276449590;1048617659
8834648882,1780330344,1603,True,9767998.0,8629315.0,18959,60,1749630639;1750577069;1750248703;1750435217;1750916329,1232094007;202984325;162724090;992327405;1170923497
8834629819,1780329395,3988,False,10121883.0,9729268.0,18867,60,1712916118;1136465061;236214375;800862190;1811371866,1906005443;1674266188;205630113;1868210186;1171975340
8834622484,1780329569,2129,False,10145416.0,10158550.0,19699,60,904131336;323562138;161839895;333351042;369342470,96183976;294135421;185059559;363739653;295697470
8834592761,1780327766,1881,False,9426115.0,9768002.0,18959,60,412910858;819244033;176158708;183270733;1090568489,1750510331;1750623235;1750299292;808766025;1749799475
8834583981,1780327325,3433,False,10150610.0,10150633.0,19699,60,164962869;917164766;123717676;163061132;860264647,879017980;115651292;1202267677;230487729;203351055
8834573464,1780326858,2468,True,9928636.0,9600141.0,19699,60,293731272;40805086;148612029;276449590;1048617659,349310876;72393079;374875067;115464954;241519559
8834537400,1780325323,1602,False,9768002.0,9426115.0,18959,60,1750510331;1750299292;1750623235;808766025;1749799475,412910858;176158708;819244033;183270733;1090568489
8834526095,1780324890,2912,False,9906210.0,10143824.0,18867,60,1906005443;205630113;1171975340;1674266188;1868210186,1136465061;236214375;800862190;1712916118;1811371866
8834507847,1780324078,3771,False,10145416.0,10158550.0,19699,60,904131336;323562138;161839895;333351042;369342470,96183976;294135421;185059559;363739653;295697470
8834503568,1780323902,2794,True,10149530.0,10019843.0,19699,60,140251702;145065875;123787715;320017600;92487440,262476000;1172719712;196400041;458287006;117514269
8834472008,1780322610,1743,False,9426115.0,9768002.0,18959,60,176158708;819244033;412910858;183270733;1090568489,1749799475;1750510331;1750299292;1750623235;808766025
8834471408,1780322584,1974,False,10150388.0,10144936.0,19682,60,279813366;205196455;117199318;884394311;411887995,245247805;307301919;146978019;129925807;213657038
8834470799,1780322751,2804,True,10150633.0,10150610.0,19699,60,879017980;115651292;1202267677;230487729;203351055,164962869;163061132;860264647;917164766;123717676
8834466305,1780322495,2359,True,9600141.0,9928636.0,19699,60,349310876;115464954;72393079;374875067;241519559,293731272;40805086;148612029;276449590;1048617659
8834444256,1780321452,2937,True,9995872.0,9556121.0,19066,60,1586827680;312499145;228980699;182944328;401275391,236395539;173078303;123057520;142963173;191803033
8834411851,1780320143,1772,False,2443375.0,9425656.0,18959,60,80599925;1045494300;181339278;301477244;1103355581,1621570409;397206052;1622405666;1621422877;1621497616
8834401345,1780319658,1472,True,,10144969.0,19682,60,213657038;129925807;146978019;245247805;307301919,294273638;136195292;138689627;1068479162;436380335
8834391308,1780319223,1561,True,9729268.0,10060977.0,18867,60,205630113;1171975340;1906005443;1674266188;1868210186,203989019;790671764;141287256;906511622;793630681
8834382653,1780318870,2420,True,10150388.0,10144963.0,19682,60,279813366;117199318;205196455;411887995;884394311,1460343232;1064005461;141410042;347498785;141124286
8834376655,1780318838,3438,False,10158550.0,10145416.0,19699,60,96183976;294135421;185059559;363739653;295697470,904131336;323562138;161839895;333351042;369342470
8834372698,1780318512,1799,False,9556121.0,9995872.0,19066,60,236395539;142963173;173078303;191803033;123057520,228980699;182944328;1586827680;312499145;401275391
8834372136,1780318808,3266,False,10019843.0,10149530.0,19699,60,262476000;196400041;458287006;117514269;1172719712,140251702;145065875;123787715;320017600;92487440
8834359893,1780317897,1728,True,9425656.0,2443375.0,18959,60,397206052;1621497616;1621422877;1621570409;1622405666,301477244;1045494300;181339278;80599925;1103355581
8834345524,1780317214,1523,False,10144969.0,10157851.0,19682,60,136195292;138689627;1068479162;294273638;436380335,146978019;245247805;307301919;129925807;213657038
8834327869,1780316323,2125,False,10060977.0,9906210.0,18867,60,203989019;141287256;790671764;793630681;906511622,205630113;1171975340;1674266188;1906005443;1868210186
8834313730,1780315604,1644,True,2443375.0,9425656.0,18959,60,301477244;1045494300;181339278;80599925;1103355581,1621422877;1621497616;1622405666;397206052;1621570409
8834308578,1780315343,2161,True,10150388.0,10144963.0,19682,60,279813366;205196455;117199318;411887995;884394311,1460343232;141410042;347498785;1064005461;141124286
8834251470,1780312054,1545,True,9593609.0,10060977.0,18867,60,1634724608;1029972951;236214375;1868210186;1712916118,203989019;297111049;790671764;141287256;906511622
8834244800,1780311650,2562,False,10101793.0,9928636.0,19699,60,226786631;1152948930;207527352;1218097624;135709988,293731272;40805086;148612029;276449590;1048617659
8834238278,1780311237,1266,False,9547052.0,10150610.0,19699,60,180077091;311534425;195608714;1178451669;115506817,163061132;111656727;860264647;917164766;123717676
8834230023,1780310714,2464,False,9895247.0,7299465.0,19699,60,1153798101;234119750;1675517497;435139370;104334048,164506534;116865891;331711578;417235485;184620877
8834217415,1780309964,2205,True,10145429.0,9878494.0,18959,60,1925436567;1924555376;1924874376;1925062076;1927064773,1902895053;1902237853;1904129499;1903247233;1903997264
8834199125,1780308749,2405,False,10060977.0,9593609.0,18867,60,203989019;297111049;141287256;790671764;906511622,1634724608;1868210186;1029972951;236214375;1712916118
8834199052,1780308669,2797,True,10136133.0,9255039.0,19699,60,93526520;196482746;1092267175;206097366;340421206,125445069;383788462;175311897;122817493;123023873
8834190956,1780308265,1172,True,10150610.0,9547052.0,19699,60,111656727;163061132;860264647;917164766;123717676,195608714;311534425;180077091;1178451669;115506817
8826097782,1779790501,1650,True,9636142.0,9729268.0,18867,60,1251984026;1811371866;236214375;800862190;399588134,1906005443;1171975340;1056145299;1868210186;1712916118
8826068671,1779788252,1734,False,9768002.0,9768243.0,18959,60,1749799475;1750510331;1750623235;808766025;1750299292,1880007196;1880979563;1880066287;1880011613;1879746018
8826052816,1779787004,2531,False,8261500.0,2163.0,19101,60,898754153;173978074;129958758;101695162;94296097,16497807;97590558;201358612;77490514;152962063
8826042346,1779786191,1903,False,8255888.0,10150538.0,19101,60,172099728;480412663;165564598;317880638;196878136,177203952;1026694469;292921272;105045291;81306398
8826037635,1779785851,1576,False,9878494.0,9426115.0,18959,60,1903997264;1902237853;1904129499;1903247233;1902895053,412910858;1232094007;183270733;176158708;1090568489
8826022731,1779784607,1505,False,9593609.0,9729268.0,18867,60,1029972951;1023487276;878549965;236214375;1712916118,1674266188;1906005443;1171975340;1056145299;1868210186
8826010607,1779783617,1779,True,10144667.0,10129693.0,19545,60,153727297;874735136;292829433;290354460;97822451,199833749;160708663;422748003;318371533;1129118044
8825996999,1779782487,2105,True,9824702.0,2586976.0,19101,60,1044002267;195108598;106573901;164199202;73401082,431770905;155494381;324277900;100594231;355168766
8825993964,1779782231,2720,False,9247354.0,10081680.0,19101,60,10366616;100058342;898455820;183719386;25907144,392565237;147767183;202217968;152859296;343084576
8825992855,1779782173,2150,False,9426115.0,9878494.0,18959,60,412910858;176158708;183270733;1068676453;1090568489,1904129499;1902895053;1902237853;1903247233;1903997264
8825984373,1779781644,1817,True,9906210.0,9593609.0,18867,60,1906005443;1056145299;1171975340;1674266188;1868210186,878549965;1023487276;1029972951;236214375;1712916118
8825966163,1779779821,1975,False,10129693.0,10144667.0,19545,60,199833749;160708663;422748003;318371533;1129118044,153727297;874735136;290354460;292829433;97822451
8825965926,1779779784,1721,True,9768243.0,9814269.0,18959,60,1879746018;1880066287;1880007196;1880011613;1880979563,1903043745;1902782463;1903287666;1902976475;1902738528
8825956989,1779778937,2648,False,9878494.0,9426115.0,18959,60,1904129499;1902895053;1903247233;1902237853;1903997264,176158708;412910858;1068676453;183270733;1090568489
8825939431,1779777229,1621,True,9814269.0,9768243.0,18959,60,1903287666;1902782463;1902976475;1903043745;1902738528,1880007196;1880066287;1879746018;1880011613;1880979563
8825930484,1779776336,1938,True,2443375.0,10145429.0,18959,60,1045494300;181339278;80599925;1103355581;301477244,1925062076;1927064773;1925436567;1924874376;1924555376
8825926197,1779775867,4093,False,9563873.0,9730490.0,18867,60,1054708192;1029972951;236214375;878549965;1712916118,1251984026;130433320;1591533176;1674266188;1868210186
8825909765,1779774213,2188,True,9768243.0,9814269.0,18959,60,1880011613;1880066287;1880007196;1879746018;1880979563,1903287666;1903043745;1902782463;1902976475;1902738528
8825906368,1779773775,1332,False,10129133.0,9488152.0,19545,60,274049880;398896331;125189164;244660375;494553157,401653350;353498499;322442240;176616331;466792903
8825906232,1779773843,1816,False,10145429.0,2443375.0,18959,60,1925062076;1927064773;1924874376;1925436567;1924555376,1045494300;80599925;181339278;1103355581;301477244
8825900347,1779773200,1855,True,9730490.0,9563873.0,18867,60,1868210186;1591533176;1251984026;130433320;1674266188,878549965;1054708192;1029972951;236214375;1712916118
8825883035,1779771277,1955,False,9768002.0,9767998.0,18959,60,1750623235;1750510331;1750299292;808766025;1749799475,1750248703;1750577069;1750916329;1749630639;1750435217
8825880391,1779770983,2009,True,9425656.0,8629315.0,18959,60,397206052;1621570409;1621497616;1622405666;1621422877,1170923497;202984325;162724090;1232094007;992327405
8825871123,1779769953,1895,False,9593609.0,9493513.0,18867,60,878549965;1029972951;1591533176;1868210186;1712916118,1251984026;1674266188;236214375;1054708192;130433320
8825865884,1779769668,2059,False,10129133.0,9488152.0,19545,60,274049880;398896331;125189164;494553157;244660375,353498499;466792903;176616331;322442240;401653350
8825858032,1779768568,1659,True,9767998.0,9768002.0,18959,60,1750248703;1749630639;1750916329;1750577069;1750435217,1750623235;808766025;1750299292;1750510331;1749799475
8825856099,1779768404,1865,False,8629315.0,9425656.0,18959,60,1170923497;162724090;202984325;1232094007;992327405,397206052;1621570409;1622405666;1621497616;1621422877
8825825990,1779765766,3030,True,9493513.0,9593609.0,18867,60,1054708192;130433320;1251984026;236214375;1674266188,1868210186;1029972951;878549965;1591533176;1712916118
8825814056,1779763679,1763,False,8850016.0,8849850.0,19201,60,419736556;296080998;234382300;437135906;64188013,338946567;357479732;250144463;406522933;192275954
8825793495,1779761358,1697,True,8849850.0,8850016.0,19201,60,357479732;338946567;406522933;250144463;192275954,64188013;234382300;437135906;419736556;296080998
8825772406,1779758912,1922,True,8850016.0,8849850.0,19201,60,64188013;296080998;437135906;234382300;419736556,357479732;406522933;338946567;250144463;192275954
8825748559,1779755963,1547,False,8849837.0,8957156.0,19201,60,342667282;422351924;332180099;358303866;122574061,126130434;120231412;264869776;1674673556;36771694
8825745704,1779755568,2626,False,10157006.0,9949210.0,17910,60,1031614934;323804644;250571243;408423957;179733073,382514676;121024905;391301310;78434936;426728561
8825732288,1779753857,1906,False,,,19752,60,50871324;352137522;301985954;888477316;852310758,412272556;160184815;1289113611;149993769;292803721
8825726196,1779753250,1916,True,8957156.0,8849837.0,19201,60,126130434;264869776;120231412;1674673556;36771694,342667282;332180099;358303866;422351924;122574061
8825718368,1779752114,2220,True,9949210.0,10157006.0,17910,60,382514676;426728561;391301310;121024905;78434936,323804644;1031614934;250571243;408423957;179733073
8825708349,1779750879,1734,True,8849837.0,8957156.0,19201,60,332180099;342667282;422351924;358303866;122574061,120231412;264869776;1674673556;126130434;36771694
8825697100,1779749582,2897,False,9957513.0,10129317.0,17910,60,1847344518;452987572;900551258;1109417339;1454362289,912054671;1143855600;1681497165;300005498;224909279
8825687476,1779748549,1761,True,9048057.0,9005364.0,19201,60,177062248;164322994;294245092;154357932;279486190,179986197;357873937;1675393568;451153940;123406722
8825685157,1779748285,2939,True,10144212.0,,19752,60,50871324;851268274;896329538;412272556;292803721,336857964;888477316;852310758;357158791;352137522
8825681775,1779747960,2588,True,9949210.0,9938992.0,17910,60,382514676;426728561;391301310;78434936;121024905,1031614934;179733073;323804644;250571243;408423957
8825665128,1779746537,1558,False,9005364.0,9048057.0,19201,60,357873937;179986197;451153940;123406722;1675393568,279486190;177062248;154357932;294245092;164322994
8825637402,1779744038,2490,True,,10144212.0,19752,60,412272556;1289113611;852310758;888477316;301985954,357158791;292803721;336857964;1096757201;851268274
8825635447,1779743945,1822,False,9025669.0,8850015.0,19201,60,169359670;307624442;315850275;338281289;844586465,1092522462;403346876;222022666;328999660;234162677
8825629619,1779743482,3108,True,10157006.0,9949210.0,17910,60,250571243;323804644;1031614934;408423957;179733073,426728561;382514676;391301310;78434936;121024905
8825628516,1779743434,5008,False,10129317.0,9957513.0,17910,60,912054671;1143855600;1681497165;224909279;300005498,1109417339;1847344518;452987572;900551258;1454362289
8825606334,1779741857,1592,True,8850015.0,9025669.0,19201,60,222022666;328999660;234162677;403346876;1092522462,307624442;169359670;315850275;844586465;338281289
8825597622,1779741270,1569,True,10144212.0,,19752,60,851268274;336857964;50871324;292803721;1096757201,888477316;412272556;1289113611;852310758;301985954
8825559104,1779739358,1650,True,9025669.0,8850015.0,19201,60,307624442;844586465;315850275;169359670;338281289,222022666;403346876;328999660;234162677;1092522462
8825556872,1779738866,3709,True,10007804.0,9461271.0,18867,60,1906005443;113923026;236214375;1000681260;130433320,221945821;1171975340;800862190;367217819;1146548664
8825536610,1779737820,3348,True,10157006.0,9957513.0,17910,60,250571243;1031614934;323804644;408423957;179733073,1109417339;1847344518;900551258;452987572;1454362289
8825534747,1779737660,1934,False,10144212.0,,19752,60,1289113611;292803721;852310758;412767993;851268274,226031143;301985954;160184815;888477316;412272556
8825479700,1779734870,2932,False,9729342.0,10007804.0,18867,60,221945821;1146548664;800862190;367217819;1171975340,113923026;1906005443;236214375;1000681260;130433320
8825464885,1779734150,2070,True,9957513.0,10157006.0,17910,60,900551258;452987572;1847344518;1454362289;1109417339,1031614934;250571243;323804644;408423957;179733073
8825416538,1779731818,2817,True,9949210.0,10129317.0,17910,60,382514676;121024905;391301310;78434936;426728561,912054671;224909279;1143855600;1681497165;300005498
8825376811,1779729926,2819,False,10060977.0,9530716.0,18867,60,780412858;203989019;790671764;141287256;906511622,1000681260;1054708192;800862190;130433320;113923026
8825366913,1779729401,2807,True,10157006.0,9957513.0,17910,60,250571243;1031614934;408423957;323804644;179733073,900551258;452987572;1109417339;1847344518;1454362289
8825315572,1779727020,2995,False,10129317.0,9949210.0,17910,60,912054671;1143855600;1681497165;224909279;300005498,426728561;382514676;391301310;78434936;121024905
8825308751,1779726709,1903,False,9767998.0,2443375.0,18959,60,1750916329;1750577069;1750435217;1750248703;1749630639,301477244;1045494300;1103355581;181339278;80599925
8825306228,1779726537,1867,True,9530716.0,10060977.0,18867,60,1000681260;113923026;800862190;1054708192;130433320,203989019;780412858;790671764;141287256;906511622
8825258054,1779724413,1490,True,2443375.0,9767998.0,18959,60,301477244;1045494300;1103355581;181339278;80599925,1749630639;1750916329;1750577069;1750248703;1750435217
8825201226,1779721935,1696,False,9878494.0,10145429.0,18959,60,1903997264;1903247233;1904129499;1902895053;1902237853,1924874376;1925062076;1924555376;1925436567;1927064773
8825194009,1779721654,3214,True,10060977.0,9530716.0,18867,60,203989019;141287256;790671764;780412858;906511622,113923026;1054708192;130433320;800862190;1000681260
8825146210,1779719664,1655,True,10145429.0,9878494.0,18959,60,1924555376;1925062076;1927064773;1924874376;1925436567,1903997264;1903247233;1904129499;1902895053;1902237853
8825089389,1779717390,1715,True,9878494.0,10145429.0,18959,60,1903247233;1902237853;1904129499;1902895053;1903997264,1925062076;1924874376;1925436567;1924555376;1927064773
8825083155,1779717154,1505,False,10060977.0,9628678.0,18867,60,203989019;780412858;141287256;906511622;793630681,1171975340;1906005443;1056145299;1868210186;1712916118
8825077637,1779716942,1911,True,10144963.0,9580444.0,19682,60,1460343232;1064005461;129824457;141124286;139625562,152496029;136716944;139605537;1185132194;330117525
8825042069,1779715585,2153,True,10150388.0,10144936.0,19682,60,279813366;205196455;117199318;884394311;411887995,213657038;307301919;146978019;250729191;129925807
8825026698,1779714975,1560,False,8629315.0,9814269.0,18959,60,1232094007;1170923497;202984325;162724090;992327405,1903287666;1903043745;1902782463;1902738528;1902976475
8825021732,1779714735,2200,True,10144933.0,9366802.0,19682,60,330455610;338465995;175842532;125735693;86861086,1087548014;124413177;518198;261738292;136963181
8825015637,1779714524,1806,True,9729268.0,10060977.0,18867,60,1906005443;1056145299;1171975340;1868210186;1712916118,203989019;141287256;780412858;793630681;906511622
8825015480,1779714487,2365,False,10144976.0,9980793.0,19682,60,998791426;404793675;161889645;1068805016;126484298,898437899;152485523;139799491;148892226;318832881
8824977038,1779712871,2755,False,9580444.0,10144963.0,19682,60,152496029;1185132194;330117525;136716944;139605537,1460343232;1064005461;139625562;141124286;129824457
8824973157,1779712687,1698,False,9814269.0,8629315.0,18959,60,1902782463;1903043745;1903287666;1902738528;1902976475,162724090;1232094007;202984325;1170923497;992327405
8824966533,1779712386,1969,True,10144936.0,10150388.0,19682,60,307301919;129925807;250729191;213657038;146978019,279813366;205196455;884394311;117199318;411887995
8824941214,1779711457,1749,False,8831040.0,9691942.0,18867,60,1811371866;1251984026;800862190;878549965;876889985,236214375;1029972951;1023487276;1634724608;1771146737
8824937217,1779711069,2126,True,9980793.0,10144976.0,19682,60,318832881;152485523;139799491;148892226;898437899,998791426;161889645;1068805016;404793675;126484298
8824934844,1779710882,2626,False,9366802.0,10144933.0,19682,60,1087548014;136963181;518198;124413177;261738292,338465995;330455610;125735693;175842532;86861086
8824926541,1779710542,1662,False,8629315.0,9814269.0,18959,60,1170923497;202984325;992327405;162724090;1232094007,1902782463;1903043745;1903287666;1902738528;1902976475
8824874679,1779707683,2522,True,8831040.0,9593609.0,18867,60,1251984026;800862190;1136465061;878549965;876889985,1634724608;1029972951;236214375;1023487276;1712916118
8824849037,1779706222,1761,False,9768002.0,9767998.0,18959,60,808766025;1750299292;1750623235;1750510331;1749799475,1750435217;1750248703;1750916329;1750577069;1749630639
8824818736,1779704173,2496,True,9593609.0,8831040.0,18867,60,1634724608;236214375;1029972951;1023487276;1712916118,1251984026;878549965;800862190;1136465061;876889985
8824818274,1779704111,1371,False,9767998.0,9768002.0,18959,60,1750435217;1750916329;1750577069;1750248703;1749630639,1750299292;1750510331;1750623235;1749799475;808766025
8824780469,1779701481,2061,False,9768002.0,9767998.0,18959,60,1749799475;1750510331;1750299292;1750623235;808766025,1750916329;1749630639;1750577069;1750248703;1750435217
8824759922,1779699823,2202,True,9906210.0,8831040.0,18867,60,1712916118;1868210186;1171975340;1674266188;1056145299,1251984026;339941742;800862190;878549965;236214375
8824746223,1779698800,1906,False,9426115.0,9425656.0,18959,60,1068676453;412910858;1090568489;183270733;176158708,1621497616;1621570409;1622405666;397206052;1621422877
8824744144,1779698603,1666,False,10144667.0,9885310.0,19545,60,153727297;874735136;290354460;292829433;97822451,1101855381;137895298;165178538;164530809;135607261
8824705549,1779695764,3106,False,8831040.0,9729268.0,18867,60,1251984026;800862190;878549965;236214375;339941742,1712916118;1674266188;1171975340;1868210186;1056145299
8824701764,1779695195,2764,False,9425656.0,9426115.0,18959,60,1621497616;1621570409;397206052;1622405666;1621422877,412910858;1090568489;183270733;176158708;1068676453
8824695579,1779694725,2308,False,10144667.0,9885310.0,19545,60,153727297;874735136;292829433;290354460;97822451,1101855381;137895298;165178538;164530809;135607261
8824665813,1779691861,2096,False,9426115.0,9425656.0,18959,60,412910858;183270733;1090568489;1068676453;176158708,1621497616;1621422877;1622405666;1621570409;397206052
8824662057,1779691441,2005,False,9729342.0,9684245.0,18867,60,1674266188;1171975340;1364579990;1739519173;1868210186,1029972951;236214375;878549965;1829839317;130433320
8824655937,1779690887,1695,False,10129133.0,9098294.0,19545,60,274049880;125189164;244660375;398896331;494553157,252551173;389033587;333700720;274078636;242835570
8824654347,1779690702,1814,True,9814269.0,9878494.0,18959,60,1903287666;1903043745;1902782463;1902738528;1902976475,1904129499;1903247233;1903997264;1902895053;1902237853
8824639477,1779689174,1732,False,2443375.0,9768243.0,18959,60,1045494300;1103355581;181339278;80599925;301477244,1880066287;1880011613;1880979563;1880007196;1879746018
8824629464,1779688178,1757,False,9878494.0,9814269.0,18959,60,1904129499;1902895053;1903247233;1903997264;1902237853,1903287666;1902782463;1903043745;1902976475;1902738528
8824623694,1779687523,1739,True,10129133.0,9098294.0,19545,60,274049880;398896331;244660375;494553157;125189164,252551173;389033587;242835570;274078636;333700720
8824623058,1779687576,1688,True,9684245.0,9729342.0,18867,60,130433320;878549965;236214375;1829839317;1029972951,1364579990;1739519173;307331749;1868210186;1171975340
8824613618,1779686538,1987,True,9768243.0,2443375.0,18959,60,1880066287;1880979563;1879746018;1880011613;1880007196,1045494300;80599925;1103355581;301477244;181339278
8824604238,1779685511,1776,False,10145429.0,9767998.0,18959,60,1925436567;1925062076;1924874376;1924555376;1927064773,1750248703;1750577069;1750916329;1750435217;1749630639
8824595265,1779684539,1043,True,9768002.0,8629315.0,18959,60,1750623235;1749799475;1750510331;1750299292;808766025,1170923497;202984325;1232094007;162724090;992327405
8824589210,1779683861,1897,True,9545354.0,9564441.0,18867,60,1146548664;307331749;1364579990;1829839317;1739519173,236214375;1868210186;878549965;130433320;1712916118
8824576340,1779682468,2970,False,10129133.0,9098294.0,19545,60,274049880;125189164;244660375;494553157;398896331,252551173;389033587;274078636;242835570;333700720
8824575663,1779682448,2041,True,9767998.0,10145429.0,18959,60,1750248703;1750577069;1749630639;1750435217;1750916329,1925436567;1925062076;1924874376;1924555376;1927064773
8824572586,1779682110,1779,False,8629315.0,9768002.0,18959,60,1170923497;162724090;1232094007;202984325;992327405,1750623235;1750299292;1750510331;1749799475;808766025
8824543327,1779678937,2564,False,9564441.0,9545354.0,18867,60,1868210186;130433320;878549965;236214375;1712916118,1829839317;307331749;1364579990;1146548664;1739519173
8824529565,1779677408,1502,True,8849850.0,8849837.0,19201,60,192275954;250144463;338946567;357479732;406522933,422351924;332180099;122574061;342667282;358303866
8824510311,1779675254,1585,False,8849837.0,8849850.0,19201,60,358303866;342667282;332180099;422351924;122574061,357479732;250144463;406522933;192275954;338946567
8824509351,1779675107,3768,False,,,19752,60,896329538;486136064;888477316;454424529;292803721,412272556;1289113611;50871324;1096757201;352137522
8824486874,1779672604,2120,False,8849850.0,8849837.0,19201,60,357479732;192275954;338946567;406522933;250144463,358303866;342667282;332180099;422351924;122574061
8824462450,1779669695,2216,True,9025669.0,9048057.0,19201,60,844586465;307624442;338281289;315850275;169359670,294245092;279486190;164322994;177062248;154357932
8824442715,1779667392,1740,False,9048057.0,9025669.0,19201,60,294245092;164322994;279486190;177062248;154357932,844586465;338281289;315850275;307624442;169359670
8824428207,1779665614,2641,False,,,19752,60,412272556;1289113611;852310758;352137522;454424529,888477316;292803721;50871324;1096757201;336857964
8824420153,1779664779,1686,True,8850015.0,8850016.0,19201,60,328999660;222022666;234162677;1092522462;403346876,419736556;64188013;437135906;296080998;234382300
8824418320,1779664637,2273,True,2114225.0,7155747.0,19467,60,201474668;373971912;113750729;94507743;118124657,87194927;116570125;125910636;142788466;178920973
8824393455,1779662213,1836,False,8850016.0,8850015.0,19201,60,419736556;437135906;296080998;64188013;234382300,328999660;403346876;1092522462;222022666;234162677
8824383716,1779661224,2640,True,9705464.0,10150345.0,19742,60,134556694;89782335;95730142;363739653;830039714,147408273;49292857;155162307;113589506;190100004
8824374184,1779660550,2707,False,7155747.0,2114225.0,19467,60,87194927;125910636;116570125;121204579;142788466,201474668;373971912;94507743;118124657;113750729
8824369880,1779660060,2371,True,,10144212.0,19752,60,336857964;852310758;352137522;454424529;1289113611,412272556;50871324;851268274;160184815;1873551197
8824366821,1779659996,1602,False,8850015.0,8850016.0,19201,60,1092522462;222022666;328999660;234162677;403346876,234382300;419736556;437135906;296080998;64188013
8824337197,1779657613,1721,False,8957156.0,9005364.0,19201,60,36771694;120231412;1674673556;264869776;126130434,357873937;179986197;1675393568;451153940;123406722
8824324161,1779656695,3001,True,10129317.0,10157007.0,17910,60,912054671;1681497165;1143855600;300005498;224909279,125347313;87850774;856687769;1113557951;393002611
8824312714,1779655904,3477,True,10150345.0,9705464.0,19742,60,113589506;155162307;49292857;147408273;190100004,134556694;89782335;95730142;363739653;830039714
8824298325,1779655000,3344,False,,10144212.0,19752,60,336857964;412272556;888477316;1289113611;160184815,851268274;292803721;50871324;380397005;1096757201
8824298002,1779655008,2112,True,9005364.0,8957156.0,19201,60,1675393568;123406722;179986197;451153940;357873937,1674673556;264869776;36771694;120231412;126130434
8824291477,1779654592,1947,False,7217544.0,9949210.0,17910,60,388339394;162243926;333765949;123972118;181050574,426728561;382514676;391301310;121024905;78434936
8824268198,1779653263,1475,False,10157038.0,9957513.0,17910,60,206873950;1426915269;243405693;1189887560;118047453,1847344518;452987572;900551258;1109417339;1454362289
8824260253,1779652950,1605,True,8957156.0,9005364.0,19201,60,1674673556;126130434;264869776;120231412;36771694,1675393568;123406722;179986197;451153940;357873937
8824257639,1779652650,3591,False,8623207.0,10157006.0,17910,60,292305454;1673609691;1272753611;308033150;235500694,250571243;1031614934;408423957;323804644;179733073
8824253918,1779652472,2314,True,10157007.0,10129317.0,17910,60,125347313;856687769;87850774;393002611;1113557951,912054671;1681497165;224909279;1143855600;300005498
8824228138,1779651052,2907,False,10150345.0,9705464.0,19742,60,113589506;155162307;49292857;147408273;190100004,134556694;89782335;95730142;363739653;830039714
8824218541,1779650554,2299,True,9572001.0,9467224.0,19696,60,1044002267;195108598;106573901;164199202;73401082,124801257;301750126;126842529;256156323;320219866
8824215313,1779650421,2710,True,9949210.0,7217544.0,17910,60,121024905;78434936;391301310;426728561;382514676,162243926;388339394;123972118;333765949;181050574
8824207271,1779650048,1585,True,9957513.0,10157038.0,17910,60,452987572;900551258;1847344518;1109417339;1454362289,118047453;1189887560;1426915269;243405693;206873950
8824199865,1779649614,3761,True,10144212.0,,19752,60,412272556;851268274;380397005;1096757201;1873551197,336857964;1289113611;149993769;160184815;888477316
8824175774,1779648498,2523,True,10157006.0,8623207.0,17910,60,1031614934;250571243;408423957;323804644;179733073,1272753611;1673609691;235500694;308033150;292305454
8824162023,1779647988,2851,True,10129317.0,8572901.0,17910,60,912054671;1143855600;224909279;1681497165;300005498,87850774;125347313;393002611;856687769;1113557951
8824153795,1779647338,1597,True,10007804.0,9564280.0,18867,60,1000681260;800862190;130433320;906511622;113923026,307331749;1054708192;1146548664;1771146737;1739519173
8824144006,1779646866,2486,True,10150345.0,9705464.0,19742,60,113589506;155162307;49292857;147408273;190100004,134556694;89782335;95730142;363739653;830039714
8824128099,1779646154,2114,True,7217544.0,9897031.0,17910,60,388339394;123972118;162243926;333765949;181050574,162871324;309097063;210354813;344378143;197002554
8824123966,1779645923,2681,False,9572001.0,9467224.0,19696,60,1044002267;195108598;106573901;164199202;73401082,124801257;301750126;126842529;256156323;320219866
8824093365,1779644495,1710,True,9938992.0,9948273.0,17910,60,179733073;323804644;1031614934;408423957;250571243,1123191292;43153980;133163248;873366094;344521096
8824092703,1779644482,1612,False,9564280.0,10007804.0,18867,60,307331749;1146548664;1771146737;1739519173;1054708192,906511622;800862190;113923026;130433320;1000681260
8824090629,1779644356,3509,False,8621525.0,9957513.0,17910,60,969184017;147615653;141878904;215111583;116790140,452987572;1847344518;1109417339;900551258;1454362289
8824078067,1779643748,2233,False,7236452.0,8572901.0,17910,60,1039433490;157622509;1197119761;1653954468;113821384,856687769;1113557951;125347313;87850774;393002611
8824064935,1779643132,3223,False,8638867.0,9054352.0,19176,60,179447176;426175499;179469240;287823168;172873574,1276893638;1036639380;1415129501;1675506161;1674401460
8824062373,1779643016,2200,False,10150345.0,9705464.0,19742,60,113589506;155162307;49292857;147408273;190100004,134556694;89782335;95730142;363739653;830039714
8824059014,1779642861,1881,False,10157003.0,9949210.0,17910,60,1032649827;844764174;134244584;913086283;484147871,426728561;121024905;391301310;78434936;382514676
8824057320,1779642872,3159,True,8623207.0,8850197.0,17910,60,292305454;1272753611;235500694;308033150;1673609691,44514920;874236670;195115945;1064939654;887553308
8824011004,1779640684,3340,True,9572001.0,9467224.0,19696,60,1044002267;195108598;106573901;164199202;73401082,124801257;301750126;126842529;256156323;320219866
8823978431,1779639272,2132,True,9397016.0,9828921.0,18867,60,878549965;157998413;1029972951;236214375;1000681260,130433320;113923026;800862190;339941742;1054708192
8823964310,1779638670,1702,False,9138051.0,9054352.0,19176,60,998460518;1091238072;1055009181;1068440380;147273837,1276893638;1036639380;1674401460;1675506161;1415129501
8823959048,1779638448,2686,True,8638867.0,9148992.0,19176,60,179447176;287823168;179469240;426175499;172873574,134385892;181386618;106600167;101816835;1738087684
8822900176,1779576492,3188,False,9731167.0,9705464.0,19742,60,195415954;188741680;1256269806;214853734;24045849,134556694;89782335;95730142;363739653;830039714
8822865310,1779573853,1888,True,10150530.0,581153.0,19467,60,297118630;880056900;410707457;329589381;406420893,124719218;1623889619;125867450;107135108;91420774
8822863040,1779573522,2635,True,,10144212.0,19752,60,226031143;50871324;454424529;852310758;292803721,336857964;888477316;851268274;926637773;1096757201
8822846974,1779572396,1968,False,9731167.0,9705464.0,19742,60,195415954;188741680;1256269806;214853734;24045849,134556694;89782335;95730142;363739653;830039714
8822800503,1779569548,2341,True,,,19752,60,50871324;226031143;292803721;454424529;852310758,336857964;926637773;888477316;810554120;1096757201
8822773427,1779568019,2978,True,9731167.0,9705464.0,19742,60,195415954;188741680;1256269806;214853734;24045849,134556694;95730142;89782335;363739653;830039714
8822760882,1779567403,2672,True,9988580.0,9866035.0,19467,60,125989153;143659264;101779337;249986681;866438572,855611008;311825195;393927268;341874383;212656698
8822758432,1779567204,2406,False,9828921.0,10122761.0,18867,60,221945821;113923026;339941742;130433320;1000681260,1029972951;157998413;1841739065;236214375;1486792934
8822667352,1779562645,2436,True,8957652.0,9828921.0,18867,60,1486792934;1841739065;236214375;157998413;1029972951,221945821;1000681260;339941742;113923026;130433320
8822661803,1779562340,3148,False,9705469.0,10150345.0,19742,60,1296693692;300504856;165671428;115296681;208407289,113589506;155162307;49292857;147408273;190100004
8822593932,1779559080,2612,False,9247354.0,9467224.0,19696,60,10366616;100058342;898455820;183719386;25907144,124801257;301750126;126842529;256156323;320219866
8822582850,1779558577,1310,True,10121883.0,10060977.0,18867,60,1136465061;130433320;1364579990;1029972951;1486792934,203989019;790671764;878549965;906511622;793630681
8822531584,1779556171,1598,True,10121883.0,10060977.0,18867,60,130433320;1136465061;1364579990;1029972951;1486792934,203989019;790671764;878549965;793630681;906511622
8822520406,1779555661,1397,True,9467224.0,9247354.0,19696,60,124801257;301750126;126842529;256156323;320219866,10366616;100058342;898455820;183719386;25907144
8822453299,1779552773,2465,True,10060977.0,10121883.0,18867,60,203989019;878549965;790671764;793630681;906511622,1486792934;1136465061;130433320;1364579990;1029972951
8822412074,1779550984,2146,True,9572001.0,7119388.0,19696,60,1044002267;195108598;106573901;164199202;73401082,321580662;847565596;218231587;106305042;302214028
8822359431,1779548884,2384,True,9828921.0,10060977.0,18867,60,113923026;339941742;800862190;1054708192;130433320,203989019;790671764;141287256;906511622;793630681
8822330030,1779547700,1498,True,9572001.0,7119388.0,19696,60,1044002267;195108598;106573901;164199202;73401082,321580662;847565596;106305042;218231587;302214028
8822261341,1779545052,2472,False,9828921.0,10060977.0,18867,60,1054708192;130433320;800862190;339941742;113923026,203989019;790671764;141287256;906511622;793630681
8822238357,1779544145,1621,True,7119388.0,9572001.0,19696,60,321580662;847565596;106305042;218231587;302214028,1044002267;195108598;106573901;164199202;73401082
8822232980,1779543932,1973,False,9705453.0,9705464.0,19742,60,11865327;194329291;323900070;163412639;114142900,134556694;89782335;40707997;363739653;830039714
8822211814,1779543092,2395,True,10151952.0,9980793.0,19682,60,328274176;161593112;332892097;1047029179;1032576676,152485523;137904388;148892226;318832881;898437899
8822193779,1779542396,1635,False,10060977.0,9828921.0,18867,60,203989019;141287256;790671764;906511622;793630681,130433320;339941742;800862190;1054708192;113923026
8822189575,1779542179,2639,False,,,19682,60,138769308;518198;136963181;1087548014;261738292,279813366;376628509;205196455;117199318;411887995
8822173477,1779541574,4677,True,9580444.0,10144976.0,19682,60,136716944;152496029;139605537;1185132194;330117525,404793675;1068805016;148013412;998791426;151831236
8822157349,1779540879,2090,True,10144936.0,10151030.0,19682,60,129925807;307301919;146978019;250729191;213657038,1268846148;198892029;219538537;457347455;1723235881
8822125041,1779539343,2477,False,9705453.0,9705464.0,19742,60,11865327;194329291;323900070;163412639;114142900,134556694;89782335;40707997;363739653;830039714
8822098960,1779538150,3283,False,9980793.0,10151952.0,19682,60,137904388;152485523;148892226;318832881;898437899,328274176;332892097;161593112;1047029179;1032576676
8822098527,1779538129,3041,True,10150388.0,9366802.0,19682,60,376628509;279813366;411887995;205196455;117199318,1087548014;518198;138769308;136963181;261738292
8822095943,1779538017,1768,True,9580444.0,10144976.0,19682,60,136716944;330117525;152496029;1185132194;139605537,148013412;404793675;133311576;998791426;1068805016
8822090734,1779537732,1648,False,10151030.0,10144936.0,19682,60,1268846148;219538537;198892029;76484865;1723235881,129925807;141608052;146978019;250729191;213657038
8822088303,1779537612,4137,False,10020555.0,9247354.0,19696,60,363758022;352545711;252737052;1031547092;157989498,10366616;100058342;898455820;183719386;25907144
8822077597,1779537080,1380,False,10143743.0,9098294.0,19545,60,353498499;176616331;401653350;322442240;876794068,252551173;389033587;333700720;274078636;242835570
8822029428,1779534508,2974,True,9593609.0,9729268.0,18867,60,236214375;1634724608;878549965;1029972951;1712916118,1171975340;1146548664;1906005443;1056145299;1868210186
8822012707,1779533645,1566,False,10143743.0,9098294.0,19545,60,401653350;353498499;176616331;322442240;876794068,389033587;252551173;333700720;274078636;242835570
8821990460,1779532266,2375,True,9731167.0,9705439.0,19742,60,195415954;188741680;1256269806;214853734;24045849,1253472325;766199892;118325938;123787524;113331514
8821959890,1779530484,2821,False,9729268.0,9593609.0,18867,60,1146548664;1906005443;1171975340;1868210186;1056145299,1634724608;236214375;878549965;1029972951;1712916118
8821954344,1779530122,5763,False,10020555.0,9247354.0,19696,60,363758022;1031547092;352545711;157989498;252737052,10366616;100058342;898455820;183719386;25907144
8821950453,1779529932,1157,True,8629315.0,9426115.0,18959,60,162724090;1232094007;202984325;1170923497;992327405,1090568489;1068676453;412910858;183270733;176158708
8821921384,1779528243,1174,False,9426115.0,8629315.0,18959,60,1090568489;1068676453;176158708;183270733;412910858,162724090;1170923497;1232094007;202984325;992327405
8821914792,1779527751,2547,False,9705439.0,9731167.0,19742,60,118325938;766199892;1253472325;113331514;123787524,195415954;188741680;1256269806;214853734;24045849
8821909630,1779527722,2890,True,10129133.0,10129693.0,19545,60,125189164;244660375;274049880;494553157;398896331,199833749;422748003;160708663;318371533;1129118044
8821889518,1779526233,1789,True,9593609.0,10060977.0,18867,60,1029972951;800862190;236214375;878549965;1712916118,203989019;906511622;793630681;141287256;130433320
8821881259,1779525795,1682,False,10145429.0,9768002.0,18959,60,1924555376;1924874376;1925062076;1925436567;1927064773,1749799475;1750510331;808766025;1750299292;1750623235
8821854401,1779524072,1993,True,10129133.0,10129693.0,19545,60,274049880;244660375;125189164;494553157;398896331,422748003;199833749;160708663;318371533;1129118044
8821847864,1779523777,1331,False,9768002.0,10145429.0,18959,60,1749799475;1750623235;1750299292;808766025;1750510331,1924555376;1925062076;1924874376;1925436567;1927064773
8821834059,1779523020,1983,False,10060977.0,9593609.0,18867,60,203989019;141287256;130433320;793630681;906511622,800862190;1029972951;236214375;878549965;1712916118
8821814265,1779521576,1342,False,10145429.0,9768002.0,18959,60,1924555376;1925062076;1925436567;1927064773;1924874376,1750510331;808766025;1750299292;1750623235;1749799475
8821796166,1779520399,1963,False,10129133.0,10129693.0,19545,60,125189164;274049880;398896331;494553157;244660375,199833749;160708663;422748003;318371533;1129118044
8821780323,1779519336,1197,True,9767998.0,9814269.0,18959,60,1750916329;1750248703;1750577069;1749630639;1750435217,1902738528;1902976475;1902782463;1903043745;1903287666
8821777834,1779519067,2426,True,10007804.0,9677506.0,18867,60,1054708192;236214375;307331749;1364579990;113923026,1712916118;1146548664;1029972951;1674266188;1811371866
8821741963,1779516712,1789,False,9814269.0,9767998.0,18959,60,1903287666;1902738528;1902782463;1903043745;1902976475,1750577069;1750916329;1750435217;1750248703;1749630639
8821737980,1779515941,2195,False,9677506.0,10007804.0,18867,60,1712916118;1146548664;1029972951;1674266188;1811371866,1364579990;1054708192;307331749;236214375;113923026
8821716395,1779514294,1301,True,9425656.0,9878494.0,18959,60,1622405666;397206052;1621497616;1621570409;1621422877,1903247233;1904129499;1902895053;1902237853;1903997264
8821705130,1779513404,1616,False,10007804.0,9677506.0,18867,60,307331749;1364579990;113923026;236214375;1054708192,1674266188;1811371866;1029972951;1146548664;1712916118
8821688472,1779511815,1569,True,9098294.0,10143761.0,19545,60,389033587;333700720;252551173;274078636;242835570,152238330;332880127;154884921;237201026;148869204
8821684443,1779511633,1891,True,9878494.0,9425656.0,18959,60,1902895053;1903247233;1904129499;1902237853;1903997264,397206052;1621570409;1621497616;1622405666;1621422877
8821667504,1779509964,1706,False,9850400.0,9564888.0,18867,60,236214375;1146548664;307331749;1811371866;113923026,1029972951;1054708192;1364579990;1674266188;1712916118
8821662721,1779509565,1317,True,9425656.0,9878494.0,18959,60,397206052;1622405666;1621497616;1621570409;1621422877,1902895053;1904129499;1903247233;1902237853;1903997264
8821657882,1779509219,1276,True,9098294.0,10143761.0,19545,60,333700720;389033587;252551173;274078636;242835570,152238330;154884921;237201026;332880127;148869204
8821635292,1779507053,1118,True,9564888.0,9850400.0,18867,60,1364579990;1054708192;1029972951;1712916118;1674266188,307331749;1146548664;1811371866;236214375;113923026
8821582668,1779502101,1882,False,8849837.0,9005364.0,19201,60,358303866;342667282;332180099;122574061;422351924,1675393568;357873937;179986197;123406722;451153940
8821573468,1779501138,2515,False,10089085.0,,19752,60,336857964;1087358646;896329538;292803721;1096757201,1289113611;352137522;160184815;852310758;226031143
8821561885,1779500026,1551,False,9005364.0,8849837.0,19201,60,357873937;179986197;451153940;123406722;1675393568,358303866;342667282;332180099;122574061;422351924
8821537936,1779497241,2258,False,8849837.0,9005364.0,19201,60,342667282;358303866;332180099;122574061;422351924,357873937;1675393568;179986197;451153940;123406722
8821528515,1779496091,2641,True,,,19752,60,926637773;50871324;888477316;1087358646;292803721,352137522;852310758;1289113611;380397005;160184815
8821516523,1779494762,1535,True,9048057.0,8850016.0,19201,60,154357932;177062248;294245092;164322994;279486190,296080998;419736556;437135906;64188013;234382300
8821496443,1779492542,1641,False,8850016.0,9048057.0,19201,60,234382300;296080998;419736556;437135906;64188013,177062248;154357932;164322994;294245092;279486190
8821495644,1779492317,2391,False,8774628.0,10089085.0,19752,60,1289113611;852310758;160184815;380397005;352137522,1087358646;888477316;50871324;926637773;292803721
8821469297,1779489716,1969,True,9025669.0,8957156.0,19201,60,315850275;844586465;307624442;338281289;169359670,120231412;264869776;1674673556;126130434;36771694
8821441062,1779487360,1722,False,8957156.0,9025669.0,19201,60,36771694;120231412;1674673556;126130434;264869776,315850275;307624442;844586465;338281289;169359670
8821408085,1779484959,1813,False,9025669.0,8957156.0,19201,60,315850275;844586465;307624442;338281289;169359670,36771694;120231412;1674673556;126130434;264869776
8821368965,1779482585,1678,True,8850015.0,8849850.0,19201,60,222022666;328999660;403346876;234162677;1092522462,406522933;250144463;338946567;357479732;192275954
8821342421,1779480963,2299,False,10150413.0,9467224.0,19696,60,86698277;346412363;136829091;93618577;331855530,124801257;301750126;126842529;256156323;320219866
8821323008,1779480091,1650,False,8849850.0,8850015.0,19201,60,406522933;250144463;338946567;357479732;192275954,222022666;234162677;328999660;403346876;1092522462
8821322997,1779479884,2650,True,10150345.0,9705464.0,19742,60,113589506;155162307;147408273;49292857;190100004,134556694;89782335;1848947957;363739653;830039714
8821285367,1779477875,3913,True,,10144212.0,19752,60,226031143;336857964;454424529;888477316;1289113611,851268274;926637773;852310758;380397005;412767993
8821280849,1779477643,1419,True,9088071.0,9684245.0,18867,60,221945821;1146548664;1364579990;130433320;1811371866,297111049;1246531472;307331749;1136465061;1634724608
8821255705,1779476346,2626,True,9467224.0,10150413.0,19696,60,124801257;301750126;126842529;256156323;320219866,86698277;346412363;136829091;93618577;331855530
8821232902,1779475192,2712,False,10150345.0,9705464.0,19742,60,113589506;155162307;147408273;49292857;190100004,134556694;1848947957;89782335;363739653;830039714
8821220450,1779474600,1864,False,9684245.0,9088071.0,18867,60,297111049;1246531472;1136465061;1634724608;307331749,221945821;1146548664;1811371866;1364579990;130433320
8821198439,1779473467,2804,False,9705439.0,9705469.0,19742,60,1253472325;766199892;118325938;113331514;123787524,300504856;208407289;165671428;1819405344;115296681
8821169334,1779472021,2026,True,10020555.0,8255888.0,19696,60,363758022;1031547092;352545711;252737052;157989498,172099728;480412663;165564598;317880638;196878136
8821166443,1779471876,1734,True,10150345.0,9705464.0,19742,60,113589506;155162307;147408273;49292857;190100004,134556694;89782335;1848947957;363739653;830039714
8821116314,1779469495,2352,False,10121883.0,10060977.0,18867,60,297111049;1712916118;1136465061;1029972951;1811371866,203989019;1146548664;790671764;906511622;793630681
8821091534,1779468327,1621,False,9814269.0,9878494.0,18959,60,1902738528;1903287666;1903043745;1902782463;1902976475,1903997264;1903247233;1904129499;1902895053;1902237853
8821070409,1779467329,4030,True,9705469.0,9705439.0,19742,60,300504856;208407289;1819405344;165671428;115296681,1253472325;766199892;118325938;113331514;123787524
8821069666,1779467296,2046,False,9731167.0,9705464.0,19742,60,195415954;188741680;1256269806;214853734;24045849,134556694;89782335;1848947957;363739653;830039714
8821062142,1779466955,1572,False,10060977.0,10121883.0,18867,60,203989019;1146548664;790671764;906511622;793630681,297111049;1029972951;1136465061;1811371866;1712916118
8821039753,1779465963,4384,True,10020555.0,8255888.0,19696,60,363758022;1031547092;352545711;157989498;252737052,172099728;480412663;165564598;317880638;196878136
8821032703,1779466011,1507,True,9878494.0,9814269.0,18959,60,1903997264;1903247233;1904129499;1902895053;1902237853,1902738528;1903043745;1902782463;1903287666;1902976475
8820973718,1779463138,1895,True,9425656.0,2443375.0,18959,60,1621497616;1621570409;1622405666;397206052;1621422877,1103355581;80599925;1045494300;301477244;181339278
8820957479,1779462434,2840,True,9731167.0,9705464.0,19742,60,195415954;188741680;1256269806;214853734;24045849,134556694;89782335;1848947957;363739653;830039714
8820955341,1779462489,3243,False,10121883.0,10060977.0,18867,60,297111049;1029972951;1136465061;1811371866;1712916118,203989019;793630681;141287256;790671764;906511622
8820943158,1779461838,3322,True,9705439.0,9705469.0,19742,60,1253472325;118325938;766199892;113331514;123787524,300504856;208407289;165671428;1819405344;115296681
8820939983,1779461704,2365,False,10020555.0,8255888.0,19696,60,363758022;352545711;157989498;1031547092;252737052,172099728;480412663;165564598;317880638;196878136
8820925611,1779461127,1492,False,2443375.0,9425656.0,18959,60,1103355581;301477244;1045494300;181339278;80599925,1621497616;1622405666;397206052;1621570409;1621422877
8820872319,1779458810,1667,False,9425656.0,2443375.0,18959,60,1622405666;1621497616;1621570409;397206052;1621422877,1045494300;1103355581;301477244;181339278;80599925
8820849827,1779457762,1598,True,9397016.0,10121883.0,18867,60,1712916118;157998413;800862190;236214375;1000681260,297111049;1136465061;1171975340;1674266188;1486792934
8820849326,1779457740,2925,False,9731167.0,9705464.0,19742,60,195415954;188741680;1256269806;214853734;24045849,134556694;89782335;1848947957;363739653;830039714
8820821320,1779456443,2421,True,9705439.0,9705453.0,19742,60,1253472325;766199892;118325938;113331514;123787524,11865327;194329291;323900070;163412639;114142900
8820819206,1779456366,1710,True,8629315.0,9768002.0,18959,60,1170923497;1232094007;992327405;202984325;162724090,1750299292;1750623235;1750510331;808766025;1749799475
8820818407,1779456302,1343,False,,,18477,60,136176960;201322812;179905266;182573543;401280865,137090547;1253831730;897262645;137648976;180455444
8820807165,1779455770,1577,True,10144933.0,10150644.0,19682,60,125735693;338465995;330455610;175842532;86861086,171562037;181244009;910132824;159630089;199626911
8820803699,1779455650,3090,False,10144969.0,10150388.0,19682,60,294273638;88968453;138689627;1068479162;436380335,279813366;117199318;205196455;884394311;411887995
8820793201,1779455110,1786,False,10121883.0,9397016.0,18867,60,297111049;1171975340;1136465061;1674266188;1486792934,157998413;236214375;800862190;1712916118;1000681260
8820793189,1779455109,2307,True,10144963.0,10151159.0,19682,60,1460343232;1064005461;139625562;347498785;141124286,157433878;136171371;211195306;138485745;199666669
8820791846,1779455046,4250,False,8261500.0,10150413.0,19696,60,898754153;173978074;129958758;101695162;94296097,86698277;346412363;136829091;93618577;331855530
8820786100,1779454813,2295,False,10144976.0,10150707.0,19682,60,133311576;404793675;1068805016;148013412;1027740103,224292145;165259791;183408948;249843173;134461931
8820769828,1779453946,1632,False,9768002.0,8629315.0,18959,60,808766025;1750623235;1750510331;1750299292;1749799475,1170923497;1232094007;202984325;992327405;162724090
8820741060,1779452402,1570,True,8831040.0,9593609.0,18867,60,1251984026;800862190;878549965;1811371866;399588134,1029972951;236214375;1023487276;1634724608;1712916118
8820735915,1779452116,2937,True,,,18477,60,136176960;179905266;182573543;201322812;401280865,154574256;136314899;136721464;1067222395;960351115
8820728870,1779451747,2448,False,10144969.0,10150388.0,19682,60,1624636512;88968453;294273638;138689627;436380335,117199318;205196455;279813366;411887995;884394311
8820726431,1779451585,2282,True,10151159.0,10144963.0,19682,60,138485745;211195306;199666669;136171371;157433878,1460343232;141124286;347498785;139625562;1064005461
8820725821,1779451575,2123,False,10144976.0,10150707.0,19682,60,148013412;404793675;133311576;1068805016;1027740103,224292145;165259791;183408948;134461931;249843173
8820723072,1779451421,2612,True,10150644.0,10144933.0,19682,60,171562037;159630089;910132824;181244009;199626911,338465995;125735693;86861086;330455610;175842532
8820720523,1779451595,1804,False,8629315.0,9768002.0,18959,60,1170923497;1232094007;202984325;992327405;162724090,1750623235;1750510331;1750299292;808766025;1749799475
8820696424,1779449823,3380,False,10150413.0,8261500.0,19696,60,86698277;346412363;136829091;93618577;331855530,898754153;173978074;129958758;101695162;94296097
8820696401,1779449821,4614,True,9705439.0,9705453.0,19742,60,1253472325;766199892;113331514;118325938;123787524,11865327;194329291;323900070;163412639;114142900
8820663508,1779448077,3103,False,9593609.0,8831040.0,18867,60,1634724608;1712916118;236214375;1023487276;1029972951,800862190;1251984026;878549965;1811371866;399588134
8820624916,1779444977,1674,True,9593609.0,9397016.0,18867,60,1712916118;878549965;236214375;1029972951;1023487276,157998413;1251984026;1902169997;1906005443;1000681260
8820617196,1779444362,2885,True,10144667.0,10102110.0,19545,60,153727297;874735136;292829433;290354460;97822451,285770518;176372519;282359850;167488455;376421854
8820614299,1779444142,3794,False,8261500.0,10150413.0,19696,60,898754153;173978074;129958758;101695162;94296097,86698277;346412363;136829091;93618577;331855530
8820608312,1779443726,1803,False,9814269.0,2443375.0,18959,60,1903043745;1902738528;1902976475;1903287666;1902782463,181339278;1103355581;80599925;301477244;1045494300
8820604330,1779443378,3984,True,9705453.0,9705439.0,19742,60,11865327;194329291;323900070;163412639;114142900,1253472325;766199892;118325938;123787524;113331514
8820581011,1779441531,2255,False,9593609.0,9397016.0,18867,60,236214375;1029972951;878549965;1023487276;1712916118,1251984026;1906005443;1902169997;157998413;1000681260
8820574563,1779441061,2052,True,2443375.0,9814269.0,18959,60,181339278;1045494300;1103355581;80599925;301477244,1902976475;1903287666;1902738528;1902782463;1903043745
8820546245,1779438695,1729,False,9397016.0,9593609.0,18867,60,1902169997;157998413;1251984026;1906005443;1000681260,1023487276;1029972951;236214375;878549965;1712916118
8820541708,1779438379,1583,False,9426115.0,10145429.0,18959,60,1090568489;176158708;412910858;1068676453;183270733,1924555376;1927064773;1924874376;1925062076;1925436567
8820532905,1779437572,1619,True,10102111.0,10143761.0,19545,60,285770518;176372519;167488455;282359850;376421854,152238330;1059587726;332880127;237201026;148869204
8820511359,1779435770,1869,True,10145429.0,9426115.0,18959,60,1924874376;1925436567;1925062076;1927064773;1924555376,412910858;1068676453;176158708;183270733;1090568489
8820507505,1779435442,1330,True,9564441.0,9622426.0,18867,60,157998413;1251984026;236214375;1000681260;1712916118,878549965;1171975340;1029972951;1591533176;1811371866
8820492145,1779434217,1854,False,10143761.0,10102111.0,19545,60,152238330;332880127;237201026;148869204;1059587726,285770518;176372519;167488455;282359850;376421854
8820486355,1779433471,1907,True,9878494.0,2443375.0,18959,60,1902895053;1903247233;1903997264;1904129499;1902237853,1103355581;1045494300;181339278;301477244;80599925
8820480336,1779432895,1835,True,9425656.0,9768243.0,18959,60,1622405666;1621422877;397206052;1621497616;1621570409,1879746018;1880007196;1880066287;1880979563;1880011613
8820465319,1779431404,2895,False,9622426.0,9564441.0,18867,60,1029972951;878549965;1171975340;1591533176;1811371866,157998413;236214375;1251984026;1712916118;1000681260
8820460295,1779430957,1702,True,2443375.0,9878494.0,18959,60,1045494300;1103355581;181339278;80599925;301477244,1903247233;1904129499;1902895053;1903997264;1902237853
8820452334,1779430106,1981,True,9768243.0,9425656.0,18959,60,1880066287;1880007196;1880011613;1880979563;1879746018,1622405666;1621497616;397206052;1621570409;1621422877
8820434954,1779428318,1728,False,9995737.0,9729351.0,18867,60,1000681260;1251984026;236214375;157998413;1712916118,1811371866;878549965;1171975340;1029972951;1591533176
8820433823,1779428181,1894,True,9878494.0,2443375.0,18959,60,1903247233;1902895053;1903997264;1904129499;1902237853,1045494300;1103355581;301477244;181339278;80599925
8820430031,1779427773,1652,True,9425656.0,9768243.0,18959,60,1622405666;1621497616;397206052;1621422877;1621570409,1880066287;1880007196;1879746018;1880011613;1880979563
8820414536,1779426047,1230,False,10129693.0,9098294.0,19545,60,199833749;160708663;422748003;318371533;1129118044,333700720;389033587;252551173;274078636;242835570
8820410888,1779425676,1579,False,9814269.0,9768002.0,18959,60,1902782463;1903287666;1902976475;1903043745;1902738528,1750510331;1750299292;1749799475;1750623235;808766025
8820404877,1779425046,1751,False,8629315.0,9767998.0,18959,60,1170923497;992327405;162724090;1232094007;202984325,1750248703;1750916329;1750577069;1749630639;1750435217
8820391725,1779423526,2456,False,9677506.0,10116131.0,18867,60,1251984026;1000681260;236214375;878549965;1712916118,1029972951;157998413;1171975340;1591533176;1811371866
8820387074,1779423111,1695,True,9768002.0,9814269.0,18959,60,1750623235;1750299292;1750510331;1749799475;808766025,1902782463;1903287666;1903043745;1902976475;1902738528
8820385385,1779423216,1463,False,10129693.0,9098294.0,19545,60,199833749;160708663;422748003;318371533;1129118044,333700720;389033587;242835570;252551173;274078636
8820384576,1779422799,1549,True,9767998.0,8629315.0,18959,60,1750248703;1750577069;1750916329;1749630639;1750435217,1170923497;1232094007;202984325;992327405;162724090
8820357055,1779419726,2796,True,10116131.0,9677506.0,18867,60,1811371866;1171975340;1029972951;1591533176;157998413,1000681260;1251984026;878549965;236214375;1712916118
8820312279,1779414628,1731,False,8849837.0,8850015.0,19201,60,358303866;122574061;422351924;342667282;332180099,403346876;328999660;222022666;234162677;1092522462
8820292766,1779412294,1799,False,8850015.0,8849837.0,19201,60,234162677;328999660;403346876;222022666;1092522462,342667282;332180099;422351924;122574061;358303866
8820274423,1779409918,1699,False,8849837.0,8850015.0,19201,60,342667282;422351924;122574061;332180099;358303866,234162677;328999660;222022666;403346876;1092522462
8820263967,1779408397,2851,True,9492680.0,,19752,60,1289113611;412272556;352137522;226031143;160184815,336857964;852310758;50871324;454424529;1096757201
8820252166,1779406821,1745,False,9025669.0,9005364.0,19201,60,315850275;338281289;307624442;844586465;169359670,179986197;451153940;1675393568;357873937;123406722
8820229352,1779404045,1867,True,9005364.0,9025669.0,19201,60,179986197;357873937;1675393568;451153940;123406722,315850275;338281289;307624442;844586465;169359670
8820226559,1779403658,3068,True,10089085.0,8774628.0,19752,60,1087358646;149993769;336857964;292803721;1096757201,412272556;852310758;1289113611;226031143;50871324
8820207336,1779401615,1712,True,8849850.0,9048057.0,19201,60,192275954;338946567;406522933;250144463;357479732,279486190;294245092;177062248;164322994;154357932
8820179952,1779399174,1957,False,9048057.0,8849850.0,19201,60,279486190;177062248;164322994;294245092;154357932,192275954;357479732;406522933;338946567;250144463
8820164228,1779397771,3213,False,10089085.0,,19752,60,336857964;454424529;1087358646;851268274;888477316,226031143;412272556;301985954;1289113611;852310758
8820142649,1779396175,2028,True,8850016.0,8957156.0,19201,60,437135906;419736556;64188013;296080998;234382300,1674673556;120231412;36771694;126130434;264869776
8820112633,1779394248,2034,False,9493513.0,9467025.0,18867,60,1246531472;113923026;1000681260;130433320;906511622,297111049;307331749;800862190;367217819;1906005443
8820106380,1779393802,1610,False,8957156.0,8850016.0,19201,60,1674673556;120231412;36771694;126130434;264869776,437135906;419736556;64188013;296080998;234382300
8820090629,1779392766,4070,True,7119388.0,9467224.0,19696,60,321580662;847565596;106305042;218231587;302214028,124801257;301750126;126842529;256156323;320219866
8820061511,1779391075,1907,True,9493513.0,9467025.0,18867,60,1000681260;1246531472;113923026;130433320;906511622,297111049;367217819;307331749;1906005443;800862190
8820044485,1779390120,2052,True,9705453.0,9731167.0,19742,60,11865327;194329291;323900070;163412639;114142900,195415954;188741680;1256269806;214853734;24045849
8820024534,1779389007,4031,False,,10144212.0,19752,60,226031143;412767993;852310758;454424529;888477316,851268274;1087358646;493147987;292803721;149993769
8820011939,1779388321,2492,False,7119388.0,9467224.0,19696,60,321580662;847565596;106305042;218231587;302214028,124801257;301750126;126842529;256156323;320219866
8820002580,1779387857,2364,True,9467025.0,9493513.0,18867,60,1906005443;297111049;800862190;307331749;367217819,113923026;130433320;1246531472;1000681260;906511622
8819967376,1779385961,2738,False,9731167.0,9705453.0,19742,60,195415954;188741680;1256269806;214853734;24045849,11865327;194329291;323900070;163412639;114142900
8819933287,1779384182,2059,False,9467224.0,7119388.0,19696,60,124801257;301750126;126842529;256156323;320219866,321580662;847565596;106305042;218231587;302214028
8819908411,1779382915,2047,False,10151331.0,9828921.0,18867,60,297111049;194800812;793630681;906511622;1739519173,800862190;130433320;339941742;1054708192;113923026
8819879160,1779381426,2715,False,9705453.0,9731167.0,19742,60,11865327;194329291;323900070;163412639;114142900,195415954;188741680;1256269806;214853734;24045849
8819850771,1779380066,1928,True,9828921.0,10151331.0,18867,60,113923026;1054708192;339941742;800862190;130433320,297111049;906511622;141287256;194800812;1739519173
8819831686,1779379141,2477,False,9247354.0,9572001.0,19696,60,10366616;100058342;898455820;183719386;25907144,1044002267;195108598;106573901;164199202;73401082
8819827251,1779378950,1726,False,9768243.0,8629315.0,18959,60,1880007196;1880066287;1880979563;1879746018;1880011613,992327405;202984325;1232094007;162724090;1170923497
8819782650,1779376872,2310,True,10150345.0,9731167.0,19742,60,113589506;155162307;147408273;49292857;190100004,195415954;188741680;1256269806;214853734;24045849
