match_id,duration,start_time,radiant_team_id,radiant_name,dire_team_id,dire_name,leagueid,league_name,series_id,series_type,radiant_score,dire_score,radiant_win,version
8922339160,1894,1785500868,10208008.0,REKONIX,10208009.0,L1GA TEAM,19917,The Games of the Future 2026,1126078.0,1.0,30,8,True,22.0
8922335342,2298,1785501337,9928636.0,Team Lynx,9948367.0,Team Spirit Academy,20026,Asgard Championship,1126077.0,1.0,32,11,True,22.0
8922327423,2465,1785500547,8255888.0,BoomBoys,9338413.0,MOUZ,20009,1win Essence II,1126058.0,3.0,31,28,True,22.0
8922300474,2485,1785499209,10208003.0,GLYPH,10208002.0,enjoy,19917,The Games of the Future 2026,1126066.0,1.0,22,13,True,22.0
8922242203,2651,1785497074,10001885.0,No Hoodwink,9256405.0,Level UP esports,20026,Asgard Championship,1126050.0,1.0,28,29,False,22.0
8922223454,2938,1785495882,8255888.0,BoomBoys,9338413.0,MOUZ,20009,1win Essence II,1126058.0,3.0,33,35,True,22.0
8922211678,2532,1785494780,10207983.0,PlayTime,10207984.0,Team resilience,19917,The Games of the Future 2026,1126052.0,1.0,30,37,True,22.0
8922186876,2224,1785493495,726228.0,Vici Gaming,10108655.0,Amaru Gaming,19917,The Games of the Future 2026,1126045.0,1.0,37,21,True,22.0
8922177380,2419,1785492924,10001885.0,No Hoodwink,9256405.0,Level UP esports,20026,Asgard Championship,1126050.0,1.0,35,20,True,22.0
8922137329,1488,1785490572,726228.0,Vici Gaming,10108655.0,Amaru Gaming,19917,The Games of the Future 2026,1126045.0,1.0,22,3,True,22.0
8922133239,2317,1785490381,10207984.0,Team resilience,10207983.0,PlayTime,19917,The Games of the Future 2026,1126052.0,1.0,16,29,False,22.0
8922102128,2121,1785489238,10001885.0,No Hoodwink,9256405.0,Level UP esports,20026,Asgard Championship,1126050.0,1.0,14,32,False,22.0
8922074642,2192,1785486760,10108655.0,Amaru Gaming,726228.0,Vici Gaming,19917,The Games of the Future 2026,1126045.0,1.0,26,10,True,22.0
8922016200,2029,1785482749,10207962.0,Midas Club,10207961.0,Rune Eaters,19917,The Games of the Future 2026,1126029.0,1.0,18,37,False,22.0
8921979012,2657,1785479938,2576071.0,Yellow Submarine,8254145.0,Execration,19917,The Games of the Future 2026,1126035.0,1.0,36,25,True,22.0
8921949036,2754,1785478049,10207962.0,Midas Club,10207961.0,Rune Eaters,19917,The Games of the Future 2026,1126029.0,1.0,29,27,False,22.0
8921931974,2548,1785476004,10207960.0,Execration,10207957.0,Yellow Submarine,19917,The Games of the Future 2026,1126024.0,1.0,22,31,False,22.0
8921774620,3169,1785461240,10207449.0,team gunnar,10207448.0,Team King Potato,20030,The Boris Invitational: Streamer Battles 2,1125966.0,1.0,30,41,False,22.0
8921733121,2464,1785457477,10207449.0,team gunnar,10207448.0,Team King Potato,20030,The Boris Invitational: Streamer Battles 2,1125966.0,1.0,29,36,False,22.0
8921707941,2225,1785454114,10207446.0,TEAM MONKEYS,10207444.0,Team Virsatus,20030,The Boris Invitational: Streamer Battles 2,1125949.0,1.0,16,37,False,22.0
8921646271,2945,1785449402,10207446.0,TEAM MONKEYS,10207444.0,Team Virsatus,20030,The Boris Invitational: Streamer Battles 2,1125949.0,1.0,31,60,False,22.0
8921496603,2585,1785441508,2163.0,Team Liquid,9338413.0,MOUZ,20009,1win Essence II,1125905.0,3.0,18,39,False,22.0
8921416387,1598,1785438090,2163.0,Team Liquid,9338413.0,MOUZ,20009,1win Essence II,1125905.0,3.0,47,11,True,22.0
8921343589,680,1785434857,9247354.0,Team Falcons,726228.0,Vici Gaming,20009,1win Essence II,1125861.0,3.0,18,2,True,22.0
8921281044,1295,1785431876,10108655.0,Amaru Gaming,55.0,_PowerRangers,19944,EPL Masters 2026 ,1125842.0,1.0,12,33,False,22.0
8921245123,2316,1785430822,9247354.0,Team Falcons,726228.0,Vici Gaming,20009,1win Essence II,1125861.0,3.0,36,10,True,22.0
8921184022,2898,1785427942,10201538.0,TEAM JENZ,10164236.0,PuckChamp,20026,Asgard Championship,1125823.0,1.0,32,37,False,22.0
8921162227,1783,1785428209,55.0,_PowerRangers,10108655.0,Amaru Gaming,19944,EPL Masters 2026 ,1125842.0,1.0,36,16,True,22.0
8921134590,2467,1785426177,726228.0,Vici Gaming,10136357.0,Nigma Galaxy ,20009,1win Essence II,1125809.0,3.0,22,18,True,22.0
8921068190,2106,1785424307,10201538.0,TEAM JENZ,10164236.0,PuckChamp,20026,Asgard Championship,1125823.0,1.0,21,47,False,22.0
8921021224,2339,1785422334,10136357.0,Nigma Galaxy ,726228.0,Vici Gaming,20009,1win Essence II,1125809.0,3.0,23,30,False,22.0
8921002620,3165,1785421964,9600141.0,Zero Tenacity,9256405.0,Level UP esports,19944,EPL Masters 2026 ,1125742.0,1.0,36,46,False,22.0
8920897425,2283,1785417628,9600141.0,Zero Tenacity,9256405.0,Level UP esports,19944,EPL Masters 2026 ,1125742.0,1.0,25,17,True,22.0
8920872222,3101,1785416889,10150538.0,LGD Gaming,9338413.0,MOUZ,20009,1win Essence II,1125737.0,3.0,46,33,True,22.0
8920787889,2636,1785413289,9600141.0,Zero Tenacity,9256405.0,Level UP esports,19944,EPL Masters 2026 ,1125742.0,1.0,19,40,False,22.0
8920770467,2008,1785412902,9338413.0,MOUZ,10150538.0,LGD Gaming,20009,1win Essence II,1125737.0,3.0,27,9,True,22.0
8920668670,3058,1785407804,10136357.0,Nigma Galaxy ,10182357.0,1w,20009,1win Essence II,1125715.0,3.0,35,59,False,22.0
8920655724,2424,1785406672,9600141.0,Zero Tenacity,10164236.0,PuckChamp,19944,EPL Masters 2026 ,1125718.0,1.0,28,30,True,22.0
8920651252,2749,1785406408,9928636.0,Team Lynx,10207771.0,DOWN,20026,Asgard Championship,1125716.0,1.0,43,27,True,22.0
8920586322,2293,1785402514,9600141.0,Zero Tenacity,10164236.0,PuckChamp,19944,EPL Masters 2026 ,1125718.0,1.0,38,12,True,22.0
8920584549,3465,1785402206,10136357.0,Nigma Galaxy ,10182357.0,1w,20009,1win Essence II,1125715.0,3.0,33,51,False,22.0
8920583963,2031,1785402528,9928636.0,Team Lynx,10207771.0,DOWN,20026,Asgard Championship,1125716.0,1.0,43,15,True,22.0
8920294127,1820,1785376970,10207445.0,Team dnm,10207449.0,team gunnar,20030,The Boris Invitational: Streamer Battles 2,1125647.0,1.0,12,39,False,22.0
8920276254,3108,1785375082,10151099.0,Team iAnnihilate,10207444.0,Team Virsatus,20030,The Boris Invitational: Streamer Battles 2,1125649.0,1.0,40,41,False,22.0
8920265077,1779,1785373951,10207445.0,Team dnm,10207449.0,team gunnar,20030,The Boris Invitational: Streamer Battles 2,1125647.0,1.0,14,39,False,22.0
8920253110,2128,1785372803,10207448.0,Team King Potato,10151106.0,Team Boris,20030,The Boris Invitational: Streamer Battles 2,1125652.0,1.0,31,39,False,22.0
8920236199,2458,1785371260,10207447.0,Team Nyx,10207446.0,TEAM MONKEYS,20030,The Boris Invitational: Streamer Battles 2,1125627.0,1.0,56,24,True,22.0
8920233594,2209,1785370824,10151099.0,Team iAnnihilate,10207444.0,Team Virsatus,20030,The Boris Invitational: Streamer Battles 2,1125649.0,1.0,9,35,False,22.0
8920227769,2578,1785370309,10207449.0,team gunnar,10207445.0,Team dnm,20030,The Boris Invitational: Streamer Battles 2,1125647.0,1.0,21,37,False,22.0
8920209768,2573,1785368501,10151106.0,Team Boris,10207448.0,Team King Potato,20030,The Boris Invitational: Streamer Battles 2,1125641.0,1.0,48,22,True,22.0
8920197957,2036,1785367443,10207447.0,Team Nyx,10207446.0,TEAM MONKEYS,20030,The Boris Invitational: Streamer Battles 2,1125627.0,1.0,29,20,True,22.0
8920146400,3355,1785363481,10207448.0,Team King Potato,10151106.0,Team Boris,20030,The Boris Invitational: Streamer Battles 2,1125629.0,1.0,51,39,True,22.0
8920135301,3126,1785362932,10207447.0,Team Nyx,10207446.0,TEAM MONKEYS,20030,The Boris Invitational: Streamer Battles 2,1125627.0,1.0,18,41,False,22.0
8919803916,2867,1785347278,5014799.0,Nemiga Gaming,10108655.0,Amaru Gaming,19944,EPL Masters 2026 ,1125478.0,1.0,55,22,True,22.0
8919685210,3036,1785342111,5014799.0,Nemiga Gaming,10108655.0,Amaru Gaming,19944,EPL Masters 2026 ,1125478.0,1.0,36,50,False,22.0
8919546613,3474,1785337240,5014799.0,Nemiga Gaming,10108655.0,Amaru Gaming,19944,EPL Masters 2026 ,1125478.0,1.0,41,19,True,22.0
8919404744,3091,1785332059,9600141.0,Zero Tenacity,10163973.0,RE ARISE,19944,EPL Masters 2026 ,1125402.0,1.0,41,41,True,22.0
8919264561,2932,1785326793,10163973.0,RE ARISE,9600141.0,Zero Tenacity,19944,EPL Masters 2026 ,1125402.0,1.0,30,50,False,22.0
8918785800,2604,1785291198,10207448.0,Team King Potato,10207447.0,Team Nyx,20030,The Boris Invitational: Streamer Battles 2,1125333.0,0.0,21,44,False,22.0
8918779289,2373,1785290551,10207445.0,Team dnm,10151106.0,Team Boris,20030,The Boris Invitational: Streamer Battles 2,1125330.0,0.0,14,40,False,22.0
8918755623,1805,1785288288,10207449.0,team gunnar,10207444.0,Team Virsatus,20030,The Boris Invitational: Streamer Battles 2,1125323.0,0.0,43,16,True,22.0
8918752598,2825,1785287945,10151099.0,Team iAnnihilate,10207446.0,TEAM MONKEYS,20030,The Boris Invitational: Streamer Battles 2,1125320.0,0.0,35,34,True,22.0
8918719177,4705,1785284353,10207448.0,Team King Potato,10207445.0,Team dnm,20030,The Boris Invitational: Streamer Battles 2,1125307.0,0.0,50,65,True,22.0
8918712934,2401,1785283841,10207446.0,TEAM MONKEYS,10151106.0,Team Boris,20030,The Boris Invitational: Streamer Battles 2,1125305.0,0.0,10,34,False,22.0
8918698853,3526,1785282704,10207447.0,Team Nyx,10207449.0,team gunnar,20030,The Boris Invitational: Streamer Battles 2,1125300.0,0.0,67,37,True,22.0
8918646759,3130,1785278147,10207444.0,Team Virsatus,10151106.0,Team Boris,20030,The Boris Invitational: Streamer Battles 2,1125284.0,0.0,46,57,False,22.0
8918643442,4610,1785277905,10207448.0,Team King Potato,10207446.0,TEAM MONKEYS,20030,The Boris Invitational: Streamer Battles 2,1125283.0,0.0,49,50,True,22.0
8918643351,1685,1785277860,10207447.0,Team Nyx,10207445.0,Team dnm,20030,The Boris Invitational: Streamer Battles 2,1125282.0,0.0,30,18,True,22.0
8918638679,3475,1785277746,10207449.0,team gunnar,10151099.0,Team iAnnihilate,20030,The Boris Invitational: Streamer Battles 2,1125280.0,0.0,44,40,True,22.0
8918176547,1696,1785255819,10207521.0,KW,10164236.0,PuckChamp,19944,EPL Masters 2026 ,1125169.0,1.0,14,35,False,22.0
8918052500,1982,1785251396,10207521.0,KW,10164236.0,PuckChamp,19944,EPL Masters 2026 ,1125169.0,1.0,18,36,False,22.0
8917853656,3810,1785244242,10001885.0,No Hoodwink,10164236.0,PuckChamp,19944,EPL Masters 2026 ,1125096.0,1.0,37,35,True,22.0
8917738415,2304,1785240138,10001885.0,No Hoodwink,10164236.0,PuckChamp,19944,EPL Masters 2026 ,1125096.0,1.0,24,19,True,22.0
8917675823,1520,1785236684,55.0,_PowerRangers,5014799.0,Nemiga Gaming,19944,EPL Masters 2026 ,1125080.0,1.0,28,7,True,22.0
8917611319,1923,1785232942,5014799.0,Nemiga Gaming,55.0,_PowerRangers,19944,EPL Masters 2026 ,1125080.0,1.0,35,19,True,22.0
8917547035,2021,1785229382,55.0,_PowerRangers,5014799.0,Nemiga Gaming,19944,EPL Masters 2026 ,1125080.0,1.0,26,16,True,22.0
8917262980,2857,1785204508,10207448.0,Team King Potato,10207444.0,Team Virsatus,20030,The Boris Invitational: Streamer Battles 2,1125034.0,0.0,31,41,False,22.0
8917257712,2904,1785203952,10207446.0,TEAM MONKEYS,10207445.0,Team dnm,20030,The Boris Invitational: Streamer Battles 2,1125031.0,0.0,39,34,True,22.0
8917254806,2364,1785203602,10207447.0,Team Nyx,10151099.0,Team iAnnihilate,20030,The Boris Invitational: Streamer Battles 2,1125030.0,0.0,36,26,True,22.0
8917254024,2705,1785203541,10151106.0,Team Boris,10207449.0,team gunnar,20030,The Boris Invitational: Streamer Battles 2,1125029.0,0.0,58,17,True,22.0
8917212987,3253,1785199375,10207444.0,Team Virsatus,10207445.0,Team dnm,20030,The Boris Invitational: Streamer Battles 2,1125013.0,0.0,25,53,True,22.0
8917212743,1452,1785199397,10151099.0,Team iAnnihilate,10151106.0,Team Boris,20030,The Boris Invitational: Streamer Battles 2,1125012.0,0.0,11,35,False,22.0
8917210977,2659,1785199258,10207449.0,team gunnar,10207448.0,Team King Potato,20030,The Boris Invitational: Streamer Battles 2,1125011.0,0.0,25,49,False,22.0
8917209479,2987,1785199159,10207447.0,Team Nyx,10207446.0,TEAM MONKEYS,20030,The Boris Invitational: Streamer Battles 2,1125010.0,0.0,38,48,False,22.0
8917168222,1979,1785195064,10207448.0,Team King Potato,10151099.0,Team iAnnihilate,20030,The Boris Invitational: Streamer Battles 2,1124996.0,0.0,44,24,True,22.0
8917165599,2775,1785194786,10207446.0,TEAM MONKEYS,10207444.0,Team Virsatus,20030,The Boris Invitational: Streamer Battles 2,1124995.0,0.0,35,39,True,22.0
8917164767,2604,1785194747,10207449.0,team gunnar,10207445.0,Team dnm,20030,The Boris Invitational: Streamer Battles 2,1124994.0,0.0,47,31,True,22.0
8917163910,3021,1785194629,10151106.0,Team Boris,10207447.0,Team Nyx,20030,The Boris Invitational: Streamer Battles 2,1124993.0,0.0,49,49,False,22.0
8917118820,2828,1785190999,10207444.0,Team Virsatus,10207447.0,Team Nyx,20030,The Boris Invitational: Streamer Battles 2,1124979.0,0.0,37,48,False,22.0
8917108610,2539,1785190417,10207449.0,team gunnar,10207446.0,TEAM MONKEYS,20030,The Boris Invitational: Streamer Battles 2,1124976.0,0.0,26,38,False,22.0
8917108425,2618,1785190336,10207448.0,Team King Potato,10151106.0,Team Boris,20030,The Boris Invitational: Streamer Battles 2,1124975.0,0.0,40,27,True,22.0
8917108152,2936,1785190301,10207445.0,Team dnm,10151099.0,Team iAnnihilate,20030,The Boris Invitational: Streamer Battles 2,1124974.0,0.0,50,24,True,22.0
8916474664,2535,1785162769,5014799.0,Nemiga Gaming,10182865.0,Syntax,19944,EPL Masters 2026 ,1124795.0,1.0,35,39,False,22.0
8916384577,1934,1785159244,5014799.0,Nemiga Gaming,10182865.0,Syntax,19944,EPL Masters 2026 ,1124795.0,1.0,20,36,False,22.0
8916245727,3147,1785154183,10182865.0,Syntax,5014799.0,Nemiga Gaming,19944,EPL Masters 2026 ,1124795.0,1.0,32,41,False,22.0
8916102349,3036,1785146369,10164236.0,PuckChamp,9256405.0,Level UP esports,19944,EPL Masters 2026 ,1124773.0,1.0,31,40,False,22.0
8916041863,1376,1785143256,9256405.0,Level UP esports,10164236.0,PuckChamp,19944,EPL Masters 2026 ,1124773.0,1.0,30,5,True,22.0
8915498965,2538,1785098479,10201538.0,TEAM JENZ,10182865.0,Syntax,19944,EPL Masters 2026 ,1124596.0,1.0,35,37,False,22.0
8915390117,2040,1785093712,10182865.0,Syntax,10201538.0,TEAM JENZ,19944,EPL Masters 2026 ,1124596.0,1.0,22,39,False,22.0
8915271266,2175,1785089543,10182865.0,Syntax,10201538.0,TEAM JENZ,19944,EPL Masters 2026 ,1124596.0,1.0,35,6,True,22.0
8915137972,2646,1785083598,10201970.0,KW,10163973.0,RE ARISE,19944,EPL Masters 2026 ,1124520.0,1.0,51,42,False,22.0
8915002841,2681,1785078987,10163973.0,RE ARISE,10201970.0,KW,19944,EPL Masters 2026 ,1124520.0,1.0,46,36,True,22.0
8914885598,1672,1785075025,10163973.0,RE ARISE,10164236.0,PuckChamp,19944,EPL Masters 2026 ,1124435.0,1.0,26,12,True,22.0
8914749408,2215,1785071129,10163973.0,RE ARISE,10164236.0,PuckChamp,19944,EPL Masters 2026 ,1124435.0,1.0,39,16,True,22.0
8914637220,2825,1785066611,10047709.0,Ilbirs Esports,5014799.0,Nemiga Gaming,19944,EPL Masters 2026 ,1124330.0,1.0,33,20,True,22.0
8914520562,3020,1785061646,5014799.0,Nemiga Gaming,10047709.0,Ilbirs Esports,19944,EPL Masters 2026 ,1124330.0,1.0,27,26,True,22.0
8914414410,2923,1785057189,10047709.0,Ilbirs Esports,5014799.0,Nemiga Gaming,19944,EPL Masters 2026 ,1124330.0,1.0,37,20,True,22.0
8913824141,2209,1785017205,9928636.0,Team Lynx,10201970.0,KW,19944,EPL Masters 2026 ,1124176.0,1.0,45,32,True,22.0
8913726962,2996,1785012122,10201970.0,KW,9928636.0,Team Lynx,19944,EPL Masters 2026 ,1124176.0,1.0,34,49,False,22.0
8913598312,3592,1785006794,9928636.0,Team Lynx,10201970.0,KW,19944,EPL Masters 2026 ,1124176.0,1.0,56,38,False,22.0
8913422514,2364,1784999390,10201970.0,KW,10164236.0,PuckChamp,19944,EPL Masters 2026 ,1124086.0,1.0,19,45,False,22.0
8913307206,1686,1784995943,10201970.0,KW,10164236.0,PuckChamp,19944,EPL Masters 2026 ,1124086.0,1.0,11,27,False,22.0
8912974141,2117,1784983743,10201538.0,TEAM JENZ,10164236.0,PuckChamp,19944,EPL Masters 2026 ,1123892.0,1.0,36,31,True,22.0
8912831712,4143,1784977706,10201538.0,TEAM JENZ,10164236.0,PuckChamp,19944,EPL Masters 2026 ,1123892.0,1.0,55,53,True,22.0
8912758286,1772,1784974192,10201538.0,TEAM JENZ,10164236.0,PuckChamp,19944,EPL Masters 2026 ,1123892.0,1.0,11,43,False,22.0
8912622476,2979,1784967171,10047709.0,Ilbirs Esports,10182412.0,Aion,19944,EPL Masters 2026 ,1123857.0,1.0,48,29,True,22.0
8912551235,2403,1784963175,10047709.0,Ilbirs Esports,10182412.0,Aion,19944,EPL Masters 2026 ,1123857.0,1.0,27,19,True,22.0
8912123729,1861,1784930434,5014799.0,Nemiga Gaming,9256405.0,Level UP esports,19944,EPL Masters 2026 ,1123752.0,1.0,4,15,False,22.0
8912045230,2376,1784926280,5014799.0,Nemiga Gaming,9256405.0,Level UP esports,19944,EPL Masters 2026 ,1123752.0,1.0,23,44,False,22.0
8911916389,3271,1784920586,9600141.0,Zero Tenacity,10047709.0,Ilbirs Esports,19944,EPL Masters 2026 ,1123678.0,1.0,33,33,False,22.0
8911784562,3407,1784915130,10047709.0,Ilbirs Esports,9600141.0,Zero Tenacity,19944,EPL Masters 2026 ,1123678.0,1.0,29,38,True,22.0
8911654591,2748,1784910553,9948367.0,Team Spirit Academy,10201970.0,KW,19944,EPL Masters 2026 ,1123604.0,1.0,27,30,False,22.0
8911543304,2878,1784906115,9948367.0,Team Spirit Academy,10201970.0,KW,19944,EPL Masters 2026 ,1123604.0,1.0,36,47,False,22.0
8911423993,2055,1784902554,10201970.0,KW,9948367.0,Team Spirit Academy,19944,EPL Masters 2026 ,,,18,34,False,22.0
8911277378,2354,1784896933,10182865.0,Syntax,10201970.0,KW,19944,EPL Masters 2026 ,1123539.0,1.0,33,28,False,22.0
8911177078,2244,1784892885,10182865.0,Syntax,10201970.0,KW,19944,EPL Masters 2026 ,1123539.0,1.0,15,39,False,22.0
8911066658,3774,1784887169,9360651.0,Dandelions,10182412.0,Aion,19944,EPL Masters 2026 ,1123506.0,1.0,40,46,False,22.0
8910982575,3813,1784881706,9360651.0,Dandelions,10182412.0,Aion,19944,EPL Masters 2026 ,1123506.0,1.0,40,51,False,22.0
8910909413,3139,1784876819,9360651.0,Dandelions,10182412.0,Aion,19944,EPL Masters 2026 ,1123506.0,1.0,44,32,True,22.0
8910670427,2199,1784855731,5014799.0,Nemiga Gaming,10047709.0,Ilbirs Esports,19944,EPL Masters 2026 ,1123432.0,1.0,14,37,False,22.0
8910632054,2014,1784852131,5014799.0,Nemiga Gaming,10047709.0,Ilbirs Esports,19944,EPL Masters 2026 ,1123432.0,1.0,38,19,True,22.0
8910589445,1946,1784848824,10047709.0,Ilbirs Esports,5014799.0,Nemiga Gaming,19944,EPL Masters 2026 ,1123432.0,1.0,24,16,True,22.0
8910535715,1987,1784845503,9256405.0,Level UP esports,10182412.0,Aion,19944,EPL Masters 2026 ,1123373.0,1.0,37,16,True,22.0
8910461593,2993,1784840728,9256405.0,Level UP esports,10182412.0,Aion,19944,EPL Masters 2026 ,1123373.0,1.0,17,45,False,22.0
8910344715,3501,1784835138,9256405.0,Level UP esports,10182412.0,Aion,19944,EPL Masters 2026 ,1123373.0,1.0,42,40,True,22.0
8910216725,1892,1784829296,10201970.0,KW,10201538.0,TEAM JENZ,19944,EPL Masters 2026 ,1123302.0,1.0,26,41,False,22.0
8910104556,2797,1784824414,10201970.0,KW,10201538.0,TEAM JENZ,19944,EPL Masters 2026 ,1123302.0,1.0,32,43,False,22.0
8909904190,3854,1784818304,10201538.0,TEAM JENZ,10201970.0,KW,19944,EPL Masters 2026 ,1123302.0,1.0,29,51,False,22.0
8909780227,2661,1784812570,9948367.0,Team Spirit Academy,10164236.0,PuckChamp,19944,EPL Masters 2026 ,1123216.0,1.0,47,21,True,22.0
8909658828,3755,1784807209,9948367.0,Team Spirit Academy,10164236.0,PuckChamp,19944,EPL Masters 2026 ,1123216.0,1.0,31,35,False,22.0
8909554256,3251,1784801929,10164236.0,PuckChamp,9948367.0,Team Spirit Academy,19944,EPL Masters 2026 ,1123216.0,1.0,38,36,False,22.0
8909498494,1476,1784798223,9360651.0,Dandelions,9600141.0,Zero Tenacity,19944,EPL Masters 2026 ,1123199.0,1.0,12,26,False,22.0
8909443684,2364,1784794224,9360651.0,Dandelions,9600141.0,Zero Tenacity,19944,EPL Masters 2026 ,1123199.0,1.0,52,20,True,22.0
8909388284,2213,1784790124,9600141.0,Zero Tenacity,9360651.0,Dandelions,19944,EPL Masters 2026 ,1123199.0,1.0,47,18,True,22.0
8909115244,2986,1784763243,10201538.0,TEAM JENZ,10182865.0,Syntax,19944,EPL Masters 2026 ,1123124.0,1.0,39,38,False,22.0
8909070432,2368,1784759109,10182865.0,Syntax,10201538.0,TEAM JENZ,19944,EPL Masters 2026 ,1123124.0,1.0,26,28,False,22.0
8909014182,2062,1784755449,10182865.0,Syntax,10201538.0,TEAM JENZ,19944,EPL Masters 2026 ,1123124.0,1.0,40,17,True,22.0
8908926344,2579,1784750820,9256405.0,Level UP esports,9600141.0,Zero Tenacity,19944,EPL Masters 2026 ,1123040.0,1.0,38,32,True,22.0
8908830472,2609,1784746136,9256405.0,Level UP esports,9600141.0,Zero Tenacity,19944,EPL Masters 2026 ,1123040.0,1.0,9,41,False,22.0
8908710300,3062,1784741143,9600141.0,Zero Tenacity,9256405.0,Level UP esports,19944,EPL Masters 2026 ,1123040.0,1.0,37,40,False,22.0
8908612824,2472,1784736771,9948367.0,Team Spirit Academy,10182865.0,Syntax,19944,EPL Masters 2026 ,1122956.0,1.0,23,51,False,22.0
8908486051,3296,1784731747,9948367.0,Team Spirit Academy,10182865.0,Syntax,19944,EPL Masters 2026 ,1122956.0,1.0,44,24,True,22.0
8908313996,3955,1784725925,10182865.0,Syntax,9948367.0,Team Spirit Academy,19944,EPL Masters 2026 ,1122956.0,1.0,39,36,True,22.0
8908178087,2289,1784719330,5014799.0,Nemiga Gaming,10182412.0,Aion,19944,EPL Masters 2026 ,1122903.0,1.0,38,15,True,22.0
8908078817,3184,1784714446,5014799.0,Nemiga Gaming,10182412.0,Aion,19944,EPL Masters 2026 ,1122903.0,1.0,34,31,True,22.0
8907997366,1496,1784708127,10047709.0,Ilbirs Esports,9360651.0,Dandelions,19944,EPL Masters 2026 ,1122887.0,1.0,41,13,True,22.0
8907942033,2441,1784703847,9360651.0,Dandelions,10047709.0,Ilbirs Esports,19944,EPL Masters 2026 ,1122887.0,1.0,14,53,False,22.0
8907510684,1598,1784665827,10182412.0,Aion,9600141.0,Zero Tenacity,19944,EPL Masters 2026 ,1122764.0,1.0,9,25,False,22.0
8907419340,2225,1784661620,9600141.0,Zero Tenacity,10182412.0,Aion,19944,EPL Masters 2026 ,1122764.0,1.0,33,9,True,22.0
8907319204,2339,1784656989,9928636.0,Team Lynx,10201538.0,TEAM JENZ,19944,EPL Masters 2026 ,1122707.0,1.0,25,29,False,22.0
8907236730,1657,1784653630,10201538.0,TEAM JENZ,9928636.0,Team Lynx,19944,EPL Masters 2026 ,1122707.0,1.0,30,9,True,22.0
8907114935,3192,1784648499,9948367.0,Team Spirit Academy,9928636.0,Team Lynx,19944,EPL Masters 2026 ,1122641.0,1.0,38,34,True,22.0
8907021823,1893,1784644951,9948367.0,Team Spirit Academy,9928636.0,Team Lynx,19944,EPL Masters 2026 ,1122641.0,1.0,46,16,True,22.0
8906911697,1666,1784641569,9948367.0,Team Spirit Academy,9928636.0,Team Lynx,19944,EPL Masters 2026 ,1122641.0,1.0,4,33,False,22.0
8906814740,2469,1784637446,10164236.0,PuckChamp,10182865.0,Syntax,19944,EPL Masters 2026 ,1122573.0,1.0,24,43,False,22.0
8906706819,3129,1784632471,10164236.0,PuckChamp,10182865.0,Syntax,19944,EPL Masters 2026 ,1122573.0,1.0,45,35,False,22.0
8906626852,2306,1784628177,10182865.0,Syntax,10164236.0,PuckChamp,19944,EPL Masters 2026 ,1122573.0,1.0,26,47,False,22.0
8906547471,2403,1784622568,9360651.0,Dandelions,5014799.0,Nemiga Gaming,19944,EPL Masters 2026 ,1122560.0,1.0,17,55,False,22.0
8906479441,2837,1784617712,5014799.0,Nemiga Gaming,9360651.0,Dandelions,19944,EPL Masters 2026 ,1122560.0,1.0,47,19,True,22.0
8906069414,1702,1784580412,10047709.0,Ilbirs Esports,9256405.0,Level UP esports,19944,EPL Masters 2026 ,1122458.0,1.0,20,38,False,22.0
8905975768,2553,1784575870,9256405.0,Level UP esports,10047709.0,Ilbirs Esports,19944,EPL Masters 2026 ,1122458.0,1.0,41,19,True,22.0
8905885788,2199,1784571754,10201538.0,TEAM JENZ,9948367.0,Team Spirit Academy,19944,EPL Masters 2026 ,1122384.0,1.0,35,17,True,22.0
8905741721,4164,1784565449,9948367.0,Team Spirit Academy,10201538.0,TEAM JENZ,19944,EPL Masters 2026 ,1122384.0,1.0,34,40,False,22.0
8905612460,3203,1784560287,5014799.0,Nemiga Gaming,9600141.0,Zero Tenacity,19944,EPL Masters 2026 ,1122353.0,1.0,17,40,False,22.0
8905490238,2764,1784556023,9600141.0,Zero Tenacity,5014799.0,Nemiga Gaming,19944,EPL Masters 2026 ,1122353.0,1.0,26,25,True,22.0
8905359313,2757,1784550916,9928636.0,Team Lynx,10164236.0,PuckChamp,19944,EPL Masters 2026 ,1122288.0,1.0,39,53,False,22.0
8905233934,3530,1784545307,10164236.0,PuckChamp,9928636.0,Team Lynx,19944,EPL Masters 2026 ,1122288.0,1.0,41,40,True,22.0
8905164476,1796,1784540834,10182865.0,Syntax,9928636.0,Team Lynx,19944,EPL Masters 2026 ,1122271.0,1.0,36,13,True,22.0
8905093611,3264,1784535781,10182865.0,Syntax,9928636.0,Team Lynx,19944,EPL Masters 2026 ,1122271.0,1.0,60,48,True,22.0
8905035315,2732,1784531358,10182865.0,Syntax,9928636.0,Team Lynx,19944,EPL Masters 2026 ,1122271.0,1.0,31,37,False,22.0
8904419709,2207,1784483341,9824702.0,PVISION,8255888.0,BoomBoys,19785,Esports World Cup 2026,1122069.0,2.0,29,7,True,22.0
8904322271,2474,1784478900,8255888.0,BoomBoys,9824702.0,PVISION,19785,Esports World Cup 2026,1122069.0,2.0,16,32,False,22.0
8904157676,3720,1784473262,9824702.0,PVISION,8255888.0,BoomBoys,19785,Esports World Cup 2026,1122069.0,2.0,34,27,True,22.0
8904012666,2879,1784468532,8255888.0,BoomBoys,9824702.0,PVISION,19785,Esports World Cup 2026,1122069.0,2.0,18,10,True,22.0
8903789784,1120,1784459701,726228.0,Vici Gaming,9823272.0,Team Yandex,19785,Esports World Cup 2026,1121968.0,1.0,3,23,False,22.0
8903705555,2123,1784455780,726228.0,Vici Gaming,9823272.0,Team Yandex,19785,Esports World Cup 2026,1121968.0,1.0,15,36,False,22.0
8902610619,2266,1784392320,9824702.0,PVISION,9823272.0,Team Yandex,19785,Esports World Cup 2026,1121633.0,1.0,36,7,True,22.0
8902431810,3947,1784386380,9824702.0,PVISION,9823272.0,Team Yandex,19785,Esports World Cup 2026,1121633.0,1.0,25,28,False,22.0
8902338515,1869,1784382596,9824702.0,PVISION,9823272.0,Team Yandex,19785,Esports World Cup 2026,1121633.0,1.0,28,9,True,22.0
8902173969,2684,1784376482,8255888.0,BoomBoys,726228.0,Vici Gaming,19785,Esports World Cup 2026,1121542.0,1.0,26,8,True,22.0
8902107148,1825,1784372800,726228.0,Vici Gaming,8255888.0,BoomBoys,19785,Esports World Cup 2026,1121542.0,1.0,3,30,False,22.0
8900882416,2945,1784301541,8255888.0,BoomBoys,10136357.0,Nigma Galaxy ,19785,Esports World Cup 2026,1121275.0,1.0,32,17,True,22.0
8900771154,2117,1784297631,10136357.0,Nigma Galaxy ,8255888.0,BoomBoys,19785,Esports World Cup 2026,1121275.0,1.0,14,35,False,22.0
8900623530,1947,1784291941,726228.0,Vici Gaming,9247354.0,Team Falcons,19785,Esports World Cup 2026,1121211.0,1.0,24,13,True,22.0
8900508749,3432,1784286301,9247354.0,Team Falcons,726228.0,Vici Gaming,19785,Esports World Cup 2026,1121211.0,1.0,32,38,False,22.0
8899420575,1836,1784215740,9824702.0,PVISION,9895247.0,Rune Eaters,19785,Esports World Cup 2026,1120991.0,1.0,43,10,True,22.0
8899307453,2185,1784211550,9895247.0,Rune Eaters,9824702.0,PVISION,19785,Esports World Cup 2026,1120991.0,1.0,14,43,False,22.0
8899120700,3079,1784204826,7119388.0,Team Spirit,9823272.0,Team Yandex,19785,Esports World Cup 2026,1120911.0,1.0,23,35,False,22.0
8899028080,2663,1784200005,7119388.0,Team Spirit,9823272.0,Team Yandex,19785,Esports World Cup 2026,1120911.0,1.0,24,23,False,22.0
8898117600,1658,1784134860,8255888.0,BoomBoys,10150538.0,LGD Gaming,19785,Esports World Cup 2026,1120748.0,1.0,32,7,True,22.0
8898084910,3799,1784133282,10182357.0,1w,726228.0,Vici Gaming,19785,Esports World Cup 2026,1120721.0,1.0,27,36,False,22.0
8898003442,2872,1784130021,8255888.0,BoomBoys,10150538.0,LGD Gaming,19785,Esports World Cup 2026,1120748.0,1.0,34,17,True,22.0
8897971312,2723,1784128803,10182357.0,1w,726228.0,Vici Gaming,19785,Esports World Cup 2026,1120721.0,1.0,14,31,False,22.0
8897841991,2510,1784124113,726228.0,Vici Gaming,10182357.0,1w,19785,Esports World Cup 2026,1120721.0,1.0,10,35,False,22.0
8897831774,2689,1784123767,7119388.0,Team Spirit,2163.0,Team Liquid,19785,Esports World Cup 2026,1120662.0,1.0,32,14,True,22.0
8897696869,2747,1784119160,2163.0,Team Liquid,7119388.0,Team Spirit,19785,Esports World Cup 2026,1120662.0,1.0,40,38,True,22.0
8897695379,2344,1784118474,9895247.0,Rune Eaters,9467224.0,Aurora Gaming,19785,Esports World Cup 2026,1120661.0,1.0,37,19,True,22.0
8897588873,3389,1784113637,7119388.0,Team Spirit,2163.0,Team Liquid,19785,Esports World Cup 2026,1120662.0,1.0,47,21,True,22.0
8897585705,3064,1784113191,9467224.0,Aurora Gaming,9895247.0,Rune Eaters,19785,Esports World Cup 2026,1120661.0,1.0,20,37,False,22.0
8896731473,3786,1784051160,9338413.0,MOUZ,10150538.0,LGD Gaming,19785,Esports World Cup 2026,1120473.0,1.0,39,39,False,22.0
8896645659,2094,1784047022,9338413.0,MOUZ,10150538.0,LGD Gaming,19785,Esports World Cup 2026,1120473.0,1.0,11,36,False,22.0
8896486914,2463,1784040961,2163.0,Team Liquid,8261500.0,Xtreme Gaming,19785,Esports World Cup 2026,1120370.0,1.0,33,8,True,22.0
8896380183,2331,1784037059,9895247.0,Rune Eaters,9895392.0,Virtus.pro,19785,Esports World Cup 2026,1120368.0,1.0,29,19,True,22.0
8896267691,5633,1784033340,2163.0,Team Liquid,8261500.0,Xtreme Gaming,19785,Esports World Cup 2026,1120370.0,1.0,33,37,True,22.0
8896234088,3840,1784031420,9895247.0,Rune Eaters,9895392.0,Virtus.pro,19785,Esports World Cup 2026,1120368.0,1.0,47,42,True,22.0
8896140998,4155,1784027364,8261500.0,Xtreme Gaming,2163.0,Team Liquid,19785,Esports World Cup 2026,1120370.0,1.0,49,31,True,22.0
8896139222,2786,1784026864,9895247.0,Rune Eaters,9895392.0,Virtus.pro,19785,Esports World Cup 2026,1120368.0,1.0,18,38,False,22.0
8893253595,3971,1783863780,2586976.0,OG,9895392.0,Virtus.pro,19785,Esports World Cup 2026,1119761.0,3.0,18,23,False,22.0
8893208737,2348,1783862341,10150538.0,LGD Gaming,10019843.0,Inner Circle x Insanity,19785,Esports World Cup 2026,1119737.0,3.0,31,17,True,22.0
8893165071,3619,1783861320,9823272.0,Team Yandex,10182357.0,1w,19785,Esports World Cup 2026,1119733.0,3.0,39,32,True,22.0
8893106015,3047,1783858806,9895392.0,Virtus.pro,2586976.0,OG,19785,Esports World Cup 2026,1119761.0,3.0,30,19,True,22.0
8893079555,2704,1783857841,10019843.0,Inner Circle x Insanity,10150538.0,LGD Gaming,19785,Esports World Cup 2026,1119737.0,3.0,23,43,False,22.0
8893070561,1890,1783857481,10182357.0,1w,9823272.0,Team Yandex,19785,Esports World Cup 2026,1119733.0,3.0,11,39,False,22.0
8892958964,1837,1783852811,9828897.0,REKONIX,9691969.0,Team Nemesis,19785,Esports World Cup 2026,1119682.0,3.0,27,11,True,22.0
8892923329,4388,1783851180,726228.0,Vici Gaming,9338413.0,MOUZ,19785,Esports World Cup 2026,1119680.0,3.0,49,43,True,22.0
8892914077,2604,1783851300,7119388.0,Team Spirit,9824702.0,PVISION,19785,Esports World Cup 2026,1119683.0,3.0,19,45,False,22.0
8892836635,1976,1783847223,9824702.0,PVISION,7119388.0,Team Spirit,19785,Esports World Cup 2026,1119683.0,3.0,13,36,False,22.0
8892835652,3884,1783847102,9691969.0,Team Nemesis,9828897.0,REKONIX,19785,Esports World Cup 2026,1119682.0,3.0,43,43,False,22.0
8892829232,2483,1783846800,9338413.0,MOUZ,726228.0,Vici Gaming,19785,Esports World Cup 2026,1119680.0,3.0,17,41,False,22.0
8891519142,2622,1783778088,10136357.0,Nigma Galaxy ,10182309.0,PTime,19785,Esports World Cup 2026,1119374.0,3.0,39,16,True,22.0
8891497910,2816,1783777029,2163.0,Team Liquid,9467224.0,Aurora Gaming,19785,Esports World Cup 2026,1119315.0,3.0,40,14,True,22.0
8891438996,2659,1783775274,10182299.0,L1 TEAM,9256405.0,Level UP esports,19785,Esports World Cup 2026,1119295.0,3.0,23,33,False,22.0
8891371442,2146,1783772700,9467224.0,Aurora Gaming,2163.0,Team Liquid,19785,Esports World Cup 2026,1119315.0,3.0,26,11,True,22.0
8891349244,3949,1783771860,10182309.0,PTime,10136357.0,Nigma Galaxy ,19785,Esports World Cup 2026,1119304.0,3.0,33,31,False,22.0
8891325877,2531,1783770895,9256405.0,Level UP esports,10182299.0,L1 TEAM,19785,Esports World Cup 2026,1119295.0,3.0,41,17,True,22.0
8891240327,2541,1783766700,9247354.0,Team Falcons,8261500.0,Xtreme Gaming,19785,Esports World Cup 2026,1119248.0,3.0,38,20,True,22.0
8891227605,2040,1783766400,8255888.0,BoomBoys,9964962.0,GamerLegion,19785,Esports World Cup 2026,1119241.0,3.0,33,14,True,22.0
8891217710,1748,1783765956,9895247.0,Rune Eaters,55.0,_PowerRangers,19785,Esports World Cup 2026,1119240.0,3.0,26,19,True,22.0
8891145641,3550,1783761964,8261500.0,Xtreme Gaming,9247354.0,Team Falcons,19785,Esports World Cup 2026,1119248.0,3.0,16,34,False,22.0
8891108985,4058,1783760455,9964962.0,GamerLegion,8255888.0,BoomBoys,19785,Esports World Cup 2026,1119241.0,3.0,28,30,False,22.0
8891108843,3594,1783760415,55.0,_PowerRangers,9895247.0,Rune Eaters,19785,Esports World Cup 2026,1119240.0,3.0,32,47,False,22.0
8890301402,2326,1783708841,9895392.0,Virtus.pro,10019843.0,Inner Circle x Insanity,19785,Esports World Cup 2026,1119035.0,3.0,26,11,True,22.0
8890270555,3057,1783707672,10182357.0,1w,2586976.0,OG,19785,Esports World Cup 2026,1119018.0,3.0,18,47,False,22.0
8890268632,2023,1783708020,10150538.0,LGD Gaming,9823272.0,Team Yandex,19785,Esports World Cup 2026,1119025.0,3.0,10,32,False,22.0
8890206902,2098,1783705060,10019843.0,Inner Circle x Insanity,9895392.0,Virtus.pro,19785,Esports World Cup 2026,1119035.0,3.0,2,25,False,22.0
8890179830,1975,1783704199,9823272.0,Team Yandex,10150538.0,LGD Gaming,19785,Esports World Cup 2026,1119025.0,3.0,33,7,True,22.0
8890162325,2403,1783703283,2586976.0,OG,10182357.0,1w,19785,Esports World Cup 2026,1119018.0,3.0,12,45,False,22.0
8890074597,1673,1783699976,7119388.0,Team Spirit,9828897.0,REKONIX,19785,Esports World Cup 2026,1118970.0,3.0,36,15,True,22.0
8890036748,1343,1783699141,9338413.0,MOUZ,9824702.0,PVISION,19785,Esports World Cup 2026,1118962.0,3.0,7,20,False,22.0
8890008812,2318,1783697672,726228.0,Vici Gaming,9691969.0,Team Nemesis,19785,Esports World Cup 2026,1118948.0,3.0,35,19,True,22.0
8889944251,2488,1783695507,9828897.0,REKONIX,7119388.0,Team Spirit,19785,Esports World Cup 2026,1118970.0,3.0,19,46,False,22.0
8889914618,2600,1783694557,9824702.0,PVISION,9338413.0,MOUZ,19785,Esports World Cup 2026,1118962.0,3.0,28,13,True,22.0
8889871314,3055,1783692721,9691969.0,Team Nemesis,726228.0,Vici Gaming,19785,Esports World Cup 2026,1118948.0,3.0,25,37,False,22.0
8889789755,1992,1783690208,10136357.0,Nigma Galaxy ,9256405.0,Level UP esports,19785,Esports World Cup 2026,,,22,12,True,22.0
8889733840,2657,1783688406,9467224.0,Aurora Gaming,10182309.0,PTime,19785,Esports World Cup 2026,1118895.0,3.0,35,27,True,22.0
8889699098,2531,1783686780,2163.0,Team Liquid,10182299.0,L1 TEAM,19785,Esports World Cup 2026,1118894.0,3.0,32,10,True,22.0
8889693867,1657,1783686604,9256405.0,Level UP esports,10136357.0,Nigma Galaxy ,19785,Esports World Cup 2026,1118910.0,3.0,5,24,False,22.0
8889621582,2786,1783683635,10182309.0,PTime,9467224.0,Aurora Gaming,19785,Esports World Cup 2026,1118895.0,3.0,25,34,False,22.0
8889615310,1695,1783683122,2163.0,Team Liquid,10182299.0,L1 TEAM,19785,Esports World Cup 2026,1118894.0,3.0,30,9,True,22.0
8889538949,4080,1783679104,9964962.0,GamerLegion,9895247.0,Rune Eaters,19785,Esports World Cup 2026,1118876.0,3.0,13,40,False,22.0
8889524021,1205,1783678860,8261500.0,Xtreme Gaming,8255888.0,BoomBoys,19785,Esports World Cup 2026,1118878.0,3.0,2,26,False,22.0
8889513730,2033,1783677731,55.0,_PowerRangers,9247354.0,Team Falcons,19785,Esports World Cup 2026,1118877.0,3.0,17,36,False,22.0
8889468264,2323,1783674662,8255888.0,BoomBoys,8261500.0,Xtreme Gaming,19785,Esports World Cup 2026,1118878.0,3.0,18,9,True,22.0
8889452983,1878,1783674001,9247354.0,Team Falcons,55.0,_PowerRangers,19785,Esports World Cup 2026,1118877.0,3.0,37,10,True,22.0
8889452921,3104,1783674096,9895247.0,Rune Eaters,9964962.0,GamerLegion,19785,Esports World Cup 2026,1118876.0,3.0,9,35,False,22.0
8888819433,3166,1783625040,10150538.0,LGD Gaming,10182357.0,1w,19785,Esports World Cup 2026,1118725.0,3.0,32,45,False,22.0
8888776689,1426,1783623360,9823272.0,Team Yandex,9895392.0,Virtus.pro,19785,Esports World Cup 2026,1118714.0,3.0,32,6,True,22.0
8888771711,1801,1783623122,2586976.0,OG,10019843.0,Inner Circle x Insanity,19785,Esports World Cup 2026,1118710.0,3.0,14,10,True,22.0
8888731478,1973,1783620996,10150538.0,LGD Gaming,10182357.0,1w,19785,Esports World Cup 2026,1118725.0,3.0,12,44,False,22.0
8888693655,1932,1783619282,9823272.0,Team Yandex,9895392.0,Virtus.pro,19785,Esports World Cup 2026,1118714.0,3.0,28,6,True,22.0
8888682602,2590,1783618825,2586976.0,OG,10019843.0,Inner Circle x Insanity,19785,Esports World Cup 2026,1118710.0,3.0,30,17,True,22.0
8888592426,1831,1783615381,726228.0,Vici Gaming,7119388.0,Team Spirit,19785,Esports World Cup 2026,1118668.0,3.0,8,33,False,22.0
8888555097,2585,1783613340,9691969.0,Team Nemesis,9338413.0,MOUZ,19785,Esports World Cup 2026,1118650.0,3.0,24,34,False,22.0
8888554919,1971,1783613352,9824702.0,PVISION,9828897.0,REKONIX,19785,Esports World Cup 2026,1118657.0,3.0,34,16,True,22.0
8888489297,2650,1783610778,726228.0,Vici Gaming,7119388.0,Team Spirit,19785,Esports World Cup 2026,1118668.0,3.0,16,36,False,22.0
8888425887,2877,1783608375,9828897.0,REKONIX,9824702.0,PVISION,19785,Esports World Cup 2026,1118657.0,3.0,20,41,False,22.0
8888405761,3817,1783607640,9338413.0,MOUZ,9691969.0,Team Nemesis,19785,Esports World Cup 2026,1118650.0,3.0,34,34,False,22.0
8888318197,2430,1783604820,10136357.0,Nigma Galaxy ,2163.0,Team Liquid,19785,Esports World Cup 2026,1118603.0,3.0,33,12,True,22.0
8888279558,1889,1783603091,10182309.0,PTime,9256405.0,Level UP esports,19785,Esports World Cup 2026,1118590.0,3.0,44,14,True,22.0
8888260336,2009,1783602360,9467224.0,Aurora Gaming,10182299.0,L1 TEAM,19785,Esports World Cup 2026,1118588.0,3.0,30,11,True,22.0
8888217771,2375,1783600601,2163.0,Team Liquid,10136357.0,Nigma Galaxy ,19785,Esports World Cup 2026,1118603.0,3.0,15,37,False,22.0
8888173515,2523,1783598788,9256405.0,Level UP esports,10182309.0,PTime,19785,Esports World Cup 2026,1118590.0,3.0,7,33,False,22.0
8888160657,2390,1783598100,10182299.0,L1 TEAM,9467224.0,Aurora Gaming,19785,Esports World Cup 2026,1118588.0,3.0,17,34,False,22.0
8888083694,2633,1783594501,9247354.0,Team Falcons,9964962.0,GamerLegion,19785,Esports World Cup 2026,1118572.0,3.0,25,17,True,22.0
8888066684,2410,1783592999,8255888.0,BoomBoys,9895247.0,Rune Eaters,19785,Esports World Cup 2026,1118573.0,3.0,33,26,True,22.0
8888056358,2341,1783592340,8261500.0,Xtreme Gaming,55.0,_PowerRangers,19785,Esports World Cup 2026,1118570.0,3.0,21,26,False,22.0
8887998750,2297,1783588512,9895247.0,Rune Eaters,8255888.0,BoomBoys,19785,Esports World Cup 2026,1118573.0,3.0,38,13,True,22.0
8887988797,4577,1783587935,9964962.0,GamerLegion,9247354.0,Team Falcons,19785,Esports World Cup 2026,1118572.0,3.0,31,39,False,22.0
8887986392,2544,1783587765,55.0,_PowerRangers,8261500.0,Xtreme Gaming,19785,Esports World Cup 2026,1118570.0,3.0,22,27,False,22.0
8887432754,1670,1783541040,10182357.0,1w,9895392.0,Virtus.pro,19785,Esports World Cup 2026,1118459.0,3.0,29,7,True,22.0
8887337672,1970,1783536259,9823272.0,Team Yandex,10019843.0,Inner Circle x Insanity,19785,Esports World Cup 2026,1118447.0,3.0,25,15,True,22.0
8887325211,3420,1783535641,9895392.0,Virtus.pro,10182357.0,1w,19785,Esports World Cup 2026,1118459.0,3.0,22,43,False,22.0
8887314193,2196,1783535100,10150538.0,LGD Gaming,2586976.0,OG,19785,Esports World Cup 2026,1118443.0,3.0,27,19,True,22.0
8887260104,1663,1783532653,9823272.0,Team Yandex,10019843.0,Inner Circle x Insanity,19785,Esports World Cup 2026,1118447.0,3.0,18,16,True,22.0
8887218598,2494,1783530782,2586976.0,OG,10150538.0,LGD Gaming,19785,Esports World Cup 2026,1118443.0,3.0,10,16,False,22.0
8887197358,1770,1783530565,726228.0,Vici Gaming,9824702.0,PVISION,19785,Esports World Cup 2026,1118425.0,3.0,12,36,False,22.0
8887114313,2805,1783526356,9691969.0,Team Nemesis,7119388.0,Team Spirit,19785,Esports World Cup 2026,1118406.0,3.0,37,41,False,22.0
8887100676,1868,1783525843,726228.0,Vici Gaming,9824702.0,PVISION,19785,Esports World Cup 2026,1118425.0,3.0,6,31,False,22.0
8887075626,2506,1783524892,9338413.0,MOUZ,9828897.0,REKONIX,19785,Esports World Cup 2026,1118397.0,3.0,47,23,True,22.0
8886994890,2553,1783521901,9691969.0,Team Nemesis,7119388.0,Team Spirit,19785,Esports World Cup 2026,1118406.0,3.0,25,36,False,22.0
8886971456,2304,1783520567,9338413.0,MOUZ,9828897.0,REKONIX,19785,Esports World Cup 2026,1118397.0,3.0,43,16,True,22.0
8886893266,3876,1783518544,9467224.0,Aurora Gaming,10136357.0,Nigma Galaxy ,19785,Esports World Cup 2026,1118356.0,3.0,24,41,False,22.0
8886862310,1459,1783516940,9256405.0,Level UP esports,2163.0,Team Liquid,19785,Esports World Cup 2026,1118338.0,3.0,6,32,False,22.0
8886858990,1871,1783516482,,,,,19943,FB杯DOTA2精英联赛26赛季,0.0,0.0,51,14,True,22.0
8886815251,2252,1783515062,10182309.0,PTime,10182299.0,L1 TEAM,19785,Esports World Cup 2026,1118336.0,3.0,36,13,True,22.0
8886788497,2583,1783513891,10136357.0,Nigma Galaxy ,9467224.0,Aurora Gaming,19785,Esports World Cup 2026,1118356.0,3.0,19,41,False,22.0
8886784376,1394,1783513485,,,,,19943,FB杯DOTA2精英联赛26赛季,0.0,0.0,12,34,False,22.0
8886782601,2141,1783513408,10186995.0,Godlike,,,19943,FB杯DOTA2精英联赛26赛季,0.0,0.0,11,28,False,22.0
8886736772,3473,1783511657,9256405.0,Level UP esports,2163.0,Team Liquid,19785,Esports World Cup 2026,1118338.0,3.0,23,43,False,22.0
8886728756,1977,1783511220,10182299.0,L1 TEAM,10182309.0,PTime,19785,Esports World Cup 2026,1118336.0,3.0,28,7,True,22.0
8886641793,3901,1783506480,9964962.0,GamerLegion,8261500.0,Xtreme Gaming,19785,Esports World Cup 2026,1118320.0,3.0,36,35,False,22.0
8886640910,2001,1783506282,9895247.0,Rune Eaters,9247354.0,Team Falcons,19785,Esports World Cup 2026,1118317.0,3.0,16,35,False,22.0
8886638110,1808,1783506060,55.0,_PowerRangers,8255888.0,BoomBoys,19785,Esports World Cup 2026,1118318.0,3.0,20,59,False,22.0
8886576019,2755,1783501510,8255888.0,BoomBoys,55.0,_PowerRangers,19785,Esports World Cup 2026,1118318.0,3.0,26,31,True,22.0
8886572854,2653,1783501703,9964962.0,GamerLegion,8261500.0,Xtreme Gaming,19785,Esports World Cup 2026,1118320.0,3.0,17,30,False,22.0
8886567629,3139,1783501257,9895247.0,Rune Eaters,9247354.0,Team Falcons,19785,Esports World Cup 2026,1118317.0,3.0,31,44,False,22.0
8886013461,3696,1783453361,10150538.0,LGD Gaming,9895392.0,Virtus.pro,19785,Esports World Cup 2026,1118187.0,3.0,34,31,True,22.0
8886005043,3309,1783453680,9823272.0,Team Yandex,2586976.0,OG,19785,Esports World Cup 2026,1118203.0,3.0,17,33,False,22.0
8885974297,3207,1783451948,10182357.0,1w,10019843.0,Inner Circle x Insanity,19785,Esports World Cup 2026,1118190.0,3.0,26,29,True,22.0
8885928262,1570,1783450062,2586976.0,OG,9823272.0,Team Yandex,19785,Esports World Cup 2026,1118203.0,3.0,6,25,False,22.0
8885871759,1892,1783448179,10019843.0,Inner Circle x Insanity,10182357.0,1w,19785,Esports World Cup 2026,1118190.0,3.0,16,26,False,22.0
8885859920,4599,1783446614,10150538.0,LGD Gaming,9895392.0,Virtus.pro,19785,Esports World Cup 2026,,,19,35,False,22.0
8885784652,3191,1783443540,7119388.0,Team Spirit,9338413.0,MOUZ,19785,Esports World Cup 2026,1118153.0,3.0,26,49,False,22.0
8885775271,1575,1783442606,9824702.0,PVISION,9691969.0,Team Nemesis,19785,Esports World Cup 2026,1118158.0,3.0,26,2,True,22.0
8885723512,3176,1783440300,726228.0,Vici Gaming,9828897.0,REKONIX,19785,Esports World Cup 2026,1118150.0,3.0,30,29,True,22.0
8885665054,2479,1783437858,9691969.0,Team Nemesis,9824702.0,PVISION,19785,Esports World Cup 2026,1118158.0,3.0,6,23,False,22.0
8885633666,4197,1783436798,9338413.0,MOUZ,7119388.0,Team Spirit,19785,Esports World Cup 2026,1118153.0,3.0,59,52,False,22.0
8885614030,2500,1783435921,9828897.0,REKONIX,726228.0,Vici Gaming,19785,Esports World Cup 2026,,,17,42,False,22.0
8885529711,1315,1783433284,9256405.0,Level UP esports,9467224.0,Aurora Gaming,19785,Esports World Cup 2026,1118100.0,3.0,4,28,False,22.0
8885473599,2093,1783431420,10182309.0,PTime,2163.0,Team Liquid,19785,Esports World Cup 2026,1118085.0,3.0,35,10,True,22.0
8885470551,2209,1783430880,10182299.0,L1 TEAM,10136357.0,Nigma Galaxy ,19785,Esports World Cup 2026,1118078.0,3.0,8,37,False,22.0
8885411801,2143,1783428660,9467224.0,Aurora Gaming,9256405.0,Level UP esports,19785,Esports World Cup 2026,1118100.0,3.0,30,17,True,22.0
8885380529,2312,1783427175,10182309.0,PTime,2163.0,Team Liquid,19785,Esports World Cup 2026,1118085.0,3.0,16,25,False,22.0
8885365825,2191,1783426680,10136357.0,Nigma Galaxy ,10182299.0,L1 TEAM,19785,Esports World Cup 2026,1118078.0,3.0,20,6,True,22.0
8885275216,3441,1783422092,8261500.0,Xtreme Gaming,9895247.0,Rune Eaters,19785,Esports World Cup 2026,1118055.0,3.0,42,25,True,22.0
8885252329,2419,1783421220,8255888.0,BoomBoys,9247354.0,Team Falcons,19785,Esports World Cup 2026,1118051.0,3.0,22,33,False,22.0
8885250776,2845,1783420680,55.0,_PowerRangers,9964962.0,GamerLegion,19785,Esports World Cup 2026,1118052.0,3.0,29,61,False,22.0
8885195986,2836,1783417108,9895247.0,Rune Eaters,8261500.0,Xtreme Gaming,19785,Esports World Cup 2026,1118055.0,3.0,41,23,True,22.0
8885195787,1924,1783416857,55.0,_PowerRangers,9964962.0,GamerLegion,19785,Esports World Cup 2026,1118052.0,3.0,15,40,False,22.0
8885183102,2623,1783416279,9247354.0,Team Falcons,8255888.0,BoomBoys,19785,Esports World Cup 2026,1118051.0,3.0,17,30,False,22.0
8880928888,1167,1783176897,10186995.0,Godlike,7670725.0,坤队,19943,FB杯DOTA2精英联赛26赛季,1117228.0,1.0,13,30,False,22.0
8880797450,2181,1783172614,10186995.0,Godlike,7670725.0,坤队,19943,FB杯DOTA2精英联赛26赛季,1117191.0,1.0,25,34,False,22.0
8880668008,3173,1783168076,9776596.0,火车王,,,19943,FB杯DOTA2精英联赛26赛季,0.0,0.0,48,29,True,22.0
8879217456,1471,1783089568,,,10186995.0,Godlike,19943,FB杯DOTA2精英联赛26赛季,0.0,0.0,22,20,False,22.0
8876894624,2439,1782955139,10186491.0,Cuba,10182514.0,Canada,19885,Road to ENC 2026 Regional Qualifiers,1116383.0,1.0,16,45,False,22.0
8876860926,1925,1782951377,10182514.0,Canada,10186491.0,Cuba,19885,Road to ENC 2026 Regional Qualifiers,1116383.0,1.0,8,30,False,22.0
8876860563,2227,1782952339,10186492.0,Ecuador,10182705.0,Bolivia ,19885,Road to ENC 2026 Regional Qualifiers,1116376.0,1.0,32,5,True,22.0
8876821060,2079,1782947602,10182705.0,Bolivia ,10186492.0,Ecuador,19885,Road to ENC 2026 Regional Qualifiers,1116376.0,1.0,10,39,False,22.0
8876816332,2577,1782947186,10186491.0,Cuba,10182514.0,Canada,19885,Road to ENC 2026 Regional Qualifiers,1116383.0,1.0,22,38,False,22.0
8876753073,3367,1782942371,10186492.0,Ecuador,10182705.0,Bolivia ,19885,Road to ENC 2026 Regional Qualifiers,1116376.0,1.0,17,37,False,22.0
8876713570,2916,1782940007,10182892.0,Mexico,10186491.0,Cuba,19885,Road to ENC 2026 Regional Qualifiers,1116354.0,1.0,27,30,False,22.0
8876640180,2161,1782936342,10186491.0,Cuba,10182892.0,Mexico,19885,Road to ENC 2026 Regional Qualifiers,1116354.0,1.0,28,18,True,22.0
8876624227,2389,1782935611,10186492.0,Ecuador,10182810.0,Argentina,19885,Road to ENC 2026 Regional Qualifiers,1116309.0,1.0,39,24,True,22.0
8876607269,3202,1782934840,10182519.0,Team France,10177742.0,Great Britain,19885,Road to ENC 2026 Regional Qualifiers,1116318.0,1.0,27,46,False,22.0
8876602958,1926,1782934647,10182748.0,Team South Africa,10182738.0,Team Madagascar,19885,Road to ENC 2026 Regional Qualifiers,1116325.0,1.0,54,29,True,22.0
8876599600,3479,1782934746,10182639.0,Serbia,8532176.0,GREECE,19885,Road to ENC 2026 Regional Qualifiers,1116281.0,1.0,24,47,False,22.0
8876574066,1705,1782933382,10182705.0,Bolivia ,10182824.0,Peru,19885,Road to ENC 2026 Regional Qualifiers,1116311.0,1.0,10,36,False,22.0
8876522645,1593,1782931196,10182738.0,Team Madagascar,10182748.0,Team South Africa,19885,Road to ENC 2026 Regional Qualifiers,1116325.0,1.0,11,35,False,22.0
8876493211,2924,1782930116,10177742.0,Great Britain,10182519.0,Team France,19885,Road to ENC 2026 Regional Qualifiers,1116318.0,1.0,32,28,True,22.0
8876483597,3267,1782929323,10182639.0,Serbia,8532176.0,GREECE,19885,Road to ENC 2026 Regional Qualifiers,1116281.0,1.0,42,45,True,22.0
8876478470,1753,1782929665,10182824.0,Peru,10182705.0,Bolivia ,19885,Road to ENC 2026 Regional Qualifiers,1116311.0,1.0,33,13,True,22.0
8876475870,4576,1782929081,10182810.0,Argentina,10186492.0,Ecuador,19885,Road to ENC 2026 Regional Qualifiers,1116309.0,1.0,57,46,False,22.0
8876455921,1058,1782928125,10182524.0,Team Nigeria,10182738.0,Team Madagascar,19885,Road to ENC 2026 Regional Qualifiers,1116276.0,1.0,5,27,False,22.0
8876453217,1897,1782928004,9855768.0,Türkiye,10182492.0,Kyrgyzstan,19885,Road to ENC 2026 Regional Qualifiers,1116306.0,1.0,21,47,False,22.0
8876338118,3739,1782923623,8532176.0,GREECE,10182639.0,Serbia,19885,Road to ENC 2026 Regional Qualifiers,1116281.0,1.0,41,24,True,22.0
8876335535,3271,1782923299,10186464.0,Team Belgium,10177742.0,Great Britain,19885,Road to ENC 2026 Regional Qualifiers,1116212.0,1.0,37,43,False,22.0
8876315460,1967,1782922567,10182524.0,Team Nigeria,10182738.0,Team Madagascar,19885,Road to ENC 2026 Regional Qualifiers,1116276.0,1.0,19,59,False,22.0
8876250327,2205,1782920112,10182496.0,Team Finland,10182519.0,Team France,19885,Road to ENC 2026 Regional Qualifiers,1116201.0,1.0,42,24,True,22.0
8876228139,1854,1782919338,10182639.0,Serbia,10182833.0,Czech Republic,19885,Road to ENC 2026 Regional Qualifiers,1116202.0,1.0,10,30,False,22.0
8876195993,2913,1782918012,10182492.0,Kyrgyzstan,9855768.0,Türkiye,19885,Road to ENC 2026 Regional Qualifiers,1116251.0,1.0,43,34,True,22.0
8876182829,3891,1782917455,10186464.0,Team Belgium,10177742.0,Great Britain,19885,Road to ENC 2026 Regional Qualifiers,1116212.0,1.0,41,50,True,22.0
8876141942,3119,1782916085,10182519.0,Team France,10182496.0,Team Finland,19885,Road to ENC 2026 Regional Qualifiers,1116201.0,1.0,34,36,False,22.0
8876116213,2475,1782915210,10182639.0,Serbia,10182833.0,Czech Republic,19885,Road to ENC 2026 Regional Qualifiers,1116202.0,1.0,23,29,False,22.0
8876111537,2588,1782915053,10182773.0,Team Romania,8532176.0,GREECE,19885,Road to ENC 2026 Regional Qualifiers,1116203.0,1.0,15,36,False,22.0
8876051856,1769,1782913026,10182459.0,Georgia,9855768.0,Türkiye,19885,Road to ENC 2026 Regional Qualifiers,1116191.0,1.0,10,41,False,22.0
8876020336,2070,1782911902,10182693.0,Lebanon,10182492.0,Kyrgyzstan,19885,Road to ENC 2026 Regional Qualifiers,1116176.0,1.0,32,20,True,22.0
8876016969,3764,1782911912,10177742.0,Great Britain,10186464.0,Team Belgium,19885,Road to ENC 2026 Regional Qualifiers,1116212.0,1.0,52,49,True,22.0
8875987572,2205,1782910878,8532176.0,GREECE,10182773.0,Team Romania,19885,Road to ENC 2026 Regional Qualifiers,1116203.0,1.0,32,16,True,22.0
8875984903,2565,1782910841,10182639.0,Serbia,10182833.0,Czech Republic,19885,Road to ENC 2026 Regional Qualifiers,1116202.0,1.0,40,27,True,22.0
8875983324,2753,1782910806,10182519.0,Team France,10182496.0,Team Finland,19885,Road to ENC 2026 Regional Qualifiers,1116201.0,1.0,38,31,True,22.0
8875961002,2681,1782909991,10186715.0,Myanmar,10186547.0,Team Thailand,19885,Road to ENC 2026 Regional Qualifiers,1116155.0,1.0,19,39,False,22.0
8875954479,2225,1782909581,10182601.0,Team Pakistan,10182476.0,INDIA,19885,Road to ENC 2026 Regional Qualifiers,1116161.0,1.0,34,12,True,22.0
8875951575,1728,1782909573,9855768.0,Türkiye,10182459.0,Georgia,19885,Road to ENC 2026 Regional Qualifiers,1116191.0,1.0,29,17,True,22.0
8875915348,1803,1782907891,10186464.0,Team Belgium,10164510.0,Norge,19885,Road to ENC 2026 Regional Qualifiers,1116158.0,1.0,44,19,True,22.0
8875903779,2367,1782907509,10182492.0,Kyrgyzstan,10182693.0,Lebanon,19885,Road to ENC 2026 Regional Qualifiers,1116176.0,1.0,10,38,False,22.0
8875860504,2632,1782905412,10182476.0,INDIA,10182601.0,Team Pakistan,19885,Road to ENC 2026 Regional Qualifiers,1116161.0,1.0,18,32,False,22.0
8875849130,2279,1782904947,10182755.0,Team Iran,9855768.0,Türkiye,19885,Road to ENC 2026 Regional Qualifiers,1116152.0,1.0,25,43,False,22.0
8875841974,1702,1782904511,10186464.0,Team Belgium,10164510.0,Norge,19885,Road to ENC 2026 Regional Qualifiers,1116158.0,1.0,45,14,True,22.0
8875840771,3105,1782904451,10186715.0,Myanmar,10186547.0,Team Thailand,19885,Road to ENC 2026 Regional Qualifiers,1116155.0,1.0,22,29,False,22.0
8875836468,1746,1782904234,10182773.0,Team Romania,10182706.0,Team Hungary,19885,Road to ENC 2026 Regional Qualifiers,1116159.0,1.0,34,12,True,22.0
8875824584,1220,1782903640,10182654.0,LATVIA,8532176.0,GREECE,19885,Road to ENC 2026 Regional Qualifiers,1116157.0,1.0,7,21,False,22.0
8875774753,1907,1782900934,9855768.0,Türkiye,10182755.0,Team Iran,19885,Road to ENC 2026 Regional Qualifiers,1116152.0,1.0,44,11,True,22.0
8875769722,2559,1782901218,10182601.0,Team Pakistan,10182476.0,INDIA,19885,Road to ENC 2026 Regional Qualifiers,1116161.0,1.0,14,25,False,22.0
8875760991,2195,1782900469,10182706.0,Team Hungary,10182773.0,Team Romania,19885,Road to ENC 2026 Regional Qualifiers,1116159.0,1.0,12,38,False,22.0
8875760957,2591,1782900324,10186464.0,Team Belgium,10164510.0,Norge,19885,Road to ENC 2026 Regional Qualifiers,1116158.0,1.0,34,49,False,22.0
8875757609,1712,1782900188,8532176.0,GREECE,10182654.0,LATVIA,19885,Road to ENC 2026 Regional Qualifiers,1116157.0,1.0,23,11,True,22.0
8875738350,2478,1782899565,10186547.0,Team Thailand,10186715.0,Myanmar,19885,Road to ENC 2026 Regional Qualifiers,1116155.0,1.0,19,30,False,22.0
8875704701,2167,1782896741,10182485.0,Team Bangladesh,10182476.0,INDIA,19885,Road to ENC 2026 Regional Qualifiers,1116145.0,1.0,17,55,False,22.0
8875703679,784,1782896676,10182601.0,Team Pakistan,10182648.0,Mongolia,19885,Road to ENC 2026 Regional Qualifiers,1116144.0,1.0,3,17,False,22.0
8875699550,2435,1782896506,9855768.0,Türkiye,10182755.0,Team Iran,19885,Road to ENC 2026 Regional Qualifiers,1116152.0,1.0,23,34,False,22.0
8875666922,2497,1782894345,10182498.0,Team Philippines,10186547.0,Team Thailand,19885,Road to ENC 2026 Regional Qualifiers,1116138.0,1.0,36,13,True,22.0
8875646769,2242,1782892958,10182476.0,INDIA,10182485.0,Team Bangladesh,19885,Road to ENC 2026 Regional Qualifiers,1116145.0,1.0,26,24,True,22.0
8875644021,1752,1782893049,10182601.0,Team Pakistan,10182648.0,Mongolia,19885,Road to ENC 2026 Regional Qualifiers,1116144.0,1.0,11,53,False,22.0
8875615720,1915,1782890675,10186547.0,Team Thailand,10182498.0,Team Philippines,19885,Road to ENC 2026 Regional Qualifiers,1116138.0,1.0,21,3,True,22.0
8875607269,2097,1782890035,8193371.0,Myanmar,10182469.0,Australia,19885,Road to ENC 2026 Regional Qualifiers,1116139.0,1.0,38,13,True,22.0
8875558870,1546,1782887168,8193371.0,Myanmar,10182469.0,Australia,19885,Road to ENC 2026 Regional Qualifiers,1116139.0,1.0,37,5,True,22.0
8875557483,2816,1782886087,10182498.0,Team Philippines,10186547.0,Team Thailand,19885,Road to ENC 2026 Regional Qualifiers,1116138.0,1.0,18,19,True,22.0
8875439021,2263,1782874656,10182710.0,COLOMBIA,10182810.0,Argentina,19885,Road to ENC 2026 Regional Qualifiers,1116091.0,1.0,22,54,False,22.0
8875382139,3586,1782868839,10182810.0,Argentina,10182710.0,COLOMBIA,19885,Road to ENC 2026 Regional Qualifiers,1116091.0,1.0,50,43,False,22.0
8875381884,1714,1782868812,10186492.0,Ecuador,10186497.0,CHILE,19885,Road to ENC 2026 Regional Qualifiers,1116095.0,1.0,38,19,True,22.0
8875372362,2266,1782867863,10182650.0,Costa Rica,10186491.0,Cuba,19885,Road to ENC 2026 Regional Qualifiers,1116092.0,1.0,26,52,False,22.0
8875342006,2012,1782865151,10186492.0,Ecuador,10186497.0,CHILE,19885,Road to ENC 2026 Regional Qualifiers,1116095.0,1.0,39,16,True,22.0
8875336162,1968,1782864225,10186491.0,Cuba,10182650.0,Costa Rica,19885,Road to ENC 2026 Regional Qualifiers,1116092.0,1.0,56,20,True,22.0
8875335610,2681,1782864446,10182710.0,COLOMBIA,10182810.0,Argentina,19885,Road to ENC 2026 Regional Qualifiers,1116091.0,1.0,27,48,False,22.0
8875290762,2517,1782860651,10182524.0,Team Nigeria,10182851.0,Team Kenya,19885,Road to ENC 2026 Regional Qualifiers,1116077.0,1.0,45,25,True,22.0
8875279981,2910,1782859392,10186683.0,PARAGUAY ,10186497.0,CHILE,19885,Road to ENC 2026 Regional Qualifiers,1116074.0,1.0,44,57,False,22.0
8875272998,2377,1782858846,10182793.0,Switzerland,10177742.0,Great Britain,19885,Road to ENC 2026 Regional Qualifiers,1116073.0,1.0,24,64,False,22.0
8875264186,3202,1782858186,10182752.0,Guatemala,10182650.0,Costa Rica,19885,Road to ENC 2026 Regional Qualifiers,1116070.0,1.0,55,78,False,22.0
8875256706,1751,1782857642,10186432.0,Algeria,10182459.0,Georgia,19885,Road to ENC 2026 Regional Qualifiers,1116061.0,1.0,6,34,False,22.0
8875254019,1924,1782857443,10182892.0,Mexico,10182514.0,Canada,19885,Road to ENC 2026 Regional Qualifiers,1116069.0,1.0,11,41,False,22.0
8875248292,597,1782857034,8795230.0,Panama,10186491.0,Cuba,19885,Road to ENC 2026 Regional Qualifiers,1116068.0,1.0,3,21,False,22.0
8875229263,2411,1782855554,10182851.0,Team Kenya,10182524.0,Team Nigeria,19885,Road to ENC 2026 Regional Qualifiers,1116062.0,1.0,30,51,False,22.0
8875216877,1984,1782855593,10186683.0,PARAGUAY ,10186497.0,CHILE,19885,Road to ENC 2026 Regional Qualifiers,1116074.0,1.0,28,52,False,22.0
8875215366,2042,1782855013,10177742.0,Great Britain,10182793.0,Switzerland,19885,Road to ENC 2026 Regional Qualifiers,1116073.0,1.0,54,25,True,22.0
8875200893,1763,1782854276,10182650.0,Costa Rica,10182752.0,Guatemala,19885,Road to ENC 2026 Regional Qualifiers,1116070.0,1.0,50,16,True,22.0
8875196822,1642,1782853806,10182514.0,Canada,10182892.0,Mexico,19885,Road to ENC 2026 Regional Qualifiers,1116069.0,1.0,30,6,True,22.0
8875191845,789,1782853652,10186491.0,Cuba,8795230.0,Panama,19885,Road to ENC 2026 Regional Qualifiers,1116068.0,1.0,18,4,True,22.0
8875161118,2735,1782851934,10182459.0,Georgia,10186431.0,Algeria,19885,Road to ENC 2026 Regional Qualifiers,1116067.0,1.0,37,13,True,22.0
8875149050,2123,1782851370,10182851.0,Team Kenya,10182524.0,Team Nigeria,19885,Road to ENC 2026 Regional Qualifiers,1116062.0,1.0,43,22,True,22.0
8875145072,2122,1782851256,10186464.0,Team Belgium,10182501.0,Team Portugal,19885,Road to ENC 2026 Regional Qualifiers,1116027.0,1.0,34,12,True,22.0
8875120208,1719,1782850069,10182793.0,Switzerland,10182715.0,Team Ireland,19885,Road to ENC 2026 Regional Qualifiers,1116043.0,1.0,52,12,True,22.0
8875098637,2020,1782849125,10182732.0,Team Saudi Arabia,9855768.0,Türkiye,19885,Road to ENC 2026 Regional Qualifiers,1116035.0,1.0,33,55,False,22.0
8875081913,2801,1782848383,10182654.0,LATVIA,9055189.0,Croatia,19885,Road to ENC 2026 Regional Qualifiers,1116021.0,1.0,42,39,True,22.0
8875050228,2728,1782847014,10186464.0,Team Belgium,10182501.0,Team Portugal,19885,Road to ENC 2026 Regional Qualifiers,1116027.0,1.0,35,50,False,22.0
8875024911,2073,1782846304,10182715.0,Team Ireland,10182793.0,Switzerland,19885,Road to ENC 2026 Regional Qualifiers,1116043.0,1.0,12,33,False,22.0
8875001720,1697,1782845072,2239113.0,Team Zambia (ZAM),10182524.0,Team Nigeria,19885,Road to ENC 2026 Regional Qualifiers,1116038.0,1.0,21,31,False,22.0
8874986809,1757,1782845655,9855768.0,Türkiye,10182732.0,Team Saudi Arabia,19885,Road to ENC 2026 Regional Qualifiers,1116035.0,1.0,63,11,True,22.0
8874975868,1175,1782843835,10182851.0,Team Kenya,10186458.0,TEAM MALAWI,19885,Road to ENC 2026 Regional Qualifiers,1116008.0,1.0,50,3,True,22.0
8874970148,4200,1782843592,10182459.0,Georgia,10182713.0,Team Uzbekistan,19885,Road to ENC 2026 Regional Qualifiers,1116001.0,1.0,53,49,True,22.0
8874963926,1775,1782843328,5095368.0,Israel,10182706.0,Team Hungary,19885,Road to ENC 2026 Regional Qualifiers,1116004.0,1.0,16,45,False,22.0
8874959435,1989,1782843277,10186464.0,Team Belgium,10182501.0,Team Portugal,19885,Road to ENC 2026 Regional Qualifiers,1116027.0,1.0,59,15,True,22.0
8874951934,1543,1782842824,10182738.0,Team Madagascar,10182748.0,Team South Africa,19885,Road to ENC 2026 Regional Qualifiers,1116006.0,1.0,6,33,False,22.0
8874948518,3912,1782842770,9055189.0,Croatia,10182654.0,LATVIA,19885,Road to ENC 2026 Regional Qualifiers,1116021.0,1.0,48,61,False,22.0
8874908695,2520,1782841268,10182519.0,Team France,10177742.0,Great Britain,19885,Road to ENC 2026 Regional Qualifiers,1115979.0,1.0,32,7,True,22.0
8874903366,2507,1782840976,10182486.0,Iceland ,10182793.0,Switzerland,19885,Road to ENC 2026 Regional Qualifiers,1115983.0,1.0,9,29,False,22.0
8874882061,1437,1782839898,10182851.0,Team Kenya,10186458.0,TEAM MALAWI,19885,Road to ENC 2026 Regional Qualifiers,1116008.0,1.0,66,15,True,22.0
8874864197,2138,1782839229,2239113.0,Team Zambia (ZAM),10182524.0,Team Nigeria,19885,Road to ENC 2026 Regional Qualifiers,1116007.0,1.0,23,50,False,22.0
8874860062,2106,1782839150,10182748.0,Team South Africa,10182738.0,Team Madagascar,19885,Road to ENC 2026 Regional Qualifiers,1116006.0,1.0,49,11,True,22.0
8874857236,2279,1782839075,10182706.0,Team Hungary,5095368.0,Israel,19885,Road to ENC 2026 Regional Qualifiers,1116004.0,1.0,27,11,True,22.0
8874853800,3445,1782838762,10182678.0,Team Azerbaijan,10182732.0,Team Saudi Arabia,19885,Road to ENC 2026 Regional Qualifiers,1115980.0,1.0,38,52,False,22.0
8874852927,2604,1782838896,10182713.0,Team Uzbekistan,10182459.0,Georgia,19885,Road to ENC 2026 Regional Qualifiers,1116001.0,1.0,13,43,False,22.0
8874847034,2324,1782838488,10182492.0,Kyrgyzstan,10182755.0,Team Iran,19885,Road to ENC 2026 Regional Qualifiers,1115978.0,1.0,33,27,True,22.0
8874844468,2214,1782838385,10182501.0,Team Portugal,10182460.0,Team Italy,19885,Road to ENC 2026 Regional Qualifiers,1115982.0,1.0,35,12,True,22.0
8874837548,1873,1782838134,9055189.0,Croatia,8830114.0,Team Kosova,19885,Road to ENC 2026 Regional Qualifiers,1116000.0,1.0,39,14,True,22.0
8874815986,2238,1782837306,8838495.0,Lithuania,10182654.0,LATVIA,19885,Road to ENC 2026 Regional Qualifiers,1115956.0,1.0,17,45,False,22.0
8874793138,2700,1782836417,10182486.0,Iceland ,10182793.0,Switzerland,19885,Road to ENC 2026 Regional Qualifiers,1115983.0,1.0,16,40,False,22.0
8874787481,2485,1782836207,10182897.0,New Zealand,10182469.0,Australia,19885,Road to ENC 2026 Regional Qualifiers,1115974.0,1.0,19,37,False,22.0
8874785195,3237,1782836120,10182519.0,Team France,10177742.0,Great Britain,19885,Road to ENC 2026 Regional Qualifiers,1115979.0,1.0,28,50,False,22.0
8874775164,1751,1782835760,10182496.0,Team Finland,10164510.0,Norge,19885,Road to ENC 2026 Regional Qualifiers,1115981.0,1.0,51,11,True,22.0
8874758545,1736,1782835160,10182860.0,Kosovo Team,9055189.0,Croatia,19885,Road to ENC 2026 Regional Qualifiers,1115962.0,1.0,16,36,False,22.0
8874756841,2534,1782835097,10182693.0,Lebanon,10186431.0,Algeria,19885,Road to ENC 2026 Regional Qualifiers,1115950.0,1.0,38,22,True,22.0
8874717635,2772,1782833686,10182773.0,Team Romania,10182639.0,Serbia,19885,Road to ENC 2026 Regional Qualifiers,1115953.0,1.0,18,44,False,22.0
8874711344,1971,1782833464,10182654.0,LATVIA,8838495.0,Lithuania,19885,Road to ENC 2026 Regional Qualifiers,1115956.0,1.0,31,17,True,22.0
8874709781,1068,1782833409,10182713.0,Team Uzbekistan,10176802.0,Syria,19885,Road to ENC 2026 Regional Qualifiers,1115989.0,1.0,22,14,True,22.0
8874687459,1609,1782832627,10182833.0,Czech Republic,8532176.0,GREECE,19885,Road to ENC 2026 Regional Qualifiers,1115949.0,1.0,34,11,True,22.0
8874683539,3010,1782832491,5095368.0,Israel,,,19885,Road to ENC 2026 Regional Qualifiers,0.0,0.0,42,51,True,22.0
8874675861,2061,1782832226,10182459.0,Georgia,10182482.0,Team Tajikistan,19885,Road to ENC 2026 Regional Qualifiers,1115958.0,1.0,51,23,True,22.0
8874673799,1470,1782832157,10186456.0,Egypt,9855768.0,Türkiye,19885,Road to ENC 2026 Regional Qualifiers,1115951.0,1.0,24,36,False,22.0
8874662127,2623,1782831826,10182486.0,Iceland ,10182793.0,Switzerland,19885,Road to ENC 2026 Regional Qualifiers,1115983.0,1.0,30,30,True,22.0
8874661091,2070,1782831717,10164510.0,Norge,10182496.0,Team Finland,19885,Road to ENC 2026 Regional Qualifiers,1115981.0,1.0,21,43,False,22.0
8874655281,4737,1782831584,10182460.0,Team Italy,10182501.0,Team Portugal,19885,Road to ENC 2026 Regional Qualifiers,1115982.0,1.0,46,42,False,22.0
8874651929,4918,1782831449,10182732.0,Team Saudi Arabia,10182678.0,Team Azerbaijan,19885,Road to ENC 2026 Regional Qualifiers,1115980.0,1.0,65,43,True,22.0
8874650382,2799,1782831618,10177742.0,Great Britain,10182519.0,Team France,19885,Road to ENC 2026 Regional Qualifiers,1115979.0,1.0,19,30,False,22.0
8874648320,2231,1782831873,10182755.0,Team Iran,10182492.0,Kyrgyzstan,19885,Road to ENC 2026 Regional Qualifiers,1115978.0,1.0,18,31,False,22.0
8874607031,3471,1782829976,10182469.0,Australia,10182897.0,New Zealand,19885,Road to ENC 2026 Regional Qualifiers,1115974.0,1.0,45,41,True,22.0
8874598277,2138,1782829769,10182706.0,Team Hungary,10182699.0,Team Estonia,19885,Road to ENC 2026 Regional Qualifiers,1115969.0,1.0,29,19,True,22.0
8874580039,4256,1782829007,9055189.0,Croatia,10182860.0,Kosovo Team,19885,Road to ENC 2026 Regional Qualifiers,1115962.0,1.0,56,76,False,22.0
8874579569,2339,1782829169,10182458.0,Team Syria,10182713.0,Team Uzbekistan,19885,Road to ENC 2026 Regional Qualifiers,1115963.0,1.0,25,53,False,22.0
8874571910,1415,1782828742,9855768.0,Türkiye,10186456.0,Egypt,19885,Road to ENC 2026 Regional Qualifiers,1115951.0,1.0,38,8,True,22.0
8874568759,1890,1782828678,5095368.0,Israel,8207902.0,Slovakia,19885,Road to ENC 2026 Regional Qualifiers,1115959.0,1.0,61,27,True,22.0
8874567958,1680,1782828663,10182459.0,Georgia,10182482.0,Team Tajikistan,19885,Road to ENC 2026 Regional Qualifiers,1115958.0,1.0,37,17,True,22.0
8874567090,3063,1782828631,8838495.0,Lithuania,10182654.0,LATVIA,19885,Road to ENC 2026 Regional Qualifiers,1115956.0,1.0,37,19,True,22.0
8874561997,2759,1782828850,10182639.0,Serbia,10182773.0,Team Romania,19885,Road to ENC 2026 Regional Qualifiers,1115953.0,1.0,32,44,True,22.0
8874557399,3756,1782828334,10186431.0,Algeria,10182693.0,Lebanon,19885,Road to ENC 2026 Regional Qualifiers,1115950.0,1.0,24,41,False,22.0
8874556820,2359,1782828611,8532176.0,GREECE,10182833.0,Czech Republic,19885,Road to ENC 2026 Regional Qualifiers,1115949.0,1.0,18,43,False,22.0
8874470795,1894,1782825308,10182469.0,Australia,10186547.0,Team Thailand,19885,Road to ENC 2026 Regional Qualifiers,1115901.0,1.0,22,43,False,22.0
8874465466,2297,1782825160,8193371.0,Myanmar,10182498.0,Team Philippines,19885,Road to ENC 2026 Regional Qualifiers,1115893.0,1.0,15,30,False,22.0
8874387446,2021,1782822294,10182601.0,Team Pakistan,10182485.0,Team Bangladesh,19885,Road to ENC 2026 Regional Qualifiers,1115894.0,1.0,41,21,True,22.0
8874371458,1581,1782821702,10182498.0,Team Philippines,8193371.0,Myanmar,19885,Road to ENC 2026 Regional Qualifiers,1115893.0,1.0,37,8,True,22.0
8874332780,2225,1782820806,10186547.0,Team Thailand,10182469.0,Australia,19885,Road to ENC 2026 Regional Qualifiers,1115901.0,1.0,36,24,True,22.0
8874265084,2416,1782817318,8193371.0,Myanmar,10182498.0,Team Philippines,19885,Road to ENC 2026 Regional Qualifiers,1115893.0,1.0,25,24,True,22.0
8874195797,1623,1782813626,10182476.0,INDIA,10182648.0,Mongolia,19885,Road to ENC 2026 Regional Qualifiers,1115885.0,1.0,12,35,False,22.0
8874192095,1814,1782813422,10182897.0,New Zealand,8193371.0,Myanmar,19885,Road to ENC 2026 Regional Qualifiers,1115884.0,1.0,13,37,False,22.0
8874136202,1537,1782810435,10182476.0,INDIA,10182648.0,Mongolia,19885,Road to ENC 2026 Regional Qualifiers,1115885.0,1.0,12,50,False,22.0
8874135510,1252,1782810301,8193371.0,Myanmar,10182897.0,New Zealand,19885,Road to ENC 2026 Regional Qualifiers,1115884.0,1.0,37,6,True,22.0
8873843108,1651,1782786611,10182752.0,Guatemala,10182514.0,Canada,19885,Road to ENC 2026 Regional Qualifiers,1115848.0,1.0,11,50,False,22.0
8873822900,1118,1782784708,10182824.0,Peru,10182810.0,Argentina,19885,Road to ENC 2026 Regional Qualifiers,1115844.0,1.0,34,15,True,22.0
8873815126,2612,1782783967,10186491.0,Cuba,10182892.0,Mexico,19885,Road to ENC 2026 Regional Qualifiers,1115828.0,1.0,29,40,False,22.0
8873810098,1585,1782783515,10182752.0,Guatemala,10182514.0,Canada,19885,Road to ENC 2026 Regional Qualifiers,1115848.0,1.0,3,42,False,22.0
8873805728,2477,1782783034,10182705.0,Bolivia ,10186492.0,Ecuador,19885,Road to ENC 2026 Regional Qualifiers,1115815.0,1.0,29,19,True,22.0
8873801034,1016,1782782603,10182810.0,Argentina,10182824.0,Peru,19885,Road to ENC 2026 Regional Qualifiers,1115844.0,1.0,4,17,False,22.0
8873780585,1894,1782780605,10182877.0,Honduras,10182650.0,Costa Rica,19885,Road to ENC 2026 Regional Qualifiers,1115830.0,1.0,29,50,False,22.0
8873773878,2399,1782780087,10186491.0,Cuba,10182892.0,Mexico,19885,Road to ENC 2026 Regional Qualifiers,1115828.0,1.0,50,17,True,22.0
8873751620,2871,1782777937,10182752.0,Guatemala,8795230.0,Panama,19885,Road to ENC 2026 Regional Qualifiers,1115800.0,1.0,38,34,True,22.0
8873744585,2004,1782778163,10186492.0,Ecuador,10182705.0,Bolivia ,19885,Road to ENC 2026 Regional Qualifiers,1115815.0,1.0,13,34,False,22.0
8873737868,2374,1782776775,10182810.0,Argentina,10186497.0,CHILE,19885,Road to ENC 2026 Regional Qualifiers,1115805.0,1.0,43,15,True,22.0
8873720958,2445,1782775435,10182650.0,Costa Rica,10182892.0,Mexico,19885,Road to ENC 2026 Regional Qualifiers,1115792.0,1.0,21,41,False,22.0
8873707265,2314,1782774160,8795230.0,Panama,10182752.0,Guatemala,19885,Road to ENC 2026 Regional Qualifiers,1115800.0,1.0,40,21,True,22.0
8873692887,1532,1782773042,10182705.0,Bolivia ,10182710.0,COLOMBIA,19885,Road to ENC 2026 Regional Qualifiers,1115794.0,1.0,50,18,True,22.0
8873686778,2616,1782772591,10182810.0,Argentina,10186497.0,CHILE,19885,Road to ENC 2026 Regional Qualifiers,1115805.0,1.0,36,28,True,22.0
8873675456,2996,1782771803,10182656.0,Venezuela,10186492.0,Ecuador,19885,Road to ENC 2026 Regional Qualifiers,1115791.0,1.0,34,50,False,22.0
8873673556,1642,1782771679,10186491.0,Cuba,10182877.0,Honduras,19885,Road to ENC 2026 Regional Qualifiers,1115799.0,1.0,51,17,True,22.0
8873670974,2226,1782771520,10182650.0,Costa Rica,10182892.0,Mexico,19885,Road to ENC 2026 Regional Qualifiers,1115792.0,1.0,11,45,False,22.0
8873627157,3290,1782768819,10182752.0,Guatemala,8795230.0,Panama,19885,Road to ENC 2026 Regional Qualifiers,1115800.0,1.0,47,37,True,22.0
8873620985,1004,1782768535,10182877.0,Honduras,10186491.0,Cuba,19885,Road to ENC 2026 Regional Qualifiers,1115799.0,1.0,7,42,False,22.0
8873616290,1575,1782768194,10182524.0,Team Nigeria,10182738.0,Team Madagascar,19885,Road to ENC 2026 Regional Qualifiers,1115777.0,1.0,7,38,False,22.0
8873603292,2390,1782767604,10182710.0,COLOMBIA,10182705.0,Bolivia ,19885,Road to ENC 2026 Regional Qualifiers,1115794.0,1.0,23,32,False,22.0
8873600727,3210,1782767509,8215874.0,CHILE,10182810.0,Argentina,19885,Road to ENC 2026 Regional Qualifiers,1115793.0,1.0,41,27,True,22.0
8873595214,2095,1782767120,10186492.0,Ecuador,10182656.0,Venezuela,19885,Road to ENC 2026 Regional Qualifiers,1115791.0,1.0,35,11,True,22.0
8873594081,2288,1782767187,10182650.0,Costa Rica,10182892.0,Mexico,19885,Road to ENC 2026 Regional Qualifiers,1115792.0,1.0,38,24,True,22.0
8873566773,2840,1782766015,10186464.0,Team Belgium,10182519.0,Team France,19885,Road to ENC 2026 Regional Qualifiers,1115729.0,1.0,41,53,False,22.0
8873538445,1729,1782764606,10182738.0,Team Madagascar,10182524.0,Team Nigeria,19885,Road to ENC 2026 Regional Qualifiers,1115777.0,1.0,36,5,True,22.0
8873521239,780,1782763814,10186458.0,TEAM MALAWI,10182748.0,Team South Africa,19885,Road to ENC 2026 Regional Qualifiers,1115759.0,1.0,4,29,False,22.0
8873519314,2393,1782763732,10182459.0,Georgia,10182755.0,Team Iran,19885,Road to ENC 2026 Regional Qualifiers,1115735.0,1.0,17,29,False,22.0
8873508536,1968,1782763280,10164510.0,Norge,10182715.0,Team Ireland,19885,Road to ENC 2026 Regional Qualifiers,1115740.0,1.0,41,15,True,22.0
8873491003,2685,1782762556,10182519.0,Team France,10186464.0,Team Belgium,19885,Road to ENC 2026 Regional Qualifiers,1115729.0,1.0,27,49,False,22.0
8873473463,964,1782761827,10182748.0,Team South Africa,10186458.0,TEAM MALAWI,19885,Road to ENC 2026 Regional Qualifiers,1115759.0,1.0,54,5,True,22.0
8873447296,2684,1782761294,10182713.0,Team Uzbekistan,10182492.0,Kyrgyzstan,19885,Road to ENC 2026 Regional Qualifiers,1115703.0,1.0,30,47,False,22.0
8873427999,1758,1782759997,10182501.0,Team Portugal,10177742.0,Great Britain,19885,Road to ENC 2026 Regional Qualifiers,1115727.0,1.0,15,47,False,22.0
8873423551,1625,1782759816,10182732.0,Team Saudi Arabia,10182032.0,Team Turkmenistan,19885,Road to ENC 2026 Regional Qualifiers,1115731.0,1.0,40,20,True,22.0
8873396816,1855,1782758664,10186432.0,Algeria,10182678.0,Team Azerbaijan,19885,Road to ENC 2026 Regional Qualifiers,1115723.0,1.0,40,16,True,22.0
8873393989,2439,1782758544,10182851.0,Team Kenya,10182524.0,Team Nigeria,19885,Road to ENC 2026 Regional Qualifiers,1115711.0,1.0,29,50,False,22.0
8873385811,2824,1782758283,10182715.0,Team Ireland,10164510.0,Norge,19885,Road to ENC 2026 Regional Qualifiers,1115740.0,1.0,23,43,False,22.0
8873379777,2279,1782757943,9586367.0,Tunisia,10182482.0,Team Tajikistan,19885,Road to ENC 2026 Regional Qualifiers,1115738.0,1.0,29,42,False,22.0
8873363935,4034,1782757357,10182755.0,Team Iran,10182459.0,Georgia,19885,Road to ENC 2026 Regional Qualifiers,1115735.0,1.0,36,40,True,22.0
8873363321,1312,1782757249,8532176.0,GREECE,5095368.0,Israel,19885,Road to ENC 2026 Regional Qualifiers,1115707.0,1.0,31,6,True,22.0
8873362808,1357,1782757229,10182693.0,Lebanon,10186456.0,Egypt,19885,Road to ENC 2026 Regional Qualifiers,1115714.0,1.0,40,7,True,22.0
8873357441,1875,1782757000,10182492.0,Kyrgyzstan,10182713.0,Team Uzbekistan,19885,Road to ENC 2026 Regional Qualifiers,1115703.0,1.0,55,11,True,22.0
8873353406,1564,1782756885,10182032.0,Team Turkmenistan,10182732.0,Team Saudi Arabia,19885,Road to ENC 2026 Regional Qualifiers,1115731.0,1.0,15,48,False,22.0
8873350428,1305,1782756709,9855768.0,Türkiye,10182769.0,Palestine,19885,Road to ENC 2026 Regional Qualifiers,1115710.0,1.0,58,19,True,22.0
8873346669,624,1782756554,2239113.0,Team Zambia (ZAM),10182748.0,Team South Africa,19885,Road to ENC 2026 Regional Qualifiers,1115709.0,1.0,4,20,False,22.0
8873337558,2618,1782756178,10182706.0,Team Hungary,10182833.0,Czech Republic,19885,Road to ENC 2026 Regional Qualifiers,1115706.0,1.0,36,46,False,22.0
8873335099,2551,1782756500,10186464.0,Team Belgium,10182519.0,Team France,19885,Road to ENC 2026 Regional Qualifiers,1115729.0,1.0,16,33,False,22.0
8873333691,1638,1782756073,10182501.0,Team Portugal,10177742.0,Great Britain,19885,Road to ENC 2026 Regional Qualifiers,1115727.0,1.0,10,39,False,22.0
8873333547,1432,1782756014,10182496.0,Team Finland,10182793.0,Switzerland,19885,Road to ENC 2026 Regional Qualifiers,1115702.0,1.0,48,16,True,22.0
8873332154,1674,1782755956,10182639.0,Serbia,10182654.0,LATVIA,19885,Road to ENC 2026 Regional Qualifiers,1115704.0,1.0,30,13,True,22.0
8873325444,1302,1782755684,9055189.0,Croatia,10182773.0,Team Romania,19885,Road to ENC 2026 Regional Qualifiers,1115701.0,1.0,19,35,False,22.0
8873317055,1275,1782755394,10186432.0,Algeria,10182678.0,Team Azerbaijan,19885,Road to ENC 2026 Regional Qualifiers,1115723.0,1.0,35,7,True,22.0
8873309921,1469,1782755056,10182699.0,Team Estonia,2500088.0,Slovenia,19885,Road to ENC 2026 Regional Qualifiers,1115700.0,1.0,41,12,True,22.0
8873309821,1208,1782755083,10182482.0,Team Tajikistan,9586367.0,Tunisia,19885,Road to ENC 2026 Regional Qualifiers,1115720.0,1.0,41,13,True,22.0
8873306881,2336,1782754930,10186455.0,TEAM CAMEROON,10186458.0,TEAM MALAWI,19885,Road to ENC 2026 Regional Qualifiers,1115715.0,1.0,36,55,False,22.0
8873294642,1305,1782754487,10186456.0,Egypt,10182693.0,Lebanon,19885,Road to ENC 2026 Regional Qualifiers,1115714.0,1.0,2,25,False,22.0
8873285118,2181,1782754055,10182524.0,Team Nigeria,10182851.0,Team Kenya,19885,Road to ENC 2026 Regional Qualifiers,1115711.0,1.0,33,13,True,22.0
8873278115,1247,1782753806,10182769.0,Palestine,9855768.0,Türkiye,19885,Road to ENC 2026 Regional Qualifiers,1115710.0,1.0,6,46,False,22.0
8873277793,800,1782753818,10182748.0,Team South Africa,2239113.0,Team Zambia (ZAM),19885,Road to ENC 2026 Regional Qualifiers,1115709.0,1.0,28,0,True,22.0
8873262674,1939,1782753562,5095368.0,Israel,8532176.0,GREECE,19885,Road to ENC 2026 Regional Qualifiers,1115707.0,1.0,10,45,False,22.0
8873253736,1434,1782752897,10182755.0,Team Iran,10182732.0,Team Saudi Arabia,19885,Road to ENC 2026 Regional Qualifiers,1115676.0,1.0,46,12,True,22.0
8873250407,1459,1782752809,10182706.0,Team Hungary,10182833.0,Czech Republic,19885,Road to ENC 2026 Regional Qualifiers,1115706.0,1.0,11,38,False,22.0
8873249525,1636,1782752649,10182496.0,Team Finland,10182793.0,Switzerland,19885,Road to ENC 2026 Regional Qualifiers,1115702.0,1.0,54,8,True,22.0
8873248383,1574,1782752767,10182639.0,Serbia,10182654.0,LATVIA,19885,Road to ENC 2026 Regional Qualifiers,1115704.0,1.0,24,8,True,22.0
8873246048,2272,1782752765,10182713.0,Team Uzbekistan,10182492.0,Kyrgyzstan,19885,Road to ENC 2026 Regional Qualifiers,1115703.0,1.0,38,21,True,22.0
8873232736,2098,1782752074,9055189.0,Croatia,10182773.0,Team Romania,19885,Road to ENC 2026 Regional Qualifiers,1115701.0,1.0,24,50,False,22.0
8873223705,1672,1782751706,10182699.0,Team Estonia,2500088.0,Slovenia,19885,Road to ENC 2026 Regional Qualifiers,1115700.0,1.0,37,13,True,22.0
8873202792,5232,1782750887,10182715.0,Team Ireland,10182460.0,Team Italy,19885,Road to ENC 2026 Regional Qualifiers,1115679.0,1.0,62,51,True,22.0
8873154946,2499,1782749307,10182458.0,Team Syria,9517326.0,Egypt,19885,Road to ENC 2026 Regional Qualifiers,1115662.0,1.0,39,66,False,22.0
8873143287,1630,1782748822,10182486.0,Iceland ,10182519.0,Team France,19885,Road to ENC 2026 Regional Qualifiers,1115680.0,1.0,13,32,False,22.0
8873136109,3541,1782748573,10182482.0,Team Tajikistan,10182678.0,Team Azerbaijan,19885,Road to ENC 2026 Regional Qualifiers,1115666.0,1.0,41,53,False,22.0
8873134972,2025,1782748536,10182755.0,Team Iran,10182732.0,Team Saudi Arabia,19885,Road to ENC 2026 Regional Qualifiers,1115676.0,1.0,12,25,False,22.0
8873111382,2093,1782747743,10182654.0,LATVIA,8207902.0,Slovakia,19885,Road to ENC 2026 Regional Qualifiers,1115665.0,1.0,56,15,True,22.0
8873090446,2460,1782747052,10182492.0,Kyrgyzstan,9855768.0,Türkiye,19885,Road to ENC 2026 Regional Qualifiers,1115658.0,1.0,51,35,True,22.0
8873085721,1372,1782746898,9055189.0,Croatia,2500088.0,Slovenia,19885,Road to ENC 2026 Regional Qualifiers,1115669.0,1.0,65,15,True,22.0
8873084933,1783,1782746873,10182713.0,Team Uzbekistan,10182769.0,Palestine,19885,Road to ENC 2026 Regional Qualifiers,1115670.0,1.0,65,20,True,22.0
8873074159,2028,1782746523,5095368.0,Israel,8838495.0,Lithuania,19885,Road to ENC 2026 Regional Qualifiers,1115664.0,1.0,43,16,True,22.0
8873067083,1826,1782746298,10186431.0,Algeria,9586367.0,Tunisia,19885,Road to ENC 2026 Regional Qualifiers,1115683.0,1.0,34,11,True,22.0
8873061977,1297,1782746135,10182032.0,Team Turkmenistan,10182459.0,Georgia,19885,Road to ENC 2026 Regional Qualifiers,1115660.0,1.0,16,56,False,22.0
8873060145,1790,1782746079,9517326.0,Egypt,10182458.0,Team Syria,19885,Road to ENC 2026 Regional Qualifiers,1115662.0,1.0,62,14,True,22.0
8873041404,2518,1782745492,10182860.0,Kosovo Team,10182706.0,Team Hungary,19885,Road to ENC 2026 Regional Qualifiers,1115659.0,1.0,22,38,False,22.0
8873034096,1249,1782745528,10182519.0,Team France,10182486.0,Iceland ,19885,Road to ENC 2026 Regional Qualifiers,1115680.0,1.0,32,5,True,22.0
8873031100,2893,1782745833,10182460.0,Team Italy,10182715.0,Team Ireland,19885,Road to ENC 2026 Regional Qualifiers,1115679.0,1.0,21,22,False,22.0
8872983345,2483,1782743725,10182732.0,Team Saudi Arabia,10182755.0,Team Iran,19885,Road to ENC 2026 Regional Qualifiers,1115676.0,1.0,24,46,False,22.0
8872968440,1299,1782743216,9055189.0,Croatia,2500088.0,Slovenia,19885,Road to ENC 2026 Regional Qualifiers,1115669.0,1.0,39,13,True,22.0
8872959540,1158,1782743070,10182713.0,Team Uzbekistan,10182769.0,Palestine,19885,Road to ENC 2026 Regional Qualifiers,1115670.0,1.0,35,6,True,22.0
8872953252,2782,1782742867,10182482.0,Team Tajikistan,10182678.0,Team Azerbaijan,19885,Road to ENC 2026 Regional Qualifiers,1115666.0,1.0,35,52,False,22.0
8872946542,2515,1782742693,8207902.0,Slovakia,10182654.0,LATVIA,19885,Road to ENC 2026 Regional Qualifiers,1115665.0,1.0,13,56,False,22.0
8872943566,2246,1782742608,8838495.0,Lithuania,5095368.0,Israel,19885,Road to ENC 2026 Regional Qualifiers,1115664.0,1.0,13,39,False,22.0
8872943248,1394,1782742559,9586367.0,Tunisia,10186432.0,Algeria,19885,Road to ENC 2026 Regional Qualifiers,1115663.0,1.0,5,38,False,22.0
8872934751,1908,1782742327,10182458.0,Team Syria,9517326.0,Egypt,19885,Road to ENC 2026 Regional Qualifiers,1115662.0,1.0,38,28,True,22.0
8872932159,1626,1782742291,10182032.0,Team Turkmenistan,10182459.0,Georgia,19885,Road to ENC 2026 Regional Qualifiers,1115660.0,1.0,7,59,False,22.0
8872923482,1385,1782742010,10182860.0,Kosovo Team,10182706.0,Team Hungary,19885,Road to ENC 2026 Regional Qualifiers,1115659.0,1.0,7,29,False,22.0
8872916646,2636,1782742315,9855768.0,Türkiye,10182492.0,Kyrgyzstan,19885,Road to ENC 2026 Regional Qualifiers,1115658.0,1.0,18,56,False,22.0
8871520485,3890,1782667298,10136357.0,Nigma Galaxy ,2576071.0,Yellow Submarine,19892,The International 2026 - Regional Qualifier Europe,1115384.0,1.0,36,27,True,22.0
8871409188,2371,1782663396,2576071.0,Yellow Submarine,10136357.0,Nigma Galaxy ,19892,The International 2026 - Regional Qualifier Europe,1115384.0,1.0,28,22,True,22.0
8871239788,3431,1782658094,10136357.0,Nigma Galaxy ,2576071.0,Yellow Submarine,19892,The International 2026 - Regional Qualifier Europe,1115384.0,1.0,41,30,True,22.0
8871085894,2473,1782653592,10149530.0,HULIGANI,9895392.0,Virtus.pro,19892,The International 2026 - Regional Qualifier Europe,1115295.0,1.0,24,7,True,22.0
8870918906,3946,1782648347,10149530.0,HULIGANI,9895392.0,Virtus.pro,19892,The International 2026 - Regional Qualifier Europe,1115295.0,1.0,29,29,True,22.0
8870805066,2567,1782644383,9895392.0,Virtus.pro,10149530.0,HULIGANI,19892,The International 2026 - Regional Qualifier Europe,1115295.0,1.0,27,7,True,22.0
8869535334,3396,1782579423,55.0,_PowerRangers,2576071.0,Yellow Submarine,19892,The International 2026 - Regional Qualifier Europe,1115067.0,1.0,17,27,False,22.0
8869425699,2292,1782575634,55.0,_PowerRangers,2576071.0,Yellow Submarine,19892,The International 2026 - Regional Qualifier Europe,1115067.0,1.0,13,32,False,22.0
8869278302,2872,1782571199,2576071.0,Yellow Submarine,55.0,_PowerRangers,19892,The International 2026 - Regional Qualifier Europe,1115067.0,1.0,19,35,False,22.0
8869138077,2523,1782566905,36.0,Natus Vincere,10149530.0,HULIGANI,19892,The International 2026 - Regional Qualifier Europe,1114946.0,1.0,20,21,False,22.0
8869032515,2103,1782563399,10149530.0,HULIGANI,36.0,Natus Vincere,19892,The International 2026 - Regional Qualifier Europe,1114946.0,1.0,6,24,False,22.0
8868891396,3781,1782558004,36.0,Natus Vincere,10149530.0,HULIGANI,19892,The International 2026 - Regional Qualifier Europe,1114946.0,1.0,24,36,False,22.0
8868289953,1585,1782522531,9964962.0,GamerLegion,10170769.0,4 Anchors + Ilmeria,19890,The International 2026 - Regional Qualifier North America,1114833.0,2.0,40,11,True,22.0
8868259993,1142,1782519811,10170769.0,4 Anchors + Ilmeria,9964962.0,GamerLegion,19890,The International 2026 - Regional Qualifier North America,1114833.0,2.0,3,26,False,22.0
8868198692,2924,1782515485,10170769.0,4 Anchors + Ilmeria,9964962.0,GamerLegion,19890,The International 2026 - Regional Qualifier North America,1114833.0,2.0,24,50,False,22.0
8868075845,2806,1782508204,10170769.0,4 Anchors + Ilmeria,10170364.0,The Bug,19890,The International 2026 - Regional Qualifier North America,1114804.0,1.0,30,28,True,22.0
8867981437,1543,1782504223,10170364.0,The Bug,10170769.0,4 Anchors + Ilmeria,19890,The International 2026 - Regional Qualifier North America,1114804.0,1.0,8,36,False,22.0
8867798521,2998,1782496758,10164198.0,Team Bald,55.0,_PowerRangers,19892,The International 2026 - Regional Qualifier Europe,1114716.0,1.0,23,41,False,22.0
8867656896,2067,1782492950,55.0,_PowerRangers,10164198.0,Team Bald,19892,The International 2026 - Regional Qualifier Europe,1114716.0,1.0,32,7,True,22.0
8867373444,4739,1782482172,7299465.0,MODUS,2576071.0,Yellow Submarine,19892,The International 2026 - Regional Qualifier Europe,1114643.0,1.0,40,43,False,22.0
8867258849,1984,1782478568,2576071.0,Yellow Submarine,7299465.0,MODUS,19892,The International 2026 - Regional Qualifier Europe,1114643.0,1.0,20,8,True,22.0
8867153677,2564,1782474130,36.0,Natus Vincere,9338413.0,MOUZ,19892,The International 2026 - Regional Qualifier Europe,1114615.0,1.0,23,20,True,22.0
8867047967,3304,1782469212,36.0,Natus Vincere,9338413.0,MOUZ,19892,The International 2026 - Regional Qualifier Europe,1114615.0,1.0,43,31,True,22.0
8866967876,2435,1782464923,9255039.0,enjoy,10149530.0,HULIGANI,19892,The International 2026 - Regional Qualifier Europe,1114607.0,1.0,9,23,False,22.0
8866899443,2525,1782460899,10149530.0,HULIGANI,9255039.0,enjoy,19892,The International 2026 - Regional Qualifier Europe,1114607.0,1.0,24,5,True,22.0
8866595719,1567,1782435829,9964962.0,GamerLegion,10170364.0,The Bug,19890,The International 2026 - Regional Qualifier North America,1114528.0,1.0,50,17,True,22.0
8866565136,1688,1782432703,10170364.0,The Bug,9964962.0,GamerLegion,19890,The International 2026 - Regional Qualifier North America,1114528.0,1.0,11,34,False,22.0
8866547078,881,1782430845,9866136.0,ggboom,10170769.0,4 Anchors + Ilmeria,19890,The International 2026 - Regional Qualifier North America,1114488.0,1.0,20,28,False,22.0
8866367033,3409,1782419894,9866136.0,ggboom,10170769.0,4 Anchors + Ilmeria,19890,The International 2026 - Regional Qualifier North America,1114488.0,1.0,32,63,False,22.0
8866148821,1709,1782408313,9572001.0,TEAM VISION,9895392.0,Virtus.pro,19892,The International 2026 - Regional Qualifier Europe,1114407.0,1.0,29,8,True,22.0
8866059533,2460,1782404232,9572001.0,TEAM VISION,9895392.0,Virtus.pro,19892,The International 2026 - Regional Qualifier Europe,1114407.0,1.0,28,11,True,22.0
8865950637,2963,1782399616,9572001.0,TEAM VISION,9895392.0,Virtus.pro,19892,The International 2026 - Regional Qualifier Europe,1114407.0,1.0,25,30,False,22.0
8865839876,2543,1782395000,10136357.0,Nigma Galaxy ,7119388.0,Team Spirit,19892,The International 2026 - Regional Qualifier Europe,1114331.0,1.0,18,38,False,22.0
8865744992,2470,1782390955,10136357.0,Nigma Galaxy ,7119388.0,Team Spirit,19892,The International 2026 - Regional Qualifier Europe,1114331.0,1.0,18,36,False,22.0
8865634649,3787,1782385247,10136357.0,Nigma Galaxy ,7119388.0,Team Spirit,19892,The International 2026 - Regional Qualifier Europe,1114331.0,1.0,48,24,True,22.0
8865235987,1672,1782347203,9964962.0,GamerLegion,10170769.0,4 Anchors + Ilmeria,19890,The International 2026 - Regional Qualifier North America,1114230.0,1.0,30,22,True,22.0
8865201396,1794,1782344101,10170769.0,4 Anchors + Ilmeria,9964962.0,GamerLegion,19890,The International 2026 - Regional Qualifier North America,1114230.0,1.0,12,38,False,22.0
8865148834,2570,1782338462,9866136.0,ggboom,10170364.0,The Bug,19890,The International 2026 - Regional Qualifier North America,1114208.0,1.0,23,51,False,22.0
8865077196,2761,1782333177,9866136.0,ggboom,10170364.0,The Bug,19890,The International 2026 - Regional Qualifier North America,1114208.0,1.0,12,30,False,22.0
8864910702,2172,1782324518,55.0,_PowerRangers,9572001.0,TEAM VISION,19892,The International 2026 - Regional Qualifier Europe,1114127.0,1.0,23,38,False,22.0
8864836417,1637,1782320853,9572001.0,TEAM VISION,55.0,_PowerRangers,19892,The International 2026 - Regional Qualifier Europe,1114127.0,1.0,41,10,True,22.0
8864725915,3419,1782315673,2576071.0,Yellow Submarine,9895392.0,Virtus.pro,19892,The International 2026 - Regional Qualifier Europe,1114067.0,1.0,19,44,False,22.0
8864636407,2032,1782312100,2576071.0,Yellow Submarine,9895392.0,Virtus.pro,19892,The International 2026 - Regional Qualifier Europe,1114067.0,1.0,14,31,False,22.0
8864540587,2180,1782308432,2576071.0,Yellow Submarine,9895392.0,Virtus.pro,19892,The International 2026 - Regional Qualifier Europe,1114067.0,1.0,34,13,True,22.0
8864423988,3118,1782303363,10163973.0,RE ARISE,10149530.0,HULIGANI,19892,The International 2026 - Regional Qualifier Europe,1114007.0,1.0,35,37,False,22.0
8864356939,1909,1782299980,10149530.0,HULIGANI,10163973.0,RE ARISE,19892,The International 2026 - Regional Qualifier Europe,1114007.0,1.0,30,6,True,22.0
8864282619,2971,1782295409,10163973.0,RE ARISE,10149530.0,HULIGANI,19892,The International 2026 - Regional Qualifier Europe,1114007.0,1.0,30,25,True,22.0
8864236962,1721,1782291882,9338413.0,MOUZ,10019843.0,Inner Circle x Insanity,19892,The International 2026 - Regional Qualifier Europe,1113997.0,1.0,28,5,True,22.0
8864184490,2026,1782288333,10019843.0,Inner Circle x Insanity,9338413.0,MOUZ,19892,The International 2026 - Regional Qualifier Europe,1113997.0,1.0,10,23,False,22.0
8863619325,2289,1782238380,10136357.0,Nigma Galaxy ,36.0,Natus Vincere,19892,The International 2026 - Regional Qualifier Europe,1113827.0,1.0,26,9,True,22.0
8863548385,2290,1782234372,10136357.0,Nigma Galaxy ,36.0,Natus Vincere,19892,The International 2026 - Regional Qualifier Europe,1113827.0,1.0,21,15,True,22.0
8863437217,2770,1782229423,7119388.0,Team Spirit,9255039.0,enjoy,19892,The International 2026 - Regional Qualifier Europe,1113782.0,1.0,41,17,True,22.0
8863338901,2224,1782225504,9255039.0,enjoy,7119388.0,Team Spirit,19892,The International 2026 - Regional Qualifier Europe,1113782.0,1.0,11,34,False,22.0
8863187227,4299,1782218924,9895247.0,Rune Eaters,7299465.0,MODUS,19892,The International 2026 - Regional Qualifier Europe,1113711.0,1.0,33,40,False,22.0
8863110069,2245,1782215075,7299465.0,MODUS,9895247.0,Rune Eaters,19892,The International 2026 - Regional Qualifier Europe,1113711.0,1.0,27,12,True,22.0
8863091025,4111,1782214039,2586976.0,OG,10135834.0,TEAM GRIND,19894,The International 2026 - Regional Qualifier Southeast Asia,1113699.0,2.0,49,28,True,22.0
8863048425,1995,1782211484,9895247.0,Rune Eaters,7299465.0,MODUS,19892,The International 2026 - Regional Qualifier Europe,1113711.0,1.0,20,2,True,22.0
8863006891,3409,1782208621,2586976.0,OG,10135834.0,TEAM GRIND,19894,The International 2026 - Regional Qualifier Southeast Asia,1113699.0,2.0,42,10,True,22.0
8862980143,2723,1782206656,10164198.0,Team Bald,9872558.0,VP.Prodigy,19892,The International 2026 - Regional Qualifier Europe,1113703.0,1.0,55,25,True,22.0
8862950264,2908,1782204312,2586976.0,OG,10135834.0,TEAM GRIND,19894,The International 2026 - Regional Qualifier Southeast Asia,1113699.0,2.0,24,13,True,22.0
8862933625,2434,1782202754,10164198.0,Team Bald,9872558.0,VP.Prodigy,19892,The International 2026 - Regional Qualifier Europe,1113703.0,1.0,29,13,True,22.0
8862890705,3557,1782199149,2586976.0,OG,10135834.0,TEAM GRIND,19894,The International 2026 - Regional Qualifier Southeast Asia,1113699.0,2.0,22,29,False,22.0
8862817169,2496,1782191792,9828897.0,REKONIX,10135834.0,TEAM GRIND,19894,The International 2026 - Regional Qualifier Southeast Asia,1113682.0,1.0,14,38,False,22.0
8862775500,2651,1782187204,9828897.0,REKONIX,10135834.0,TEAM GRIND,19894,The International 2026 - Regional Qualifier Southeast Asia,1113682.0,1.0,21,30,False,22.0
8862424729,2139,1782155237,10163973.0,RE ARISE,9572001.0,TEAM VISION,19892,The International 2026 - Regional Qualifier Europe,1113566.0,1.0,18,38,False,22.0
8862359075,1841,1782151635,10163973.0,RE ARISE,9572001.0,TEAM VISION,19892,The International 2026 - Regional Qualifier Europe,1113566.0,1.0,8,29,False,22.0
8862268885,2806,1782146907,10149530.0,HULIGANI,55.0,_PowerRangers,19892,The International 2026 - Regional Qualifier Europe,1113497.0,1.0,15,41,False,22.0
8862170836,3173,1782142293,10149530.0,HULIGANI,55.0,_PowerRangers,19892,The International 2026 - Regional Qualifier Europe,1113497.0,1.0,27,23,True,22.0
8862132459,2721,1782140588,8254145.0,Execration,10135834.0,TEAM GRIND,19894,The International 2026 - Regional Qualifier Southeast Asia,1113493.0,1.0,18,42,False,22.0
8862046937,3797,1782136963,55.0,_PowerRangers,10149530.0,HULIGANI,19892,The International 2026 - Regional Qualifier Europe,1113497.0,1.0,27,36,True,22.0
8862032169,2732,1782136282,8254145.0,Execration,10135834.0,TEAM GRIND,19894,The International 2026 - Regional Qualifier Southeast Asia,1113493.0,1.0,14,33,False,22.0
8861948825,2352,1782132637,10019843.0,Inner Circle x Insanity,9895392.0,Virtus.pro,19892,The International 2026 - Regional Qualifier Europe,1113450.0,1.0,16,37,False,22.0
8861905178,3016,1782130513,9828897.0,REKONIX,2586976.0,OG,19894,The International 2026 - Regional Qualifier Southeast Asia,1113448.0,1.0,16,37,False,22.0
8861864250,3174,1782128182,10019843.0,Inner Circle x Insanity,9895392.0,Virtus.pro,19892,The International 2026 - Regional Qualifier Europe,1113450.0,1.0,23,54,False,22.0
8861804868,4303,1782124632,9828897.0,REKONIX,2586976.0,OG,19894,The International 2026 - Regional Qualifier Southeast Asia,1113448.0,1.0,33,28,True,22.0
8861788724,2830,1782123754,9895392.0,Virtus.pro,10019843.0,Inner Circle x Insanity,19892,The International 2026 - Regional Qualifier Europe,1113450.0,1.0,15,28,False,22.0
8861740474,2937,1782120027,9828897.0,REKONIX,2586976.0,OG,19894,The International 2026 - Regional Qualifier Southeast Asia,1113448.0,1.0,14,33,False,22.0
8861735465,1918,1782119611,9338413.0,MOUZ,2576071.0,Yellow Submarine,19892,The International 2026 - Regional Qualifier Europe,1113442.0,1.0,8,35,False,22.0
8861689034,2418,1782115744,10081680.0,GLYPH,10135834.0,TEAM GRIND,19894,The International 2026 - Regional Qualifier Southeast Asia,1113435.0,1.0,6,29,False,22.0
8861682683,2724,1782115263,2576071.0,Yellow Submarine,9338413.0,MOUZ,19892,The International 2026 - Regional Qualifier Europe,1113442.0,1.0,29,19,True,22.0
8861641474,2594,1782111464,10081680.0,GLYPH,10135834.0,TEAM GRIND,19894,The International 2026 - Regional Qualifier Southeast Asia,1113435.0,1.0,12,25,False,22.0
8861612414,1629,1782108310,10081680.0,GLYPH,10135834.0,TEAM GRIND,19894,The International 2026 - Regional Qualifier Southeast Asia,1113435.0,1.0,27,3,True,22.0
8861575178,2539,1782103792,10144695.0,Mentality Monsters,8254145.0,Execration,19894,The International 2026 - Regional Qualifier Southeast Asia,1113401.0,1.0,17,35,False,22.0
8861527029,3777,1782098293,10144695.0,Mentality Monsters,8254145.0,Execration,19894,The International 2026 - Regional Qualifier Southeast Asia,1113401.0,1.0,35,26,True,22.0
8861486265,2891,1782093881,8254145.0,Execration,10144695.0,Mentality Monsters,19894,The International 2026 - Regional Qualifier Southeast Asia,1113401.0,1.0,37,17,True,22.0
8860968885,2179,1782058170,7299465.0,MODUS,36.0,Natus Vincere,19892,The International 2026 - Regional Qualifier Europe,1113209.0,1.0,13,31,False,22.0
8860874416,2560,1782054073,7299465.0,MODUS,36.0,Natus Vincere,19892,The International 2026 - Regional Qualifier Europe,1113209.0,1.0,12,31,False,22.0
8860726856,3463,1782048442,9895247.0,Rune Eaters,10136357.0,Nigma Galaxy ,19892,The International 2026 - Regional Qualifier Europe,1113140.0,1.0,43,40,False,22.0
8860634747,1979,1782044710,10136357.0,Nigma Galaxy ,9895247.0,Rune Eaters,19892,The International 2026 - Regional Qualifier Europe,1113140.0,1.0,39,10,True,22.0
8860553961,1909,1782040916,10164198.0,Team Bald,9255039.0,enjoy,19892,The International 2026 - Regional Qualifier Europe,1113092.0,1.0,11,33,False,22.0
8860532107,2937,1782039870,2586976.0,OG,10081680.0,GLYPH,19894,The International 2026 - Regional Qualifier Southeast Asia,1113086.0,1.0,30,15,True,22.0
8860479471,2296,1782037048,10164198.0,Team Bald,9255039.0,enjoy,19892,The International 2026 - Regional Qualifier Europe,1113092.0,1.0,13,35,False,22.0
8860454696,2556,1782035655,10081680.0,GLYPH,2586976.0,OG,19894,The International 2026 - Regional Qualifier Southeast Asia,1113086.0,1.0,9,29,False,22.0
8860410652,1863,1782033190,7119388.0,Team Spirit,9872558.0,VP.Prodigy,19892,The International 2026 - Regional Qualifier Europe,1113064.0,1.0,35,14,True,22.0
8860369977,3008,1782030728,9828897.0,REKONIX,8254145.0,Execration,19894,The International 2026 - Regional Qualifier Southeast Asia,1113055.0,1.0,39,28,True,22.0
8860337807,2577,1782028936,7119388.0,Team Spirit,9872558.0,VP.Prodigy,19892,The International 2026 - Regional Qualifier Europe,1113064.0,1.0,28,16,True,22.0
8860302120,2587,1782026654,8254145.0,Execration,9828897.0,REKONIX,19894,The International 2026 - Regional Qualifier Southeast Asia,1113055.0,1.0,17,37,False,22.0
8860247815,2197,1782022994,9828897.0,REKONIX,8254145.0,Execration,19894,The International 2026 - Regional Qualifier Southeast Asia,1113055.0,1.0,11,29,False,22.0
8860187335,3005,1782018400,7917893.0,InterActive Philippines,10144695.0,Mentality Monsters,19894,The International 2026 - Regional Qualifier Southeast Asia,1113036.0,1.0,28,33,False,22.0
8860146255,2190,1782014803,10144695.0,Mentality Monsters,7917893.0,InterActive Philippines,19894,The International 2026 - Regional Qualifier Southeast Asia,1113036.0,1.0,19,10,True,22.0
8860108789,1481,1782011290,10135834.0,TEAM GRIND,9098294.0,Carstensz Esports,19894,The International 2026 - Regional Qualifier Southeast Asia,1113007.0,1.0,25,13,True,22.0
8860067580,2216,1782007360,9098294.0,Carstensz Esports,10135834.0,TEAM GRIND,19894,The International 2026 - Regional Qualifier Southeast Asia,1113007.0,1.0,15,35,False,22.0
8859165411,2152,1781956103,7917893.0,InterActive Philippines,2586976.0,OG,19894,The International 2026 - Regional Qualifier Southeast Asia,1112690.0,1.0,20,50,False,22.0
8859056335,4906,1781949658,7917893.0,InterActive Philippines,2586976.0,OG,19894,The International 2026 - Regional Qualifier Southeast Asia,1112690.0,1.0,37,38,False,22.0
8858998340,1859,1781945925,9828897.0,REKONIX,10135834.0,TEAM GRIND,19894,The International 2026 - Regional Qualifier Southeast Asia,1112662.0,1.0,32,11,True,22.0
8858939215,2105,1781942212,9828897.0,REKONIX,10135834.0,TEAM GRIND,19894,The International 2026 - Regional Qualifier Southeast Asia,1112662.0,1.0,24,14,True,22.0
8858884246,1842,1781938326,10144695.0,Mentality Monsters,10150434.0,DIREBORN,19894,The International 2026 - Regional Qualifier Southeast Asia,1112625.0,1.0,37,15,True,22.0
8858821622,3327,1781933662,10144695.0,Mentality Monsters,10150434.0,DIREBORN,19894,The International 2026 - Regional Qualifier Southeast Asia,1112625.0,1.0,38,32,True,22.0
8858763196,3538,1781927939,9098294.0,Carstensz Esports,9546449.0,Yangon Galacticos,19894,The International 2026 - Regional Qualifier Southeast Asia,1112581.0,1.0,51,16,True,22.0
8858726463,2305,1781924290,9098294.0,Carstensz Esports,9546449.0,Yangon Galacticos,19894,The International 2026 - Regional Qualifier Southeast Asia,1112581.0,1.0,32,18,True,22.0
8858693286,1967,1781920838,9546449.0,Yangon Galacticos,9098294.0,Carstensz Esports,19894,The International 2026 - Regional Qualifier Southeast Asia,1112581.0,1.0,31,9,True,22.0
8858503756,3500,1781902332,10020555.0,PlayTime,10150538.0,LGD Gaming,19891,The International 2026 - Regional Qualifier South America,1112489.0,2.0,22,60,False,22.0
8858445091,1750,1781898981,10150538.0,LGD Gaming,10020555.0,PlayTime,19891,The International 2026 - Regional Qualifier South America,1112489.0,2.0,23,8,True,22.0
8858368963,2587,1781894824,10020555.0,PlayTime,10150538.0,LGD Gaming,19891,The International 2026 - Regional Qualifier South America,1112489.0,2.0,18,29,False,22.0
8858252265,1509,1781888837,10020555.0,PlayTime,10108655.0,Amaru Gaming,19891,The International 2026 - Regional Qualifier South America,1112434.0,1.0,33,14,True,22.0
8858165744,2470,1781884888,10108655.0,Amaru Gaming,10020555.0,PlayTime,19891,The International 2026 - Regional Qualifier South America,1112434.0,1.0,11,42,False,22.0
8857839176,2722,1781869921,10081680.0,GLYPH,10150434.0,DIREBORN,19894,The International 2026 - Regional Qualifier Southeast Asia,1112345.0,1.0,27,22,True,22.0
8857773091,2346,1781865938,10150434.0,DIREBORN,10081680.0,GLYPH,19894,The International 2026 - Regional Qualifier Southeast Asia,1112345.0,1.0,16,38,False,22.0
8857713100,2378,1781861645,9098294.0,Carstensz Esports,8254145.0,Execration,19894,The International 2026 - Regional Qualifier Southeast Asia,1112332.0,1.0,13,34,False,22.0
8857663074,2244,1781858171,8254145.0,Execration,9098294.0,Carstensz Esports,19894,The International 2026 - Regional Qualifier Southeast Asia,1112332.0,1.0,31,17,True,22.0
8857588451,3428,1781852735,7917893.0,InterActive Philippines,9546449.0,Yangon Galacticos,19894,The International 2026 - Regional Qualifier Southeast Asia,1112307.0,1.0,39,28,True,22.0
8857534603,3555,1781847946,7917893.0,InterActive Philippines,9546449.0,Yangon Galacticos,19894,The International 2026 - Regional Qualifier Southeast Asia,1112307.0,1.0,44,25,True,22.0
8857522406,2553,1781846926,10108655.0,Amaru Gaming,9691969.0,Team Nemesis,19891,The International 2026 - Regional Qualifier South America,1112267.0,1.0,22,24,True,22.0
8857503648,1540,1781844990,7917893.0,InterActive Philippines,9546449.0,Yangon Galacticos,19894,The International 2026 - Regional Qualifier Southeast Asia,1112307.0,1.0,7,36,False,22.0
8857465914,4009,1781841132,10108655.0,Amaru Gaming,9691969.0,Team Nemesis,19891,The International 2026 - Regional Qualifier South America,1112267.0,1.0,32,29,True,22.0
8857442251,4341,1781838331,10144695.0,Mentality Monsters,10135834.0,TEAM GRIND,19894,The International 2026 - Regional Qualifier Southeast Asia,1112250.0,1.0,32,45,False,22.0
8857423188,3275,1781836027,10108655.0,Amaru Gaming,9691969.0,Team Nemesis,19891,The International 2026 - Regional Qualifier South America,1112267.0,1.0,23,32,False,22.0
8857411776,1742,1781834897,10144695.0,Mentality Monsters,10135834.0,TEAM GRIND,19894,The International 2026 - Regional Qualifier Southeast Asia,1112250.0,1.0,5,38,False,22.0
8857362150,4679,1781828978,10020555.0,PlayTime,10150538.0,LGD Gaming,19891,The International 2026 - Regional Qualifier South America,1112174.0,1.0,40,44,False,22.0
8857324614,2957,1781824343,10150538.0,LGD Gaming,10020555.0,PlayTime,19891,The International 2026 - Regional Qualifier South America,1112174.0,1.0,41,22,True,22.0
8857290092,1877,1781820919,10020555.0,PlayTime,10150538.0,LGD Gaming,19891,The International 2026 - Regional Qualifier South America,1112174.0,1.0,24,4,True,22.0
8857142180,3303,1781811392,9691969.0,Team Nemesis,9973656.0,Red Hot Chili Pibble,19891,The International 2026 - Regional Qualifier South America,1112115.0,1.0,28,42,False,22.0
8857042103,3102,1781806177,9973656.0,Red Hot Chili Pibble,9691969.0,Team Nemesis,19891,The International 2026 - Regional Qualifier South America,1112115.0,1.0,28,47,False,22.0
8856921723,3588,1781800291,10108655.0,Amaru Gaming,9678463.0,Estar Backs,19891,The International 2026 - Regional Qualifier South America,1112043.0,1.0,46,35,True,22.0
8856836199,1863,1781796736,10108655.0,Amaru Gaming,9678463.0,Estar Backs,19891,The International 2026 - Regional Qualifier South America,1112043.0,1.0,14,24,False,22.0
8856731522,2933,1781792046,9678463.0,Estar Backs,10108655.0,Amaru Gaming,19891,The International 2026 - Regional Qualifier South America,1112043.0,1.0,24,44,False,22.0
8856501050,5576,1781781307,726228.0,Vici Gaming,9351740.0,Yakult Brothers,19893,The International 2026 - Regional Qualifier China,1111975.0,1.0,33,44,True,22.0
8856447323,2065,1781777799,9351740.0,Yakult Brothers,726228.0,Vici Gaming,19893,The International 2026 - Regional Qualifier China,1111975.0,1.0,12,34,False,22.0
8856401359,2223,1781774100,726228.0,Vici Gaming,9351740.0,Yakult Brothers,19893,The International 2026 - Regional Qualifier China,1111975.0,1.0,8,26,False,22.0
8856318986,2626,1781767220,5017210.0,Team Resilience,9351740.0,Yakult Brothers,19893,The International 2026 - Regional Qualifier China,1111962.0,1.0,41,18,True,22.0
8856273501,2951,1781762799,9351740.0,Yakult Brothers,5017210.0,Team Resilience,19893,The International 2026 - Regional Qualifier China,1111962.0,1.0,19,32,False,22.0
8856020729,2073,1781733074,9691969.0,Team Nemesis,10020555.0,PlayTime,19891,The International 2026 - Regional Qualifier South America,1111857.0,1.0,12,38,False,22.0
8855968667,2261,1781728904,10020555.0,PlayTime,9691969.0,Team Nemesis,19891,The International 2026 - Regional Qualifier South America,1111857.0,1.0,28,11,True,22.0
8855894440,2246,1781724676,10108655.0,Amaru Gaming,10150538.0,LGD Gaming,19891,The International 2026 - Regional Qualifier South America,1111806.0,1.0,21,36,False,22.0
8855814502,2272,1781720250,10150538.0,LGD Gaming,10108655.0,Amaru Gaming,19891,The International 2026 - Regional Qualifier South America,1111806.0,1.0,39,22,True,22.0
8855749193,1664,1781716429,10150267.0,Hokori,9678463.0,Estar Backs,19891,The International 2026 - Regional Qualifier South America,1111767.0,1.0,17,29,False,22.0
8855667234,2252,1781712442,9678463.0,Estar Backs,10150267.0,Hokori,19891,The International 2026 - Regional Qualifier South America,1111767.0,1.0,36,21,True,22.0
8855564822,2287,1781708042,9973656.0,Red Hot Chili Pibble,10150568.0,Lindorfitos,19891,The International 2026 - Regional Qualifier South America,1111737.0,1.0,41,22,True,22.0
8855486632,1556,1781704871,9973656.0,Red Hot Chili Pibble,10150568.0,Lindorfitos,19891,The International 2026 - Regional Qualifier South America,1111737.0,1.0,40,9,True,22.0
8855342929,3894,1781698511,726228.0,Vici Gaming,10007878.0,Team Refuser,19893,The International 2026 - Regional Qualifier China,1111669.0,1.0,29,30,True,22.0
8855242704,4176,1781692501,726228.0,Vici Gaming,10007878.0,Team Refuser,19893,The International 2026 - Regional Qualifier China,1111669.0,1.0,30,26,False,22.0
8855188139,2419,1781688358,726228.0,Vici Gaming,10007878.0,Team Refuser,19893,The International 2026 - Regional Qualifier China,1111669.0,1.0,22,14,True,22.0
8855109208,2312,1781681547,726228.0,Vici Gaming,9886289.0,Cloud Rising,19893,The International 2026 - Regional Qualifier China,1111656.0,1.0,33,14,True,22.0
8855077855,1740,1781678284,726228.0,Vici Gaming,9886289.0,Cloud Rising,19893,The International 2026 - Regional Qualifier China,1111656.0,1.0,26,6,True,22.0
8855025901,3138,1781673040,10007878.0,Team Refuser,10008067.0,Game Master,19893,The International 2026 - Regional Qualifier China,1111637.0,1.0,33,14,True,22.0
8854990489,2581,1781668813,10008067.0,Game Master,10007878.0,Team Refuser,19893,The International 2026 - Regional Qualifier China,1111637.0,1.0,15,43,False,22.0
8854850750,1392,1781651568,10020555.0,PlayTime,9678463.0,Estar Backs,19891,The International 2026 - Regional Qualifier South America,1111574.0,1.0,32,7,True,22.0
8854803962,2150,1781646135,9678463.0,Estar Backs,10020555.0,PlayTime,19891,The International 2026 - Regional Qualifier South America,1111574.0,1.0,14,38,False,22.0
8854746589,1752,1781642174,10150538.0,LGD Gaming,10150568.0,Lindorfitos,19891,The International 2026 - Regional Qualifier South America,1111539.0,1.0,40,13,True,22.0
8854675539,2025,1781638351,10150568.0,Lindorfitos,10150538.0,LGD Gaming,19891,The International 2026 - Regional Qualifier South America,1111539.0,1.0,8,25,False,22.0
8854572364,2630,1781632554,10150267.0,Hokori,8971308.0,x5 Gaming,19891,The International 2026 - Regional Qualifier South America,1111477.0,1.0,37,37,True,22.0
8854568223,4352,1781631887,10150610.0,Flame Esports,9948367.0,Team Spirit Academy,18866,European Pro League  2025-2026 Season,1111467.0,1.0,55,58,False,22.0
8854470816,2352,1781628375,10150267.0,Hokori,8971308.0,x5 Gaming,19891,The International 2026 - Regional Qualifier South America,1111477.0,1.0,31,18,True,22.0
8854443395,3587,1781626603,9948367.0,Team Spirit Academy,10150610.0,Flame Esports,18866,European Pro League  2025-2026 Season,1111467.0,1.0,50,34,True,22.0
8854333124,3040,1781621561,10163973.0,RE ARISE,9948367.0,Team Spirit Academy,18866,European Pro League  2025-2026 Season,1111398.0,1.0,35,60,False,22.0
8854301438,2215,1781619692,726228.0,Vici Gaming,9351740.0,Yakult Brothers,19893,The International 2026 - Regional Qualifier China,1111402.0,1.0,12,30,False,22.0
8854239799,3311,1781617211,9948367.0,Team Spirit Academy,10163973.0,RE ARISE,18866,European Pro League  2025-2026 Season,1111398.0,1.0,50,32,True,22.0
8854153066,4594,1781613378,9351740.0,Yakult Brothers,726228.0,Vici Gaming,19893,The International 2026 - Regional Qualifier China,1111402.0,1.0,23,35,True,22.0
8854136844,2542,1781612655,10163973.0,RE ARISE,9948367.0,Team Spirit Academy,18866,European Pro League  2025-2026 Season,1111398.0,1.0,44,23,True,22.0
8854031550,2282,1781606986,5017210.0,Team Resilience,10007878.0,Team Refuser,19893,The International 2026 - Regional Qualifier China,1111363.0,1.0,43,14,True,22.0
8853982663,2028,1781603458,10007878.0,Team Refuser,5017210.0,Team Resilience,19893,The International 2026 - Regional Qualifier China,1111363.0,1.0,6,29,False,22.0
8853931510,2009,1781599321,10157562.0,Grey Track,10008067.0,Game Master,19893,The International 2026 - Regional Qualifier China,1111355.0,1.0,11,43,False,22.0
8853900174,1260,1781596490,10008067.0,Game Master,10157562.0,Grey Track,19893,The International 2026 - Regional Qualifier China,1111355.0,1.0,21,6,True,22.0
8853851704,2504,1781592010,9886289.0,Cloud Rising,9885310.0,Roar,19893,The International 2026 - Regional Qualifier China,1111326.0,1.0,27,10,True,22.0
8853816549,2224,1781588139,9885310.0,Roar,9886289.0,Cloud Rising,19893,The International 2026 - Regional Qualifier China,1111326.0,1.0,11,24,False,22.0
8853766862,3939,1781582434,9886289.0,Cloud Rising,9885310.0,Roar,19893,The International 2026 - Regional Qualifier China,1111326.0,1.0,39,45,False,22.0
8853647647,1785,1781567503,10150267.0,Hokori,9691969.0,Team Nemesis,19891,The International 2026 - Regional Qualifier South America,1111264.0,1.0,3,32,False,22.0
8853618398,1895,1781563720,10150267.0,Hokori,9691969.0,Team Nemesis,19891,The International 2026 - Regional Qualifier South America,1111264.0,1.0,5,44,False,22.0
8853573979,1709,1781559823,9973656.0,Red Hot Chili Pibble,10108655.0,Amaru Gaming,19891,The International 2026 - Regional Qualifier South America,1111245.0,1.0,11,30,False,22.0
8853523142,2058,1781555956,10108655.0,Amaru Gaming,9973656.0,Red Hot Chili Pibble,19891,The International 2026 - Regional Qualifier South America,1111245.0,1.0,28,15,True,22.0
8853429174,3032,1781550700,9678463.0,Estar Backs,9886092.0,Rising Rage,19891,The International 2026 - Regional Qualifier South America,1111191.0,1.0,22,39,True,22.0
8853327980,3612,1781545561,9886092.0,Rising Rage,9678463.0,Estar Backs,19891,The International 2026 - Regional Qualifier South America,1111191.0,1.0,24,37,False,22.0
8853249492,1806,1781541381,10150568.0,Lindorfitos,8971308.0,x5 Gaming,19891,The International 2026 - Regional Qualifier South America,1111142.0,1.0,36,20,True,22.0
8853244405,2344,1781540661,55.0,_PowerRangers,9948367.0,Team Spirit Academy,18866,European Pro League  2025-2026 Season,,,32,28,True,22.0
8853175626,1924,1781537829,8971308.0,x5 Gaming,10150568.0,Lindorfitos,19891,The International 2026 - Regional Qualifier South America,1111142.0,1.0,20,42,False,22.0
8853138000,3194,1781535885,9948367.0,Team Spirit Academy,55.0,_PowerRangers,18866,European Pro League  2025-2026 Season,1111156.0,1.0,16,42,False,22.0
8853040245,2763,1781532603,8971308.0,x5 Gaming,10150568.0,Lindorfitos,19891,The International 2026 - Regional Qualifier South America,1111142.0,1.0,47,34,True,22.0
8852989120,2525,1781529766,10001733.0,Hive,10164643.0,Summer Bear,18866,European Pro League  2025-2026 Season,1111091.0,1.0,18,41,False,22.0
8852967216,2614,1781529060,10144697.0,Ivory,10101762.0,Winter Squadron,18865,EPL World Series: Southeast Asia 2025-2026 Season ,1111079.0,1.0,38,32,True,
8852891753,2016,1781525426,10101762.0,Winter Squadron,10144697.0,Ivory,18865,EPL World Series: Southeast Asia 2025-2026 Season ,1111079.0,1.0,11,32,False,22.0
8852889096,1648,1781525594,10157562.0,Grey Track,726228.0,Vici Gaming,19893,The International 2026 - Regional Qualifier China,1111084.0,1.0,11,22,False,22.0
8852876854,3473,1781524812,10001733.0,Hive,10164643.0,Summer Bear,18866,European Pro League  2025-2026 Season,1111091.0,1.0,38,32,False,22.0
8852809218,2681,1781521190,726228.0,Vici Gaming,10157562.0,Grey Track,19893,The International 2026 - Regional Qualifier China,1111084.0,1.0,36,18,True,22.0
8852787625,3259,1781519925,10101762.0,Winter Squadron,10144697.0,Ivory,18865,EPL World Series: Southeast Asia 2025-2026 Season ,1111079.0,1.0,40,27,True,
8852757973,1411,1781517323,9351740.0,Yakult Brothers,10008067.0,Game Master,19893,The International 2026 - Regional Qualifier China,1111071.0,1.0,25,9,True,22.0
8852732542,2856,1781515179,10157986.0,D Family,10144695.0,Mentality Monsters,18865,EPL World Series: Southeast Asia 2025-2026 Season ,1111062.0,1.0,39,35,True,
8852716636,1520,1781514019,9351740.0,Yakult Brothers,10008067.0,Game Master,19893,The International 2026 - Regional Qualifier China,1111071.0,1.0,23,11,True,22.0
8852690357,2150,1781511487,10144695.0,Mentality Monsters,10157986.0,D Family,18865,EPL World Series: Southeast Asia 2025-2026 Season ,1111062.0,1.0,43,20,True,
8852665706,1826,1781509537,9886289.0,Cloud Rising,5017210.0,Team Resilience,19893,The International 2026 - Regional Qualifier China,1111061.0,1.0,12,36,False,22.0
8852624581,3832,1781506031,10157986.0,D Family,10144695.0,Mentality Monsters,18865,EPL World Series: Southeast Asia 2025-2026 Season ,1111062.0,1.0,51,46,True,22.0
8852623851,2655,1781505350,9886289.0,Cloud Rising,5017210.0,Team Resilience,19893,The International 2026 - Regional Qualifier China,1111061.0,1.0,21,38,False,22.0
8852591167,1838,1781501546,9885310.0,Roar,10007878.0,Team Refuser,19893,The International 2026 - Regional Qualifier China,1111036.0,1.0,17,33,False,22.0
8852588133,2724,1781501097,7917893.0,InterActive Philippines,10157986.0,D Family,18865,EPL World Series: Southeast Asia 2025-2026 Season ,1111025.0,1.0,46,33,True,
8852555586,2263,1781497131,7917893.0,InterActive Philippines,10157986.0,D Family,18865,EPL World Series: Southeast Asia 2025-2026 Season ,1111025.0,1.0,31,11,True,22.0
8852543650,3716,1781496220,9885310.0,Roar,10007878.0,Team Refuser,19893,The International 2026 - Regional Qualifier China,1111036.0,1.0,36,39,False,22.0
8852523221,2105,1781493188,7917893.0,InterActive Philippines,10157986.0,D Family,18865,EPL World Series: Southeast Asia 2025-2026 Season ,1111025.0,1.0,15,31,False,
8852055373,1920,1781458434,55.0,_PowerRangers,10163973.0,RE ARISE,18866,European Pro League  2025-2026 Season,1110780.0,1.0,22,35,False,22.0
8852044032,1594,1781457244,9627650.0,5vpotoke,9538765.0,Talanti dagestana,16251,Party To Play league,1110841.0,0.0,42,15,True,22.0
8851984783,2012,1781454483,10163973.0,RE ARISE,55.0,_PowerRangers,18866,European Pro League  2025-2026 Season,1110780.0,1.0,37,31,True,22.0
8851856668,2712,1781449402,10163973.0,RE ARISE,55.0,_PowerRangers,18866,European Pro League  2025-2026 Season,1110780.0,1.0,34,55,False,22.0
8851580511,2518,1781439132,10150610.0,Flame Esports,10047709.0,Ilbirs Esports,18866,European Pro League  2025-2026 Season,1110706.0,1.0,33,24,True,22.0
8851563242,2440,1781438659,10144695.0,Mentality Monsters,10150434.0,DIREBORN,18865,EPL World Series: Southeast Asia 2025-2026 Season ,1110661.0,1.0,26,33,False,22.0
8851499335,2047,1781435055,10144695.0,Mentality Monsters,10150434.0,DIREBORN,18865,EPL World Series: Southeast Asia 2025-2026 Season ,1110661.0,1.0,23,37,False,22.0
8851462430,3958,1781433135,10150610.0,Flame Esports,10047709.0,Ilbirs Esports,18866,European Pro League  2025-2026 Season,1110651.0,1.0,52,51,True,22.0
8851430971,1464,1781432101,10150434.0,DIREBORN,10144695.0,Mentality Monsters,18865,EPL World Series: Southeast Asia 2025-2026 Season ,1110661.0,1.0,6,26,False,22.0
8851380382,3214,1781428698,10047709.0,Ilbirs Esports,10150610.0,Flame Esports,18866,European Pro League  2025-2026 Season,1110651.0,1.0,42,33,True,22.0
8851324525,4212,1781426080,10144695.0,Mentality Monsters,9098294.0,Carstensz Esports,18865,EPL World Series: Southeast Asia 2025-2026 Season ,1110601.0,1.0,34,47,True,22.0
8851258391,3044,1781421595,10144695.0,Mentality Monsters,9098294.0,Carstensz Esports,18865,EPL World Series: Southeast Asia 2025-2026 Season ,1110601.0,1.0,47,46,False,22.0
8851185713,2026,1781417108,10144695.0,Mentality Monsters,9098294.0,Carstensz Esports,18865,EPL World Series: Southeast Asia 2025-2026 Season ,1110601.0,1.0,30,17,True,22.0
8850863139,2862,1781386615,10101793.0,BALU TEAM,10164643.0,Summer Bear,18866,European Pro League  2025-2026 Season,1110465.0,1.0,37,44,True,22.0
8850783855,2800,1781381743,10101793.0,BALU TEAM,10164643.0,Summer Bear,18866,European Pro League  2025-2026 Season,1110465.0,1.0,40,26,True,22.0
8850700011,1978,1781378001,10101793.0,BALU TEAM,10164643.0,Summer Bear,18866,European Pro League  2025-2026 Season,1110465.0,1.0,16,45,False,22.0
8850593633,3335,1781372773,10047709.0,Ilbirs Esports,55.0,_PowerRangers,18866,European Pro League  2025-2026 Season,1110366.0,1.0,36,24,True,22.0
8850534819,1550,1781369704,10047709.0,Ilbirs Esports,55.0,_PowerRangers,18866,European Pro League  2025-2026 Season,1110366.0,1.0,9,30,False,22.0
8850375347,4663,1781363124,10047709.0,Ilbirs Esports,55.0,_PowerRangers,18866,European Pro League  2025-2026 Season,1110366.0,1.0,46,35,True,22.0
8846649222,1522,1781112304,9530716.0,Air Defence,10060977.0,Cinqueblinks,18867,Ultras Dota Pro League  2025-26,1108319.0,1.0,34,23,True,22.0
8846607973,1428,1781110277,9425656.0,LSG,9426115.0,Dark Rebellion,18959,Destiny League,1108840.0,1.0,33,22,True,22.0
8846577318,2655,1781108738,10060977.0,Cinqueblinks,10144754.0,Air Defence,18867,Ultras Dota Pro League  2025-26,1108828.0,1.0,49,41,False,22.0
8846559515,1658,1781107953,9426115.0,Dark Rebellion,9425656.0,LSG,18959,Destiny League,1108840.0,1.0,20,38,False,22.0
8846497960,2104,1781105305,9425656.0,LSG,9426115.0,Dark Rebellion,18959,Destiny League,1108840.0,1.0,39,39,False,22.0
8846470956,3316,1781104166,10144754.0,Air Defence,10060977.0,Cinqueblinks,18867,Ultras Dota Pro League  2025-26,1108828.0,1.0,48,73,False,22.0
8846446372,1451,1781103064,9768243.0,Night Force,9878494.0,LV United,18959,Destiny League,1108805.0,1.0,10,36,False,22.0
8846407327,1264,1781101462,9593609.0,Nethercore,9397016.0,Elite Eclipse,18867,Ultras Dota Pro League  2025-26,1108779.0,1.0,40,10,True,22.0
8846381268,1595,1781100664,9878494.0,LV United,9768243.0,Night Force,18959,Destiny League,1108805.0,1.0,44,19,True,22.0
8846318294,1512,1781097959,10145429.0,The Last Titan,9814269.0,Riftwalkers,18959,Destiny League,1108735.0,1.0,39,17,True,22.0
8846302202,2987,1781097429,9397016.0,Elite Eclipse,9593609.0,Nethercore,18867,Ultras Dota Pro League  2025-26,1108779.0,1.0,51,56,False,22.0
8846252680,2337,1781095136,9814269.0,Riftwalkers,10145429.0,The Last Titan,18959,Destiny League,1108735.0,1.0,50,30,True,22.0
8846204406,1787,1781092895,10145429.0,The Last Titan,9814269.0,Riftwalkers,18959,Destiny League,1108735.0,1.0,39,24,True,22.0
8846141051,2048,1781089223,9906210.0,Teiko,8831040.0,Ghost Sheep,18867,Ultras Dota Pro League  2025-26,1108717.0,1.0,45,19,True,22.0
8846121499,1480,1781088110,9426115.0,Dark Rebellion,9768002.0,Lunar Vibes,18959,Destiny League,1108709.0,1.0,11,38,False,22.0
8846094817,1469,1781086816,8831040.0,Ghost Sheep,9906210.0,Teiko,18867,Ultras Dota Pro League  2025-26,1108717.0,1.0,25,47,False,22.0
8846078487,2095,1781085204,9768002.0,Lunar Vibes,9426115.0,Dark Rebellion,18959,Destiny League,1108709.0,1.0,18,36,False,22.0
8846051335,1742,1781083169,9593609.0,Nethercore,9906210.0,Teiko,18867,Ultras Dota Pro League  2025-26,1108703.0,1.0,14,46,False,22.0
8846043140,1860,1781082539,9426115.0,Dark Rebellion,9768002.0,Lunar Vibes,18959,Destiny League,1108709.0,1.0,21,32,False,22.0
8846008340,2239,1781079698,9906210.0,Teiko,9593609.0,Nethercore,18867,Ultras Dota Pro League  2025-26,1108703.0,1.0,49,29,True,22.0
8846007758,1998,1781079685,8629315.0,Wiser Warriors,2443375.0,Foxy gaming,18959,Destiny League,1108701.0,1.0,36,31,True,22.0
8845972593,1622,1781076719,9593609.0,Nethercore,9906210.0,Teiko,18867,Ultras Dota Pro League  2025-26,1108703.0,1.0,41,15,True,22.0
8845964430,1973,1781075969,9767998.0,Nova Pulse,9878494.0,LV United,18959,Destiny League,1108694.0,1.0,29,28,True,22.0
8845963087,2156,1781075851,2443375.0,Foxy gaming,8629315.0,Wiser Warriors,18959,Destiny League,1108701.0,1.0,24,45,False,22.0
8845938226,1690,1781073486,9878494.0,LV United,9767998.0,Nova Pulse,18959,Destiny League,1108694.0,1.0,38,28,True,22.0
8845932861,1980,1781073017,9814269.0,Riftwalkers,9425656.0,LSG,18959,Destiny League,1108693.0,1.0,27,27,True,22.0
8845921886,2520,1781071819,8831040.0,Ghost Sheep,9593609.0,Nethercore,18867,Ultras Dota Pro League  2025-26,1108686.0,1.0,46,52,False,22.0
8845911944,1663,1781070807,9767998.0,Nova Pulse,9878494.0,LV United,18959,Destiny League,1108694.0,1.0,28,26,True,22.0
8845910241,1684,1781070642,9425656.0,LSG,9814269.0,Riftwalkers,18959,Destiny League,1108693.0,1.0,13,23,False,22.0
8845891578,2470,1781068586,9593609.0,Nethercore,8831040.0,Ghost Sheep,18867,Ultras Dota Pro League  2025-26,1108686.0,1.0,37,35,True,22.0
8845885349,2001,1781067887,2443375.0,Foxy gaming,9426115.0,Dark Rebellion,18959,Destiny League,1108680.0,1.0,28,36,False,22.0
8845882184,1908,1781067583,9768243.0,Night Force,10145429.0,The Last Titan,18959,Destiny League,1108674.0,1.0,36,21,True,22.0
8845861620,1701,1781065353,9426115.0,Dark Rebellion,2443375.0,Foxy gaming,18959,Destiny League,1108680.0,1.0,32,11,True,22.0
8845857784,1827,1781064886,10145429.0,The Last Titan,9768243.0,Night Force,18959,Destiny League,1108674.0,1.0,16,27,False,22.0
8845794365,1658,1781057832,8850015.0,DARKNESS GAMING,8970060.0,Moonwalkers,19201,Dota 2 Space League,1108636.0,1.0,32,20,True,22.0
8845775823,1522,1781055740,8970060.0,Moonwalkers,8850015.0,DARKNESS GAMING,19201,Dota 2 Space League,1108636.0,1.0,20,42,False,22.0
8845753599,1862,1781053181,9025669.0,CrimsonSky,9005364.0,Night Vision,19201,Dota 2 Space League,1108602.0,1.0,35,32,True,22.0
8845753183,2493,1781052848,,,,,19752,Immigrant Night Club #1,0.0,0.0,26,19,False,22.0
8845734959,1660,1781050748,9005364.0,Night Vision,9025669.0,CrimsonSky,19201,Dota 2 Space League,1108602.0,1.0,20,33,False,22.0
8845726388,2409,1781049509,10163747.0,Lu Lu Aung Enjoyer,,,19752,Immigrant Night Club #1,0.0,0.0,48,24,True,22.0
8845713497,1855,1781048077,9048057.0,Vitality Warriors,8849850.0,HELLBEAR HEROES,19201,Dota 2 Space League,1108547.0,1.0,28,21,True,22.0
8845691360,1832,1781045570,8849850.0,HELLBEAR HEROES,9048057.0,Vitality Warriors,19201,Dota 2 Space League,1108547.0,1.0,34,29,True,22.0
8845665498,1692,1781043147,9048057.0,Vitality Warriors,8849850.0,HELLBEAR HEROES,19201,Dota 2 Space League,1108547.0,1.0,26,21,True,22.0
8845661057,2446,1781042625,,,10163747.0,Lu Lu Aung Enjoyer,19752,Immigrant Night Club #1,0.0,0.0,48,30,True,22.0
8845626841,2075,1781040005,8957156.0,Silent killer,8850016.0,FLYING FORTUNE,19201,Dota 2 Space League,1108499.0,1.0,40,31,True,22.0
8845591703,1637,1781037653,8850016.0,FLYING FORTUNE,8957156.0,Silent killer,19201,Dota 2 Space League,1108499.0,1.0,15,27,False,22.0
8845578304,2902,1781036750,,,,,19752,Immigrant Night Club #1,0.0,0.0,45,39,True,22.0
8845549918,1762,1781035238,8957156.0,Silent killer,8850016.0,FLYING FORTUNE,19201,Dota 2 Space League,1108499.0,1.0,16,34,False,22.0
8845539034,2213,1781034583,9397016.0,Elite Eclipse,9828921.0,Air Defence,18867,Ultras Dota Pro League  2025-26,1108433.0,1.0,66,36,True,22.0
8845489632,2786,1781031997,10163747.0,Lu Lu Aung Enjoyer,10170329.0,Eva,19752,Immigrant Night Club #1,1108472.0,0.0,46,37,True,22.0
8845455831,3048,1781030294,9397016.0,Elite Eclipse,9828921.0,Air Defence,18867,Ultras Dota Pro League  2025-26,1108433.0,1.0,76,65,False,22.0
8845382430,2128,1781027122,9828921.0,Air Defence,9397016.0,Elite Eclipse,18867,Ultras Dota Pro League  2025-26,1108433.0,1.0,27,38,False,22.0
8845297529,1148,1781022546,10060977.0,Cinqueblinks,9397016.0,Elite Eclipse,18867,Ultras Dota Pro League  2025-26,1108356.0,1.0,9,43,False,22.0
8845253455,2299,1781020566,9768002.0,Lunar Vibes,9878494.0,LV United,18959,Destiny League,1108352.0,1.0,41,43,True,22.0
8845208368,2675,1781018635,9397016.0,Elite Eclipse,10060977.0,Cinqueblinks,18867,Ultras Dota Pro League  2025-26,1108356.0,1.0,73,45,True,22.0
8845202562,1685,1781018358,9878494.0,LV United,9768002.0,Lunar Vibes,18959,Destiny League,1108352.0,1.0,16,39,False,22.0
8845147648,1603,1781016100,8629315.0,Wiser Warriors,10145429.0,The Last Titan,18959,Destiny League,1108219.0,1.0,30,27,False,22.0
8845138821,1667,1781015709,10060977.0,Cinqueblinks,9530716.0,Air Defence,18867,Ultras Dota Pro League  2025-26,1108319.0,1.0,20,35,False,22.0
8845098345,1353,1781014113,10145429.0,The Last Titan,8629315.0,Wiser Warriors,18959,Destiny League,1108219.0,1.0,12,31,False,22.0
8845033219,1861,1781011461,8629315.0,Wiser Warriors,10145429.0,The Last Titan,18959,Destiny League,1108219.0,1.0,20,28,False,22.0
8845013544,3161,1781010819,9828921.0,Air Defence,10060977.0,Cinqueblinks,18867,Ultras Dota Pro League  2025-26,1108188.0,1.0,44,54,True,22.0
8845004588,1818,1781010189,8831040.0,Ghost Sheep,9593609.0,Nethercore,18867,Ultras Dota Pro League  2025-26,1108014.0,1.0,28,51,False,22.0
8844975674,1870,1781008903,9767998.0,Nova Pulse,9426115.0,Dark Rebellion,18959,Destiny League,1108028.0,1.0,12,23,False,22.0
8844932880,1579,1781006859,9426115.0,Dark Rebellion,9767998.0,Nova Pulse,18959,Destiny League,1108028.0,1.0,20,12,True,22.0
8844928609,1970,1781006600,8831040.0,Ghost Sheep,9593609.0,Nethercore,18867,Ultras Dota Pro League  2025-26,1108014.0,1.0,20,46,False,22.0
8844864229,2419,1781003086,9593609.0,Nethercore,8831040.0,Ghost Sheep,18867,Ultras Dota Pro League  2025-26,1108014.0,1.0,39,62,False,22.0
8844855148,1596,1781002546,9768243.0,Night Force,9768002.0,Lunar Vibes,18959,Destiny League,1107998.0,1.0,38,23,True,22.0
8844803873,2254,1780999085,9768002.0,Lunar Vibes,9768243.0,Night Force,18959,Destiny League,1107998.0,1.0,28,39,False,22.0
8844802545,2937,1780998915,9482420.0,Eye Gaming,9593609.0,Nethercore,18867,Ultras Dota Pro League  2025-26,1107985.0,1.0,48,43,True,22.0
8844771611,1484,1780996655,9878494.0,LV United,9426115.0,Dark Rebellion,18959,Destiny League,1107970.0,1.0,5,24,False,22.0
8844764695,2308,1780996092,9482420.0,Eye Gaming,9593609.0,Nethercore,18867,Ultras Dota Pro League  2025-26,1107985.0,1.0,52,41,True,22.0
8844738309,1840,1780994055,9426115.0,Dark Rebellion,9878494.0,LV United,18959,Destiny League,1107970.0,1.0,29,17,True,22.0
8844698415,2494,1780990779,9878494.0,LV United,9426115.0,Dark Rebellion,18959,Destiny League,1107970.0,1.0,29,21,True,22.0
8844694109,2547,1780990707,9593609.0,Nethercore,9834545.0,Eye Gaming,18867,Ultras Dota Pro League  2025-26,1107969.0,1.0,67,47,True,22.0
8844672236,1658,1780988400,9814269.0,Riftwalkers,9768243.0,Night Force,18959,Destiny League,1107952.0,1.0,19,35,False,22.0
8844666149,1964,1780987811,2443375.0,Foxy gaming,10145429.0,The Last Titan,18959,Destiny League,1107946.0,1.0,31,22,True,22.0
8844645858,1753,1780985733,9768243.0,Night Force,9814269.0,Riftwalkers,18959,Destiny League,1107952.0,1.0,38,21,True,22.0
8844635688,2378,1780984674,10145429.0,The Last Titan,2443375.0,Foxy gaming,18959,Destiny League,1107946.0,1.0,38,26,False,22.0
8844625701,1641,1780983566,9461271.0,Elite Eclipse,9564888.0,Dominion,18867,Ultras Dota Pro League  2025-26,1107937.0,1.0,21,45,False,22.0
8844621970,1717,1780983193,9767998.0,Nova Pulse,9768002.0,Lunar Vibes,18959,Destiny League,1107926.0,1.0,29,37,False,22.0
8844609584,1385,1780981874,9425656.0,LSG,8629315.0,Wiser Warriors,18959,Destiny League,1107930.0,1.0,21,6,True,22.0
8844603596,1209,1780981210,9564888.0,Dominion,9461271.0,Elite Eclipse,18867,Ultras Dota Pro League  2025-26,1107937.0,1.0,32,6,True,22.0
8844599139,1717,1780980708,9768002.0,Lunar Vibes,9767998.0,Nova Pulse,18959,Destiny League,1107926.0,1.0,19,30,False,22.0
8844585813,2022,1780979249,8629315.0,Wiser Warriors,9425656.0,LSG,18959,Destiny League,1107930.0,1.0,26,30,False,22.0
8844574370,1782,1780978076,9767998.0,Nova Pulse,9768002.0,Lunar Vibes,18959,Destiny League,1107926.0,1.0,20,42,False,22.0
8844570909,1976,1780977573,9593609.0,Nethercore,9461271.0,Elite Eclipse,18867,Ultras Dota Pro League  2025-26,1107911.0,1.0,35,45,False,22.0
8844544356,2068,1780974572,9461271.0,Elite Eclipse,9593609.0,Nethercore,18867,Ultras Dota Pro League  2025-26,1107911.0,1.0,41,14,True,22.0
8844541331,1638,1780974172,10081473.0,F-150,7155747.0,Old Resort,19467,Liga OverPower Season 2,1107899.0,3.0,39,23,True,22.0
8844515613,1692,1780971183,10081473.0,F-150,7155747.0,Old Resort,19467,Liga OverPower Season 2,1107899.0,3.0,42,11,True,22.0
8844495317,1852,1780968741,8850015.0,DARKNESS GAMING,9048057.0,Vitality Warriors,19201,Dota 2 Space League,1107869.0,1.0,27,40,False,22.0
8844477968,1533,1780966632,9048057.0,Vitality Warriors,8850015.0,DARKNESS GAMING,19201,Dota 2 Space League,1107869.0,1.0,10,26,False,22.0
8844460509,1602,1780964440,8850015.0,DARKNESS GAMING,9048057.0,Vitality Warriors,19201,Dota 2 Space League,1107869.0,1.0,12,28,False,22.0
8844439390,1991,1780961749,8957156.0,Silent killer,8849850.0,HELLBEAR HEROES,19201,Dota 2 Space League,1107846.0,1.0,40,30,True,22.0
8844417335,1741,1780959510,8849850.0,HELLBEAR HEROES,8957156.0,Silent killer,19201,Dota 2 Space League,1107846.0,1.0,16,27,False,22.0
8844391287,1951,1780956751,9025669.0,CrimsonSky,8970060.0,Moonwalkers,19201,Dota 2 Space League,1107835.0,1.0,24,32,False,22.0
8844374837,2582,1780955227,10144212.0,Bot 5 yout,10163747.0,Lu Lu Aung Enjoyer,19752,Immigrant Night Club #1,1107838.0,0.0,45,30,True,22.0
8844360254,1951,1780954144,8970060.0,Moonwalkers,9025669.0,CrimsonSky,19201,Dota 2 Space League,1107835.0,1.0,34,27,True,22.0
8844325113,1730,1780951612,,,,,19752,Immigrant Night Club #1,0.0,0.0,50,19,True,22.0
8844322373,1915,1780951460,9005364.0,Night Vision,8850016.0,FLYING FORTUNE,19201,Dota 2 Space League,1107817.0,1.0,39,28,True,22.0
8844308689,1765,1780950971,9600141.0,Zero Tenacity,9872558.0,VP.Prodigy,18866,European Pro League  2025-2026 Season,1107774.0,1.0,36,11,True,22.0
8844281257,1884,1780949032,8850016.0,FLYING FORTUNE,9005364.0,Night Vision,19201,Dota 2 Space League,1107817.0,1.0,16,32,False,22.0
8844244719,2345,1780947009,9600141.0,Zero Tenacity,9872558.0,VP.Prodigy,18866,European Pro League  2025-2026 Season,1107774.0,1.0,27,19,True,22.0
8844132483,2562,1780942074,9600141.0,Zero Tenacity,9872558.0,VP.Prodigy,18866,European Pro League  2025-2026 Season,1107774.0,1.0,18,41,False,22.0
8844088425,2028,1780939189,9691942.0,Nethercore,9530716.0,Air Defence,18867,Ultras Dota Pro League  2025-26,983468.0,1.0,42,27,True,22.0
8844054970,2490,1780937555,9600141.0,Zero Tenacity,10164643.0,Summer Bear,18866,European Pro League  2025-2026 Season,1107717.0,1.0,37,21,True,22.0
8844029922,1943,1780936412,2443375.0,Foxy gaming,9767998.0,Nova Pulse,18959,Destiny League,1107720.0,1.0,39,30,True,22.0
8844016446,2190,1780935746,9530716.0,Air Defence,9691942.0,Nethercore,18867,Ultras Dota Pro League  2025-26,983468.0,1.0,54,22,True,22.0
8843980398,1625,1780934147,9767998.0,Nova Pulse,2443375.0,Foxy gaming,18959,Destiny League,1107720.0,1.0,38,24,True,22.0
8843929877,2331,1780931958,9593609.0,Nethercore,9530716.0,Air Defence,18867,Ultras Dota Pro League  2025-26,1107716.0,1.0,59,48,True,22.0
8843923108,1646,1780931706,2443375.0,Foxy gaming,9767998.0,Nova Pulse,18959,Destiny League,1107720.0,1.0,37,22,True,22.0
8843915671,4205,1780931371,10164643.0,Summer Bear,9600141.0,Zero Tenacity,18866,European Pro League  2025-2026 Season,1107717.0,1.0,31,37,False,22.0
8843861335,1619,1780929292,9878494.0,LV United,10145429.0,The Last Titan,18959,Destiny League,1107672.0,1.0,36,40,False,22.0
8843806176,1909,1780927047,9593609.0,Nethercore,9397016.0,Elite Eclipse,18867,Ultras Dota Pro League  2025-26,1107662.0,1.0,44,16,True,22.0
8843803396,1629,1780926984,10145429.0,The Last Titan,9878494.0,LV United,18959,Destiny League,1107672.0,1.0,37,16,True,22.0
8843760302,1475,1780925234,10101793.0,BALU TEAM,9872558.0,VP.Prodigy,18866,European Pro League  2025-2026 Season,1107637.0,1.0,14,32,False,22.0
8843746483,1621,1780924694,9878494.0,LV United,10145429.0,The Last Titan,18959,Destiny League,1107672.0,1.0,29,16,True,22.0
8843726231,2626,1780923849,10151159.0,法式可颂蛋挞,10144936.0,软柿子人身意外饱险,19682,刀塔扭蛋杯,1107664.0,1.0,24,52,False,22.0
8843715589,1669,1780923844,9397016.0,Elite Eclipse,9593609.0,Nethercore,18867,Ultras Dota Pro League  2025-26,1107662.0,1.0,22,36,False,22.0
8843693228,1606,1780922436,9814269.0,Riftwalkers,8629315.0,Wiser Warriors,18959,Destiny League,1107638.0,1.0,18,26,False,22.0
8843653467,1804,1780920725,8831040.0,Ghost Sheep,9397016.0,Elite Eclipse,18867,Ultras Dota Pro League  2025-26,1107617.0,1.0,13,45,False,22.0
8843643476,2184,1780920194,10144936.0,软柿子人身意外饱险,10151159.0,法式可颂蛋挞,19682,刀塔扭蛋杯,1107642.0,1.0,27,18,True,22.0
8843638733,1793,1780920251,8629315.0,Wiser Warriors,9814269.0,Riftwalkers,18959,Destiny League,1107638.0,1.0,31,23,True,22.0
8843636057,3254,1780920268,10101793.0,BALU TEAM,9872558.0,VP.Prodigy,18866,European Pro League  2025-2026 Season,1107637.0,1.0,35,37,False,22.0
8843587707,2465,1780917278,8831040.0,Ghost Sheep,9397016.0,Elite Eclipse,18867,Ultras Dota Pro League  2025-26,1107617.0,1.0,56,22,True,22.0
8843567306,2330,1780916513,10157986.0,D Family,9098294.0,Carstensz Esports,18865,EPL World Series: Southeast Asia 2025-2026 Season ,1107609.0,1.0,19,39,False,22.0
8843562299,2000,1780915835,9767998.0,Nova Pulse,9768002.0,Lunar Vibes,18959,Destiny League,1107615.0,1.0,37,47,False,22.0
8843560379,2172,1780916262,10163973.0,RE ARISE,10170167.0,Nande+4,18866,European Pro League  2025-2026 Season,1107610.0,1.0,35,27,True,22.0
8843528442,2404,1780913795,9397016.0,Elite Eclipse,8831040.0,Ghost Sheep,18867,Ultras Dota Pro League  2025-26,1107617.0,1.0,55,35,True,22.0
8843520635,1868,1780913191,9768002.0,Lunar Vibes,9767998.0,Nova Pulse,18959,Destiny League,1107615.0,1.0,37,25,True,22.0
8843517459,1687,1780912931,10157986.0,D Family,9098294.0,Carstensz Esports,18865,EPL World Series: Southeast Asia 2025-2026 Season ,1107609.0,1.0,10,33,False,22.0
8843512570,2141,1780912589,10163973.0,RE ARISE,10170167.0,Nande+4,18866,European Pro League  2025-2026 Season,1107610.0,1.0,34,21,True,22.0
8843478384,2047,1780910151,9426115.0,Dark Rebellion,9425656.0,LSG,18959,Destiny League,1107606.0,1.0,33,36,False,22.0
8843465364,1706,1780909317,10170167.0,Nande+4,10163973.0,RE ARISE,18866,European Pro League  2025-2026 Season,1107610.0,1.0,27,15,True,22.0
8843460289,2613,1780909065,10157986.0,D Family,9098294.0,Carstensz Esports,18865,EPL World Series: Southeast Asia 2025-2026 Season ,1107609.0,1.0,36,31,True,22.0
8843446278,1773,1780907710,9425656.0,LSG,9426115.0,Dark Rebellion,18959,Destiny League,1107606.0,1.0,33,28,True,22.0
8843410204,2158,1780904807,9426115.0,Dark Rebellion,9425656.0,LSG,18959,Destiny League,1107606.0,1.0,41,33,True,22.0
8843385322,2470,1780902643,9878494.0,LV United,9814269.0,Riftwalkers,18959,Destiny League,1107599.0,1.0,44,53,False,22.0
8843379010,1721,1780901932,2443375.0,Foxy gaming,9768243.0,Night Force,18959,Destiny League,1107601.0,1.0,18,25,False,22.0
8843359039,1746,1780899955,9814269.0,Riftwalkers,9878494.0,LV United,18959,Destiny League,1107599.0,1.0,14,29,False,22.0
8843354296,1756,1780899489,9768243.0,Night Force,2443375.0,Foxy gaming,18959,Destiny League,1107601.0,1.0,29,18,True,22.0
8843334845,1808,1780897434,9878494.0,LV United,9814269.0,Riftwalkers,18959,Destiny League,1107599.0,1.0,32,33,False,22.0
8843327615,1938,1780896615,8629315.0,Wiser Warriors,9768002.0,Lunar Vibes,18959,Destiny League,1107589.0,1.0,27,32,False,22.0
8843309121,2030,1780894555,10145429.0,The Last Titan,9767998.0,Nova Pulse,18959,Destiny League,1107592.0,1.0,26,47,False,22.0
8843305192,1824,1780894117,9768002.0,Lunar Vibes,8629315.0,Wiser Warriors,18959,Destiny League,1107589.0,1.0,32,15,True,22.0
8843288026,2468,1780892198,10157986.0,D Family,10150434.0,DIREBORN,18865,EPL World Series: Southeast Asia 2025-2026 Season ,1107580.0,1.0,21,37,False,22.0
8843284843,1796,1780891886,9767998.0,Nova Pulse,10145429.0,The Last Titan,18959,Destiny League,1107592.0,1.0,33,18,True,22.0
8843282089,1968,1780891577,8629315.0,Wiser Warriors,9768002.0,Lunar Vibes,18959,Destiny League,1107589.0,1.0,37,27,True,22.0
8843246935,2763,1780887909,10150434.0,DIREBORN,10157986.0,D Family,18865,EPL World Series: Southeast Asia 2025-2026 Season ,1107580.0,1.0,37,23,True,22.0
8843195832,1748,1780881958,8850016.0,FLYING FORTUNE,9025669.0,CrimsonSky,19201,Dota 2 Space League,1107543.0,1.0,15,28,False,22.0
8843174025,1956,1780879467,9025669.0,CrimsonSky,8850016.0,FLYING FORTUNE,19201,Dota 2 Space League,1107543.0,1.0,23,27,True,22.0
8843154446,1643,1780877131,8849850.0,HELLBEAR HEROES,9005364.0,Night Vision,19201,Dota 2 Space League,1107520.0,1.0,30,14,True,22.0
8843141615,3071,1780875669,,,,,19752,Immigrant Night Club #1,0.0,0.0,24,42,False,22.0
8843131397,1937,1780874637,9005364.0,Night Vision,8849850.0,HELLBEAR HEROES,19201,Dota 2 Space League,1107520.0,1.0,24,35,False,22.0
8843120454,2629,1780873630,2647338.0,MightyGods,2114225.0,KINGSURF,19467,Liga OverPower Season 2,1107499.0,3.0,50,59,True,22.0
8843104532,1754,1780872150,8850015.0,DARKNESS GAMING,8957156.0,Silent killer,19201,Dota 2 Space League,1107497.0,1.0,27,27,False,22.0
8843094091,2927,1780871154,,,,,19752,Immigrant Night Club #1,0.0,0.0,48,56,False,22.0
8843084052,1308,1780870428,9988580.0,OwNing ProS DaiLy,10034132.0,Ositos Tilteados,19467,Liga OverPower Season 2,1107501.0,3.0,37,8,True,22.0
8843075828,2348,1780869747,2647338.0,MightyGods,2114225.0,KINGSURF,19467,Liga OverPower Season 2,1107499.0,0.0,44,26,True,22.0
8843074168,1788,1780869812,8957156.0,Silent killer,8850015.0,DARKNESS GAMING,19201,Dota 2 Space League,1107497.0,1.0,33,17,True,22.0
8843036194,1878,1780866937,9048057.0,Vitality Warriors,8970060.0,Moonwalkers,19201,Dota 2 Space League,1107459.0,1.0,19,36,False,22.0
8842997147,1909,1780864577,8970060.0,Moonwalkers,9048057.0,Vitality Warriors,19201,Dota 2 Space League,1107459.0,1.0,33,22,True,22.0
8842990240,2217,1780864134,9492680.0,Germans Dorfers,10144212.0,Bot 5 yout,19752,Immigrant Night Club #1,1107468.0,0.0,55,22,True,22.0
8842965487,2149,1780863229,10164643.0,Summer Bear,9872558.0,VP.Prodigy,18866,European Pro League  2025-2026 Season,1107411.0,1.0,16,37,False,22.0
8842959828,1543,1780862526,9048057.0,Vitality Warriors,8970060.0,Moonwalkers,19201,Dota 2 Space League,1107459.0,1.0,29,12,True,22.0
8842924338,1953,1780860778,9627650.0,5vpotoke,9433599.0,322,16251,Party To Play league,1107447.0,0.0,36,21,True,22.0
8842905182,1997,1780859749,10164643.0,Summer Bear,9872558.0,VP.Prodigy,18866,European Pro League  2025-2026 Season,1107411.0,1.0,9,42,False,22.0
8842902720,2793,1780859627,10163747.0,Lu Lu Aung Enjoyer,10144212.0,Bot 5 yout,19752,Immigrant Night Club #1,1107442.0,0.0,55,27,True,22.0
8842898664,2675,1780859431,9828921.0,Air Defence,10164106.0,Silent Shadows,18867,Ultras Dota Pro League  2025-26,1107418.0,1.0,46,50,False,22.0
8842845018,1888,1780857145,9823272.0,Team Yandex,10150538.0,LGD Gaming,19101,BLAST SLAM VII,1107308.0,2.0,29,6,True,22.0
8842827817,2185,1780856017,10169971.0,Огузки,10163435.0,BoomBoys,19176,SIVVIT League,1107419.0,0.0,11,36,False,22.0
8842826348,1687,1780855985,10164106.0,Silent Shadows,9828921.0,Air Defence,18867,Ultras Dota Pro League  2025-26,1107418.0,1.0,44,17,True,22.0
8842807923,2643,1780855404,10164643.0,Summer Bear,9872558.0,VP.Prodigy,18866,European Pro League  2025-2026 Season,1107411.0,1.0,34,16,True,22.0
8842749896,1538,1780852365,9828921.0,Air Defence,9397016.0,Elite Eclipse,18867,Ultras Dota Pro League  2025-26,1107346.0,1.0,17,49,False,22.0
8842722527,3129,1780851079,9823272.0,Team Yandex,10150538.0,LGD Gaming,19101,BLAST SLAM VII,1107308.0,2.0,26,24,False,22.0
8842698483,2543,1780850016,10163435.0,BoomBoys,,,19176,SIVVIT League,0.0,0.0,49,29,True,22.0
8842688380,4205,1780849571,10169971.0,Огузки,9148992.0,УЗНИКИ ДЖОКЕРГЕ,19176,SIVVIT League,1107380.0,0.0,49,36,True,22.0
8842659684,3037,1780848346,9828921.0,Air Defence,9397016.0,Elite Eclipse,18867,Ultras Dota Pro League  2025-26,1107346.0,1.0,54,43,False,22.0
8842596730,2532,1780846198,10150538.0,LGD Gaming,9823272.0,Team Yandex,19101,BLAST SLAM VII,1107308.0,2.0,14,33,False,22.0
8842580299,2295,1780845133,9397016.0,Elite Eclipse,9828921.0,Air Defence,18867,Ultras Dota Pro League  2025-26,1107346.0,1.0,31,42,False,22.0
8842574375,660,1780844899,10169971.0,Огузки,,,19176,SIVVIT League,0.0,0.0,17,0,True,22.0
8842570779,2597,1780844759,10163435.0,BoomBoys,10032769.0,porebrik,19176,SIVVIT League,1107341.0,0.0,32,20,True,22.0
8842559153,2990,1780844315,9148992.0,УЗНИКИ ДЖОКЕРГЕ,10158044.0,CHIDORI STORM,19176,SIVVIT League,1107339.0,0.0,51,38,True,22.0
8842468101,2884,1780840990,9823272.0,Team Yandex,10150538.0,LGD Gaming,19101,BLAST SLAM VII,1107308.0,2.0,32,12,True,22.0
8842439464,2130,1780839977,10150291.0,GOD SYSTEM,,,19176,SIVVIT League,0.0,0.0,21,38,False,22.0
8842439090,1959,1780839965,10032769.0,porebrik,9467264.0,MakeevkaTeam,19176,SIVVIT League,1107302.0,0.0,46,19,True,22.0
8842438058,2270,1780839927,8815927.0,KULAK TEAM,9148992.0,УЗНИКИ ДЖОКЕРГЕ,19176,SIVVIT League,1107301.0,0.0,34,45,False,22.0
8842432544,1764,1780839731,10163435.0,BoomBoys,10137019.0,DayDreams,19176,SIVVIT League,1107300.0,0.0,34,6,True,22.0
8842427685,1126,1780839558,10169971.0,Огузки,,,19176,SIVVIT League,0.0,0.0,44,4,True,22.0
8842425530,3026,1780839479,10108233.0,ShIShUlI,10158044.0,CHIDORI STORM,19176,SIVVIT League,1107297.0,0.0,32,47,False,22.0
8842386728,4272,1780838115,9366802.0,超耐磨,10144936.0,软柿子人身意外饱险,19682,刀塔扭蛋杯,1107285.0,1.0,32,40,False,22.0
8842319756,2147,1780835453,10143469.0,Газики,10169967.0,АГПЗ,16251,Party To Play league,1107253.0,0.0,28,58,False,22.0
8842309582,2754,1780835012,,,10157723.0,Team Sparta,19176,SIVVIT League,0.0,0.0,53,34,True,22.0
8842301295,1661,1780834663,10169971.0,Огузки,10138069.0,Sixseven Team,19176,SIVVIT League,1107251.0,0.0,37,8,True,22.0
8842291771,1181,1780834269,9829263.0,5Prisoners,,,19176,SIVVIT League,0.0,0.0,15,21,False,22.0
8842288903,1887,1780834148,,,9148992.0,УЗНИКИ ДЖОКЕРГЕ,19176,SIVVIT League,0.0,0.0,10,65,False,22.0
8842287627,1309,1780834093,10143705.0,Crystallis ,10158044.0,CHIDORI STORM,19176,SIVVIT League,1107237.0,0.0,11,36,False,22.0
8842284527,1946,1780833962,,,,,19176,SIVVIT League,0.0,0.0,32,9,True,22.0
8842284077,1745,1780833943,8815927.0,KULAK TEAM,9989379.0,kal team,19176,SIVVIT League,1107233.0,0.0,40,13,True,22.0
8842283685,4077,1780833926,,,,,19176,SIVVIT League,0.0,0.0,57,48,True,22.0
8842283225,1586,1780833908,9467264.0,MakeevkaTeam,9554829.0,Кочегары,19176,SIVVIT League,1107232.0,0.0,43,15,True,22.0
8842282849,1567,1780833893,10157552.0,team squirt,10150291.0,GOD SYSTEM,19176,SIVVIT League,1107231.0,0.0,14,57,False,22.0
8842282255,1258,1780833867,10108233.0,ShIShUlI,,,19176,SIVVIT League,0.0,0.0,33,3,True,22.0
8842281155,3108,1780833840,10144936.0,软柿子人身意外饱险,10144738.0,超耐磨,19682,刀塔扭蛋杯,1107230.0,1.0,34,32,True,22.0
8842280450,3528,1780833791,10116588.0,Team P2hi,10032769.0,porebrik,19176,SIVVIT League,1107228.0,0.0,38,49,False,22.0
8842245726,3516,1780832552,8255888.0,BoomBoys,10150538.0,LGD Gaming,19101,BLAST SLAM VII,1107152.0,1.0,20,28,False,22.0
8842239971,2179,1780832051,10169967.0,АГПЗ,10143469.0,Газики,16251,Party To Play league,1107217.0,0.0,39,33,True,22.0
8842224262,1719,1780831335,10145429.0,The Last Titan,9768243.0,Night Force,18959,Destiny League,1107198.0,1.0,34,27,True,22.0
8842178140,1711,1780829060,9768243.0,Night Force,10145429.0,The Last Titan,18959,Destiny League,1107198.0,1.0,25,35,False,22.0
8842156122,1799,1780827934,10102001.0, ПАО МОСЭНЕРГО,10143469.0,Газики,16251,Party To Play league,1107195.0,0.0,34,35,False,22.0
8842134886,3492,1780827193,8255888.0,BoomBoys,10150538.0,LGD Gaming,19101,BLAST SLAM VII,1107152.0,1.0,34,24,True,22.0
8842122923,1738,1780826275,9425656.0,LSG,9814269.0,Riftwalkers,18959,Destiny League,1107145.0,1.0,20,34,False,22.0
8842074582,2684,1780823684,10143469.0,Газики,10102001.0, ПАО МОСЭНЕРГО,16251,Party To Play league,1107168.0,0.0,42,39,True,22.0
8842068579,1920,1780823372,9814269.0,Riftwalkers,9425656.0,LSG,18959,Destiny League,1107145.0,1.0,29,27,True,22.0
8842052142,2304,1780822835,10150538.0,LGD Gaming,8255888.0,BoomBoys,19101,BLAST SLAM VII,1107152.0,1.0,34,13,True,22.0
8842006605,2326,1780820216,9425656.0,LSG,9814269.0,Riftwalkers,18959,Destiny League,1107145.0,1.0,50,20,True,22.0
8841988655,2218,1780819473,10144697.0,Ivory,10157986.0,D Family,18865,EPL World Series: Southeast Asia 2025-2026 Season ,1107129.0,1.0,46,18,True,22.0
8841984062,1825,1780818835,10102001.0, ПАО МОСЭНЕРГО,9291486.0,TeammateArena,16251,Party To Play league,1107138.0,0.0,17,36,False,22.0
8841947449,2200,1780816696,9767998.0,Nova Pulse,9426115.0,Dark Rebellion,18959,Destiny League,1107114.0,1.0,29,33,False,22.0
8841940457,1309,1780816240,10102001.0, ПАО МОСЭНЕРГО,9291486.0,TeammateArena,16251,Party To Play league,1107130.0,0.0,6,35,False,22.0
8841934598,1752,1780815862,10157986.0,D Family,10144697.0,Ivory,18865,EPL World Series: Southeast Asia 2025-2026 Season ,1107129.0,1.0,36,16,True,22.0
8841908640,1838,1780814250,9426115.0,Dark Rebellion,9767998.0,Nova Pulse,18959,Destiny League,1107114.0,1.0,18,43,False,22.0
8841878575,1542,1780812255,9878494.0,LV United,9768243.0,Night Force,18959,Destiny League,1107106.0,1.0,33,33,False,22.0
8841868950,2043,1780811580,9767998.0,Nova Pulse,9426115.0,Dark Rebellion,18959,Destiny League,1107114.0,1.0,20,35,False,22.0
8841868771,2184,1780811989,10157986.0,D Family,10144697.0,Ivory,18865,EPL World Series: Southeast Asia 2025-2026 Season ,1107113.0,3.0,10,32,False,22.0
8841848683,1504,1780810119,9768243.0,Night Force,9878494.0,LV United,18959,Destiny League,1107106.0,1.0,46,29,True,22.0
8841829340,1815,1780808703,9768002.0,Lunar Vibes,2443375.0,Foxy gaming,18959,Destiny League,1107101.0,1.0,25,22,True,22.0
8841820598,1564,1780808061,9878494.0,LV United,9768243.0,Night Force,18959,Destiny League,1107106.0,1.0,44,22,True,22.0
8841794105,1869,1780805824,2443375.0,Foxy gaming,9768002.0,Lunar Vibes,18959,Destiny League,1107101.0,1.0,19,33,False,22.0
8841789995,1829,1780805485,10145429.0,The Last Titan,9425656.0,LSG,18959,Destiny League,1107091.0,1.0,56,40,True,22.0
8841755696,1767,1780803096,9425656.0,LSG,10145429.0,The Last Titan,18959,Destiny League,1107091.0,1.0,32,46,False,22.0
8841686464,1935,1780796310,,,10144212.0,Bot 5 yout,19752,Immigrant Night Club #1,0.0,0.0,22,51,False,22.0
8841628333,4460,1780790246,10163747.0,Lu Lu Aung Enjoyer,10089085.0,Rangoon,19752,Immigrant Night Club #1,1107045.0,0.0,47,49,False,22.0
8841589939,2182,1780786626,,,9492680.0,Germans Dorfers,19752,Immigrant Night Club #1,0.0,0.0,49,31,True,22.0
8841525133,2883,1780781912,10144212.0,Bot 5 yout,9492680.0,Germans Dorfers,19752,Immigrant Night Club #1,1107017.0,0.0,68,41,True,22.0
8841465130,1920,1780778438,,,10163747.0,Lu Lu Aung Enjoyer,19752,Immigrant Night Club #1,0.0,0.0,54,19,True,22.0
8841371638,1899,1780773731,10047709.0,Ilbirs Esports,10163973.0,RE ARISE,18866,European Pro League  2025-2026 Season,1106960.0,1.0,18,20,False,22.0
8841272971,2349,1780769160,10163973.0,RE ARISE,10047709.0,Ilbirs Esports,18866,European Pro League  2025-2026 Season,1106960.0,1.0,28,17,True,22.0
8841231956,6689,1780767536,9467224.0,Aurora Gaming,10150538.0,LGD Gaming,19101,BLAST SLAM VII,1106888.0,1.0,46,45,False,22.0
8841114801,2972,1780762402,9467224.0,Aurora Gaming,10150538.0,LGD Gaming,19101,BLAST SLAM VII,1106888.0,1.0,14,48,False,22.0
8841104171,2035,1780761592,9600141.0,Zero Tenacity,10001733.0,Hive,18866,European Pro League  2025-2026 Season,1106898.0,1.0,35,27,True,22.0
8841013913,1510,1780758307,10001733.0,Hive,9600141.0,Zero Tenacity,18866,European Pro League  2025-2026 Season,1106898.0,1.0,4,33,False,22.0
8840984097,3033,1780757257,10150538.0,LGD Gaming,9467224.0,Aurora Gaming,19101,BLAST SLAM VII,1106888.0,1.0,14,51,False,22.0
8840859479,3115,1780752178,10144738.0,超耐磨,10144969.0,兄弟DOTA,19682,刀塔扭蛋杯,1106846.0,1.0,57,38,True,22.0
8840825845,1355,1780750812,9600141.0,Zero Tenacity,10101793.0,BALU TEAM,18866,European Pro League  2025-2026 Season,1106792.0,1.0,45,8,True,22.0
8840821227,3814,1780750620,8255888.0,BoomBoys,9823272.0,Team Yandex,19101,BLAST SLAM VII,1106741.0,1.0,30,25,False,22.0
8840759117,2851,1780748157,10144969.0,兄弟DOTA,9366802.0,超耐磨,19682,刀塔扭蛋杯,1106807.0,1.0,37,44,False,22.0
8840744350,1605,1780747410,9600141.0,Zero Tenacity,10101793.0,BALU TEAM,18866,European Pro League  2025-2026 Season,1106792.0,1.0,26,11,True,22.0
8840704374,2518,1780745644,9823272.0,Team Yandex,8255888.0,BoomBoys,19101,BLAST SLAM VII,1106741.0,1.0,33,18,True,22.0
8840683216,1092,1780744196,9426115.0,Dark Rebellion,8629315.0,Wiser Warriors,18959,Destiny League,1106734.0,1.0,10,29,False,22.0
8840649182,1282,1780742389,8629315.0,Wiser Warriors,9426115.0,Dark Rebellion,18959,Destiny League,1106734.0,1.0,35,23,True,22.0
8840635639,1792,1780741835,8255888.0,BoomBoys,9823272.0,Team Yandex,19101,BLAST SLAM VII,1106741.0,1.0,26,13,True,22.0
8840618095,2081,1780740494,10163501.0,Ec1ipse,10164643.0,Summer Bear,18866,European Pro League  2025-2026 Season,1106715.0,1.0,12,34,False,22.0
8840609143,1701,1780739981,9426115.0,Dark Rebellion,8629315.0,Wiser Warriors,18959,Destiny League,1106734.0,1.0,37,26,True,22.0
8840558641,1859,1780737164,9768002.0,Lunar Vibes,10145429.0,The Last Titan,18959,Destiny League,1106712.0,1.0,25,22,True,22.0
8840549622,2006,1780736621,10164643.0,Summer Bear,10163501.0,Ec1ipse,18866,European Pro League  2025-2026 Season,1106715.0,1.0,26,11,True,22.0
8840525289,1202,1780735243,10145429.0,The Last Titan,9768002.0,Lunar Vibes,18959,Destiny League,1106712.0,1.0,20,45,False,22.0
8840489040,1258,1780733119,9814269.0,Riftwalkers,9767998.0,Nova Pulse,18959,Destiny League,1106672.0,1.0,31,18,True,22.0
8840455295,1234,1780731066,9767998.0,Nova Pulse,9814269.0,Riftwalkers,18959,Destiny League,1106672.0,1.0,21,36,False,22.0
8840414651,2044,1780728306,9814269.0,Riftwalkers,9767998.0,Nova Pulse,18959,Destiny League,1106672.0,1.0,37,41,False,22.0
8840389004,1032,1780726523,9425656.0,LSG,9878494.0,LV United,18959,Destiny League,1106651.0,1.0,5,29,False,22.0
8840364304,1432,1780724574,9878494.0,LV United,9425656.0,LSG,18959,Destiny League,1106651.0,1.0,31,40,False,22.0
8840335217,1533,1780722176,9425656.0,LSG,9878494.0,LV United,18959,Destiny League,1106651.0,1.0,19,34,False,22.0
8840186479,1303,1780708411,8957156.0,Silent killer,9048057.0,Vitality Warriors,19201,Dota 2 Space League,1106592.0,1.0,9,29,False,22.0
8840175175,2245,1780707083,,,10144212.0,Bot 5 yout,19752,Immigrant Night Club #1,0.0,0.0,54,29,True,22.0
8840165445,1779,1780706066,9048057.0,Vitality Warriors,8957156.0,Silent killer,19201,Dota 2 Space League,1106592.0,1.0,29,29,True,22.0
8840145359,1822,1780703749,10144212.0,Bot 5 yout,,,19752,Immigrant Night Club #1,0.0,0.0,45,19,True,22.0
8840144429,1670,1780703764,8957156.0,Silent killer,9048057.0,Vitality Warriors,19201,Dota 2 Space League,1106592.0,1.0,39,18,True,22.0
8840118985,1782,1780701081,8850015.0,DARKNESS GAMING,9005364.0,Night Vision,19201,Dota 2 Space League,1106580.0,1.0,33,28,True,22.0
8840094309,1600,1780698830,9005364.0,Night Vision,8850015.0,DARKNESS GAMING,19201,Dota 2 Space League,1106580.0,1.0,19,39,False,22.0
8840072477,2996,1780697064,,,,,19752,Immigrant Night Club #1,0.0,0.0,35,49,False,22.0
8840065498,1694,1780696572,8850016.0,FLYING FORTUNE,8970060.0,Moonwalkers,19201,Dota 2 Space League,1106563.0,1.0,33,42,False,22.0
8840034153,3250,1780694758,9948367.0,Team Spirit Academy,10047709.0,Ilbirs Esports,18866,European Pro League  2025-2026 Season,1106500.0,1.0,25,40,False,22.0
8840031043,1493,1780694387,8970060.0,Moonwalkers,8850016.0,FLYING FORTUNE,19201,Dota 2 Space League,1106563.0,1.0,33,12,True,22.0
8839991181,1662,1780691872,8849850.0,HELLBEAR HEROES,9025669.0,CrimsonSky,19201,Dota 2 Space League,1106543.0,1.0,33,25,True,22.0
8839941248,1702,1780689736,9025669.0,CrimsonSky,8849850.0,HELLBEAR HEROES,19201,Dota 2 Space League,1106543.0,1.0,29,40,False,22.0
8839929092,4149,1780688905,9948367.0,Team Spirit Academy,10047709.0,Ilbirs Esports,18866,European Pro League  2025-2026 Season,1106500.0,1.0,39,40,True,22.0
8839797269,3818,1780682705,10047709.0,Ilbirs Esports,9948367.0,Team Spirit Academy,18866,European Pro League  2025-2026 Season,1106500.0,1.0,39,31,True,22.0
8839717574,2007,1780679023,9467224.0,Aurora Gaming,9247354.0,Team Falcons,19101,BLAST SLAM VII,1106425.0,1.0,42,15,True,22.0
8839685762,2145,1780677173,9600141.0,Zero Tenacity,10163501.0,Ec1ipse,18866,European Pro League  2025-2026 Season,1106438.0,1.0,25,11,True,22.0
8839670884,2126,1780676608,9814269.0,Riftwalkers,9878494.0,LV United,18959,Destiny League,1106459.0,1.0,34,63,False,22.0
8839625815,1935,1780674970,9247354.0,Team Falcons,9467224.0,Aurora Gaming,19101,BLAST SLAM VII,1106425.0,1.0,25,46,False,22.0
8839622994,1637,1780674590,9878494.0,LV United,9814269.0,Riftwalkers,18959,Destiny League,1106459.0,1.0,38,25,True,22.0
8839553120,3394,1780672136,9600141.0,Zero Tenacity,10163501.0,Ec1ipse,18866,European Pro League  2025-2026 Season,1106438.0,1.0,32,22,True,22.0
8839542119,1619,1780671348,2443375.0,Foxy gaming,9425656.0,LSG,18959,Destiny League,1106415.0,1.0,25,16,True,22.0
8839498591,1867,1780669685,10144738.0,超耐磨,10144933.0,12.6个悠远火星小傻蛋,19682,刀塔扭蛋杯,1106426.0,1.0,34,18,True,22.0
8839494962,2914,1780670050,9467224.0,Aurora Gaming,9247354.0,Team Falcons,19101,BLAST SLAM VII,1106425.0,1.0,33,30,False,22.0
8839462527,2459,1780668346,9425656.0,LSG,2443375.0,Foxy gaming,18959,Destiny League,1106415.0,1.0,49,57,False,22.0
8839405430,1665,1780665969,8629315.0,Wiser Warriors,9768002.0,Lunar Vibes,18959,Destiny League,1106367.0,1.0,32,14,True,22.0
8839398717,2985,1780665661,10144969.0,兄弟DOTA,10150388.0,九州忠诚,19682,刀塔扭蛋杯,1106399.0,1.0,60,38,True,22.0
8839395811,3136,1780665567,10144933.0,12.6个悠远火星小傻蛋,9366802.0,超耐磨,19682,刀塔扭蛋杯,1106396.0,1.0,30,35,False,22.0
8839379216,2108,1780664874,10151159.0,法式可颂蛋挞,10144936.0,软柿子人身意外饱险,19682,刀塔扭蛋杯,1106390.0,1.0,25,13,True,22.0
8839371536,2443,1780665010,9828897.0,REKONIX,10081680.0,GLYPH,19699,Road To EWC 2026 Regional Qualifiers,1106316.0,2.0,31,9,True,22.0
8839366504,2268,1780664604,2163.0,Team Liquid,10150538.0,LGD Gaming,19101,BLAST SLAM VII,1106358.0,1.0,12,32,False,22.0
8839347913,1946,1780663435,9768002.0,Lunar Vibes,8629315.0,Wiser Warriors,18959,Destiny League,1106367.0,1.0,39,49,True,22.0
8839311190,2738,1780661709,10150388.0,九州忠诚,10144969.0,兄弟DOTA,19682,刀塔扭蛋杯,1106370.0,1.0,48,40,False,22.0
8839304102,1674,1780661283,8629315.0,Wiser Warriors,9768002.0,Lunar Vibes,18959,Destiny League,1106367.0,1.0,32,15,True,22.0
8839299339,2480,1780661069,10144936.0,软柿子人身意外饱险,10151159.0,法式可颂蛋挞,19682,刀塔扭蛋杯,1106362.0,1.0,19,41,False,22.0
8839296919,3234,1780660911,9366802.0,超耐磨,10144933.0,12.6个悠远火星小傻蛋,19682,刀塔扭蛋杯,1106360.0,1.0,32,36,False,22.0
8839284303,1821,1780660597,2163.0,Team Liquid,10150538.0,LGD Gaming,19101,BLAST SLAM VII,1106358.0,1.0,7,24,False,22.0
8839281131,3097,1780660025,10081680.0,GLYPH,9828897.0,REKONIX,19699,Road To EWC 2026 Regional Qualifiers,1106316.0,2.0,21,15,True,22.0
8839231080,1981,1780657112,9828921.0,Air Defence,9397016.0,Elite Eclipse,18867,Ultras Dota Pro League  2025-26,1106330.0,1.0,42,62,False,22.0
8839206225,2616,1780655527,9828897.0,REKONIX,10081680.0,GLYPH,19699,Road To EWC 2026 Regional Qualifiers,1106316.0,2.0,28,20,True,22.0
8839193447,2786,1780654978,9247354.0,Team Falcons,8255888.0,BoomBoys,19101,BLAST SLAM VII,1106321.0,1.0,10,33,False,22.0
8839182014,913,1780653986,9814269.0,Riftwalkers,2443375.0,Foxy gaming,18959,Destiny League,1106324.0,1.0,31,7,True,22.0
8839180262,2647,1780653792,10001733.0,Hive,10101793.0,BALU TEAM,18866,European Pro League  2025-2026 Season,1106323.0,1.0,22,20,True,22.0
8839175194,1205,1780654836,9397016.0,Elite Eclipse,9828921.0,Air Defence,18867,Ultras Dota Pro League  2025-26,1106330.0,1.0,27,14,True,22.0
8839144191,2459,1780651211,9828897.0,REKONIX,10081680.0,GLYPH,19699,Road To EWC 2026 Regional Qualifiers,1106316.0,2.0,17,30,False,22.0
8839140706,2154,1780651021,2443375.0,Foxy gaming,9814269.0,Riftwalkers,18959,Destiny League,1106324.0,1.0,34,24,False,22.0
8839125558,2221,1780650042,10001733.0,Hive,10101793.0,BALU TEAM,18866,European Pro League  2025-2026 Season,1106323.0,1.0,43,8,True,22.0
8839124385,1971,1780649796,9691942.0,Nethercore,8831040.0,Ghost Sheep,18867,Ultras Dota Pro League  2025-26,1106322.0,1.0,50,37,True,22.0
8839123109,2937,1780650023,9247354.0,Team Falcons,8255888.0,BoomBoys,19101,BLAST SLAM VII,1106321.0,1.0,13,30,False,22.0
8839107485,1516,1780648579,10145429.0,The Last Titan,9426115.0,Dark Rebellion,18959,Destiny League,1106311.0,1.0,12,40,False,22.0
8839075338,2731,1780646414,9828897.0,REKONIX,10081680.0,GLYPH,19699,Road To EWC 2026 Regional Qualifiers,1106316.0,2.0,33,16,True,22.0
8839074638,1617,1780646004,9426115.0,Dark Rebellion,10145429.0,The Last Titan,18959,Destiny League,1106311.0,1.0,29,23,True,22.0
8839061178,2151,1780644882,8831040.0,Ghost Sheep,9593609.0,Nethercore,18867,Ultras Dota Pro League  2025-26,1106314.0,1.0,33,56,False,22.0
8839046221,1863,1780643528,10145429.0,The Last Titan,9426115.0,Dark Rebellion,18959,Destiny League,1106311.0,1.0,45,40,True,22.0
8839041609,1106,1780643071,2443375.0,Foxy gaming,9878494.0,LV United,18959,Destiny League,1106308.0,1.0,38,10,True,22.0
8839019151,1834,1780640903,9768243.0,Night Force,9425656.0,LSG,18959,Destiny League,1106307.0,1.0,27,44,False,22.0
8839016956,1725,1780640705,9878494.0,LV United,2443375.0,Foxy gaming,18959,Destiny League,1106308.0,1.0,26,34,False,22.0
8839004252,1895,1780639321,9828921.0,Air Defence,9593609.0,Nethercore,18867,Ultras Dota Pro League  2025-26,1106301.0,1.0,25,47,False,22.0
8838998887,1544,1780638773,9425656.0,LSG,9768243.0,Night Force,18959,Destiny League,1106307.0,1.0,27,29,True,22.0
8838987276,1671,1780637583,9768002.0,Lunar Vibes,9814269.0,Riftwalkers,18959,Destiny League,1106294.0,1.0,40,22,True,22.0
8838975095,2989,1780636201,9828897.0,REKONIX,8254145.0,Execration,19699,Road To EWC 2026 Regional Qualifiers,1106290.0,1.0,48,32,True,22.0
8838973452,2164,1780636017,9593609.0,Nethercore,9828921.0,Air Defence,18867,Ultras Dota Pro League  2025-26,1106301.0,1.0,41,21,True,22.0
8838972020,1705,1780635895,8629315.0,Wiser Warriors,9767998.0,Nova Pulse,18959,Destiny League,1106295.0,1.0,18,35,False,22.0
8838967195,1643,1780635399,9814269.0,Riftwalkers,9768002.0,Lunar Vibes,18959,Destiny League,1106294.0,1.0,36,20,True,22.0
8838948174,1869,1780633353,9767998.0,Nova Pulse,8629315.0,Wiser Warriors,18959,Destiny League,1106295.0,1.0,41,28,True,22.0
8838947464,1614,1780633257,9768002.0,Lunar Vibes,9814269.0,Riftwalkers,18959,Destiny League,1106294.0,1.0,44,26,True,22.0
8838931537,2398,1780632001,9828897.0,REKONIX,8254145.0,Execration,19699,Road To EWC 2026 Regional Qualifiers,1106290.0,1.0,23,15,True,22.0
8838884728,1828,1780626175,8850016.0,FLYING FORTUNE,8849850.0,HELLBEAR HEROES,19201,Dota 2 Space League,1106234.0,1.0,19,38,False,22.0
8838861333,1945,1780623530,8849850.0,HELLBEAR HEROES,8850016.0,FLYING FORTUNE,19201,Dota 2 Space League,1106234.0,1.0,27,25,True,22.0
8838844375,1260,1780621506,8957156.0,Silent killer,8970060.0,Moonwalkers,19201,Dota 2 Space League,1106189.0,1.0,15,27,False,22.0
8838824359,1434,1780618611,8970060.0,Moonwalkers,8957156.0,Silent killer,19201,Dota 2 Space League,1106189.0,1.0,14,24,False,22.0
8838810176,3306,1780616755,,,,,19752,Immigrant Night Club #1,0.0,0.0,29,50,False,22.0
8838807600,1554,1780616495,8957156.0,Silent killer,8970060.0,Moonwalkers,19201,Dota 2 Space League,1106189.0,1.0,12,28,False,22.0
8838789226,1581,1780614325,9048057.0,Vitality Warriors,9005364.0,Night Vision,19201,Dota 2 Space League,1106173.0,1.0,43,26,True,22.0
8838767600,1658,1780612134,9005364.0,Night Vision,9048057.0,Vitality Warriors,19201,Dota 2 Space League,1106173.0,1.0,20,38,False,22.0
8838757187,3212,1780611044,,,,,19752,Immigrant Night Club #1,0.0,0.0,50,41,True,22.0
8838730648,1186,1780608831,9964962.0,GamerLegion,10144722.0,IGNITE,19699,Road To EWC 2026 Regional Qualifiers,1106151.0,2.0,31,10,True,22.0
8838725232,1992,1780608573,9048057.0,Vitality Warriors,9005364.0,Night Vision,19201,Dota 2 Space League,1106173.0,1.0,39,48,False,22.0
8838688315,1245,1780605821,10144722.0,IGNITE,9964962.0,GamerLegion,19699,Road To EWC 2026 Regional Qualifiers,1106151.0,2.0,12,39,False,22.0
8838688177,1461,1780605858,9025669.0,CrimsonSky,8850015.0,DARKNESS GAMING,19201,Dota 2 Space League,1106152.0,1.0,16,34,False,22.0
8838657173,931,1780603911,10001733.0,Hive,9872558.0,VP.Prodigy,18866,European Pro League  2025-2026 Season,1106143.0,1.0,2,29,False,22.0
8838644686,1928,1780603317,8850015.0,DARKNESS GAMING,9025669.0,CrimsonSky,19201,Dota 2 Space League,1106152.0,1.0,46,29,True,22.0
8838642476,730,1780603266,9964962.0,GamerLegion,10144722.0,IGNITE,19699,Road To EWC 2026 Regional Qualifiers,1106151.0,2.0,20,2,True,22.0
8838597999,1656,1780600864,10001733.0,Hive,9872558.0,VP.Prodigy,18866,European Pro League  2025-2026 Season,1106143.0,1.0,11,32,False,22.0
8838575634,2144,1780599454,,,9337762.0,gway toe ,19752,Immigrant Night Club #1,0.0,0.0,32,52,False,22.0
8838571851,1501,1780599253,9717312.0,Silent Shadows,9828921.0,Air Defence,18867,Ultras Dota Pro League  2025-26,1106113.0,1.0,57,19,True,22.0
8838520571,1551,1780597370,10164102.0,Stormrage,10144722.0,IGNITE,19699,Road To EWC 2026 Regional Qualifiers,1106075.0,1.0,5,39,False,22.0
8838509104,1926,1780596003,,,10144212.0,Bot 5 yout,19752,Immigrant Night Club #1,0.0,0.0,20,32,False,22.0
8838503932,3303,1780596094,10163501.0,Ec1ipse,10101793.0,BALU TEAM,18866,European Pro League  2025-2026 Season,1106055.0,1.0,29,44,False,22.0
8838494602,2723,1780595297,9828921.0,Air Defence,9717312.0,Silent Shadows,18867,Ultras Dota Pro League  2025-26,1106113.0,1.0,43,53,False,22.0
8838480778,3601,1780594866,10150538.0,LGD Gaming,9823272.0,Team Yandex,19101,BLAST SLAM VII,1106058.0,1.0,19,45,False,22.0
8838454105,1624,1780593219,10144722.0,IGNITE,10164102.0,Stormrage,19699,Road To EWC 2026 Regional Qualifiers,1106075.0,1.0,14,30,False,22.0
8838421176,1525,1780591609,9628678.0,Teiko,9397016.0,Elite Eclipse,18867,Ultras Dota Pro League  2025-26,1106093.0,1.0,15,50,False,22.0
8838403735,1743,1780590780,9768243.0,Night Force,8629315.0,Wiser Warriors,18959,Destiny League,1106059.0,1.0,48,21,True,22.0
8838396820,2225,1780590712,9823272.0,Team Yandex,10150538.0,LGD Gaming,19101,BLAST SLAM VII,1106058.0,1.0,8,41,False,22.0
8838364546,1751,1780588915,9397016.0,Elite Eclipse,9729268.0,Teiko,18867,Ultras Dota Pro League  2025-26,1106077.0,1.0,38,22,True,22.0
8838364056,1682,1780589031,10164102.0,Stormrage,10144722.0,IGNITE,19699,Road To EWC 2026 Regional Qualifiers,1106075.0,1.0,10,29,False,22.0
8838361866,5047,1780588794,10163501.0,Ec1ipse,10101793.0,BALU TEAM,18866,European Pro League  2025-2026 Season,1106055.0,1.0,55,58,False,22.0
8838358957,1638,1780588675,8629315.0,Wiser Warriors,9768243.0,Night Force,18959,Destiny League,1106059.0,1.0,38,25,True,22.0
8838303336,2400,1780586170,10150538.0,LGD Gaming,9823272.0,Team Yandex,19101,BLAST SLAM VII,1106058.0,1.0,5,45,False,22.0
8838298074,2056,1780586001,9768243.0,Night Force,8629315.0,Wiser Warriors,18959,Destiny League,1106059.0,1.0,54,47,True,22.0
8838282125,2397,1780585371,9906210.0,Teiko,9397016.0,Elite Eclipse,18867,Ultras Dota Pro League  2025-26,1106056.0,1.0,53,53,True,22.0
8838281674,1908,1780585366,10101793.0,BALU TEAM,10163501.0,Ec1ipse,18866,European Pro League  2025-2026 Season,1106055.0,1.0,7,27,False,22.0
8838241062,1675,1780583649,9878494.0,LV United,9426115.0,Dark Rebellion,18959,Destiny League,1106031.0,1.0,33,30,True,22.0
8838224499,2065,1780582930,10150388.0,九州忠诚,10151159.0,法式可颂蛋挞,19682,刀塔扭蛋杯,1106039.0,1.0,13,27,False,22.0
8838217145,3969,1780582689,10150644.0,汤臣一品,9366802.0,超耐磨,19682,刀塔扭蛋杯,1105997.0,1.0,32,48,False,22.0
8838211696,1277,1780583102,10081680.0,GLYPH,8254145.0,Execration,19699,Road To EWC 2026 Regional Qualifiers,1105979.0,1.0,15,5,True,22.0
8838188216,1628,1780581426,9426115.0,Dark Rebellion,9878494.0,LV United,18959,Destiny League,1106031.0,1.0,15,30,False,22.0
8838170936,2254,1780580999,9247354.0,Team Falcons,2163.0,Team Liquid,19101,BLAST SLAM VII,1105999.0,1.0,46,28,True,22.0
8838148176,1528,1780579747,9828921.0,Air Defence,9397016.0,Elite Eclipse,18867,Ultras Dota Pro League  2025-26,1106003.0,1.0,28,64,False,22.0
8838133099,1632,1780579142,9425656.0,LSG,9767998.0,Nova Pulse,18959,Destiny League,1105985.0,1.0,19,29,False,22.0
8838124044,2667,1780578728,9828897.0,REKONIX,9098294.0,Carstensz Esports,19699,Road To EWC 2026 Regional Qualifiers,1105978.0,1.0,38,30,True,22.0
8838121325,2861,1780578612,8254145.0,Execration,10081680.0,GLYPH,19699,Road To EWC 2026 Regional Qualifiers,1105979.0,1.0,28,35,False,22.0
8838109931,3160,1780578158,10151030.0,海南水果大亨,10144969.0,兄弟DOTA,19682,刀塔扭蛋杯,1106010.0,1.0,50,33,True,22.0
8838105279,2081,1780577931,10144933.0,12.6个悠远火星小傻蛋,10144936.0,软柿子人身意外饱险,19682,刀塔扭蛋杯,1106007.0,1.0,17,42,False,22.0
8838087911,1321,1780577127,9397016.0,Elite Eclipse,9828921.0,Air Defence,18867,Ultras Dota Pro League  2025-26,1106003.0,1.0,50,21,True,22.0
8838078222,2063,1780576649,9767998.0,Nova Pulse,9425656.0,LSG,18959,Destiny League,1105985.0,1.0,31,27,True,22.0
8838056564,3004,1780575852,9247354.0,Team Falcons,2163.0,Team Liquid,19101,BLAST SLAM VII,1105999.0,1.0,36,20,True,22.0
8838052821,3615,1780575364,10150644.0,汤臣一品,9366802.0,超耐磨,19682,刀塔扭蛋杯,1105997.0,1.0,43,32,True,22.0
8838042490,2394,1780574879,10150388.0,九州忠诚,10151159.0,法式可颂蛋挞,19682,刀塔扭蛋杯,1105993.0,1.0,31,19,True,22.0
8838040890,2017,1780574907,10151030.0,海南水果大亨,10144969.0,兄弟DOTA,19682,刀塔扭蛋杯,1105991.0,1.0,40,17,True,22.0
8838036607,1605,1780574568,9425656.0,LSG,9767998.0,Nova Pulse,18959,Destiny League,1105985.0,1.0,22,10,True,22.0
8838028551,2344,1780574163,10144936.0,软柿子人身意外饱险,10144933.0,12.6个悠远火星小傻蛋,19682,刀塔扭蛋杯,1105980.0,1.0,37,10,True,22.0
8838026419,2325,1780574429,10081680.0,GLYPH,8254145.0,Execration,19699,Road To EWC 2026 Regional Qualifiers,1105979.0,1.0,16,19,False,22.0
8838023903,2375,1780574410,9828897.0,REKONIX,9098294.0,Carstensz Esports,19699,Road To EWC 2026 Regional Qualifiers,1105978.0,1.0,33,19,True,22.0
8838000850,1752,1780572472,9906210.0,Teiko,8831040.0,Ghost Sheep,18867,Ultras Dota Pro League  2025-26,1105976.0,1.0,14,35,False,22.0
8837957019,2853,1780570019,9823272.0,Team Yandex,9467224.0,Aurora Gaming,19101,BLAST SLAM VII,1105961.0,1.0,32,30,True,22.0
8837944161,1752,1780569007,8831040.0,Ghost Sheep,9628678.0,Teiko,18867,Ultras Dota Pro League  2025-26,1105971.0,1.0,53,15,True,22.0
8837941773,1730,1780568730,8629315.0,Wiser Warriors,9768002.0,Lunar Vibes,18959,Destiny League,1105965.0,1.0,24,42,False,22.0
8837936108,2509,1780568642,10144695.0,Mentality Monsters,9828897.0,REKONIX,19699,Road To EWC 2026 Regional Qualifiers,1105964.0,1.0,17,35,False,22.0
8837904057,1919,1780565991,9768002.0,Lunar Vibes,8629315.0,Wiser Warriors,18959,Destiny League,1105965.0,1.0,42,26,True,22.0
8837890965,1832,1780564966,9593609.0,Nethercore,9729268.0,Teiko,18867,Ultras Dota Pro League  2025-26,1105952.0,1.0,35,25,True,22.0
8837889126,2060,1780564806,9828897.0,REKONIX,10144695.0,Mentality Monsters,19699,Road To EWC 2026 Regional Qualifiers,1105964.0,1.0,12,40,False,22.0
8837887524,3052,1780564687,10150434.0,DIREBORN,9098294.0,Carstensz Esports,19699,Road To EWC 2026 Regional Qualifiers,1105955.0,1.0,28,55,False,22.0
8837880251,1045,1780564144,9814269.0,Riftwalkers,9768243.0,Night Force,18959,Destiny League,1105960.0,1.0,12,38,False,22.0
8837869969,3694,1780563592,9467224.0,Aurora Gaming,9823272.0,Team Yandex,19101,BLAST SLAM VII,1105961.0,1.0,38,38,False,22.0
8837863749,1191,1780562793,9729268.0,Teiko,9593609.0,Nethercore,18867,Ultras Dota Pro League  2025-26,1105952.0,1.0,24,5,True,22.0
8837854335,1064,1780562115,9768243.0,Night Force,9814269.0,Riftwalkers,18959,Destiny League,1105960.0,1.0,32,6,True,22.0
8837827200,2971,1780560001,9828897.0,REKONIX,10144695.0,Mentality Monsters,19699,Road To EWC 2026 Regional Qualifiers,1105956.0,1.0,42,14,True,22.0
8837824128,2847,1780560007,10150434.0,DIREBORN,9098294.0,Carstensz Esports,19699,Road To EWC 2026 Regional Qualifiers,1105955.0,1.0,25,32,False,22.0
8837822441,1394,1780559342,2443375.0,Foxy gaming,9425656.0,LSG,18959,Destiny League,1105947.0,1.0,15,31,False,22.0
8837812784,3095,1780558609,9593609.0,Nethercore,9729268.0,Teiko,18867,Ultras Dota Pro League  2025-26,1105952.0,1.0,48,52,True,22.0
8837794175,1940,1780556676,9425656.0,LSG,2443375.0,Foxy gaming,18959,Destiny League,1105947.0,1.0,44,33,True,22.0
8837792858,1239,1780556644,9426115.0,Dark Rebellion,10145429.0,The Last Titan,18959,Destiny League,1105943.0,1.0,14,31,False,22.0
8837772112,1732,1780554387,9593609.0,Nethercore,8831040.0,Ghost Sheep,18867,Ultras Dota Pro League  2025-26,1105939.0,1.0,31,24,True,22.0
8837769244,1662,1780554135,2443375.0,Foxy gaming,9425656.0,LSG,18959,Destiny League,1105947.0,1.0,21,13,True,22.0
8837768983,1797,1780554099,10145429.0,The Last Titan,9426115.0,Dark Rebellion,18959,Destiny League,1105943.0,1.0,34,51,False,22.0
8837759074,2435,1780553223,9098294.0,Carstensz Esports,10135834.0,TEAM GRIND,19699,Road To EWC 2026 Regional Qualifiers,1105944.0,1.0,51,24,True,22.0
8837747172,1768,1780551777,9426115.0,Dark Rebellion,10145429.0,The Last Titan,18959,Destiny League,1105943.0,1.0,17,35,False,22.0
8837744658,1752,1780551560,9878494.0,LV United,9767998.0,Nova Pulse,18959,Destiny League,1105932.0,1.0,29,19,False,22.0
8837732248,1685,1780551769,8831040.0,Ghost Sheep,9593609.0,Nethercore,18867,Ultras Dota Pro League  2025-26,1105939.0,1.0,14,42,False,22.0
8837727751,1200,1780549521,8629315.0,Wiser Warriors,9814269.0,Riftwalkers,18959,Destiny League,1105936.0,1.0,9,40,False,22.0
8837725916,2250,1780549263,9098294.0,Carstensz Esports,10135834.0,TEAM GRIND,19699,Road To EWC 2026 Regional Qualifiers,1105934.0,1.0,24,23,True,22.0
8837725521,1506,1780549246,9767998.0,Nova Pulse,9878494.0,LV United,18959,Destiny League,1105932.0,1.0,9,27,False,22.0
8837724891,2019,1780549149,10157986.0,D Family,10144695.0,Mentality Monsters,19699,Road To EWC 2026 Regional Qualifiers,1105928.0,1.0,9,37,False,22.0
8837707147,1534,1780547206,9878494.0,LV United,9767998.0,Nova Pulse,18959,Destiny League,1105932.0,1.0,27,39,False,22.0
8837699606,1667,1780547216,9814269.0,Riftwalkers,8629315.0,Wiser Warriors,18959,Destiny League,1105931.0,1.0,41,27,True,22.0
8837692542,1814,1780545606,10144695.0,Mentality Monsters,10157986.0,D Family,19699,Road To EWC 2026 Regional Qualifiers,1105928.0,1.0,34,6,True,22.0
8837690631,1695,1780545659,9098294.0,Carstensz Esports,10135834.0,TEAM GRIND,19699,Road To EWC 2026 Regional Qualifiers,1105929.0,1.0,10,36,False,22.0
8837668049,1911,1780542788,8970060.0,Moonwalkers,8849850.0,HELLBEAR HEROES,19201,Dota 2 Space League,1105910.0,1.0,41,22,True,22.0
8837648371,1790,1780540487,8849850.0,HELLBEAR HEROES,8970060.0,Moonwalkers,19201,Dota 2 Space League,1105910.0,1.0,19,31,False,22.0
8837628504,1768,1780538164,8970060.0,Moonwalkers,8849850.0,HELLBEAR HEROES,19201,Dota 2 Space League,1105910.0,1.0,27,38,False,22.0
8837607711,1737,1780535521,9025669.0,CrimsonSky,9048057.0,Vitality Warriors,19201,Dota 2 Space League,1105883.0,1.0,34,12,True,22.0
8837603031,2648,1780534828,9691969.0,Team Nemesis,9678463.0,Estar Backs,19699,Road To EWC 2026 Regional Qualifiers,1105852.0,2.0,44,7,True,22.0
8837587848,1928,1780532964,9048057.0,Vitality Warriors,9025669.0,CrimsonSky,19201,Dota 2 Space League,1105883.0,1.0,35,36,True,22.0
8837569716,1575,1780530564,9025669.0,CrimsonSky,9048057.0,Vitality Warriors,19201,Dota 2 Space League,1105883.0,1.0,29,17,True,22.0
8837560468,3492,1780529317,9678463.0,Estar Backs,9691969.0,Team Nemesis,19699,Road To EWC 2026 Regional Qualifiers,1105852.0,2.0,21,48,False,22.0
8837545573,2136,1780527659,8850016.0,FLYING FORTUNE,8850015.0,DARKNESS GAMING,19201,Dota 2 Space League,1105861.0,1.0,48,35,True,22.0
8837522384,1808,1780525229,8850015.0,DARKNESS GAMING,8850016.0,FLYING FORTUNE,19201,Dota 2 Space League,1105861.0,1.0,26,41,False,22.0
8837519479,2473,1780524907,9691969.0,Team Nemesis,9678463.0,Estar Backs,19699,Road To EWC 2026 Regional Qualifiers,1105852.0,2.0,12,28,False,22.0
8837497094,2879,1780522918,,,,,19752,Immigrant Night Club #1,0.0,0.0,51,35,True,22.0
8837491969,1746,1780522691,8850016.0,FLYING FORTUNE,8850015.0,DARKNESS GAMING,19201,Dota 2 Space League,1105861.0,1.0,21,31,False,22.0
8837463516,2439,1780520471,9691969.0,Team Nemesis,9678463.0,Estar Backs,19699,Road To EWC 2026 Regional Qualifiers,1105852.0,2.0,27,13,True,22.0
8837456251,1938,1780519965,8957156.0,Silent killer,9005364.0,Night Vision,19201,Dota 2 Space League,1105843.0,1.0,30,29,True,22.0
8837448722,2000,1780519376,10144212.0,Bot 5 yout,,,19752,Immigrant Night Club #1,0.0,0.0,33,54,False,22.0
8837414449,1958,1780517333,10144722.0,IGNITE,9964962.0,GamerLegion,19699,Road To EWC 2026 Regional Qualifiers,1105841.0,1.0,9,42,False,22.0
8837411844,1872,1780517414,9005364.0,Night Vision,8957156.0,Silent killer,19201,Dota 2 Space League,1105843.0,1.0,29,39,False,22.0
8837295284,2124,1780511152,10164106.0,Silent Shadows,9729342.0,Elite Eclipse,18867,Ultras Dota Pro League  2025-26,1105811.0,1.0,52,10,True,22.0
8837288943,3615,1780510820,10150267.0,Hokori,9691969.0,Team Nemesis,19699,Road To EWC 2026 Regional Qualifiers,1105792.0,1.0,20,25,False,22.0
8837240828,1734,1780508336,9397016.0,Elite Eclipse,10164106.0,Silent Shadows,18867,Ultras Dota Pro League  2025-26,1105799.0,1.0,26,49,False,22.0
8837222901,1013,1780507422,9964962.0,GamerLegion,10164102.0,Stormrage,19699,Road To EWC 2026 Regional Qualifiers,1105785.0,1.0,25,5,True,22.0
8837192214,2569,1780506139,9691969.0,Team Nemesis,10150267.0,Hokori,19699,Road To EWC 2026 Regional Qualifiers,1105792.0,1.0,34,9,True,22.0
8837160048,1777,1780504404,9530716.0,Air Defence,10060977.0,Cinqueblinks,18867,Ultras Dota Pro League  2025-26,1105774.0,1.0,47,26,True,22.0
8837138489,1158,1780503726,10164102.0,Stormrage,9964962.0,GamerLegion,19699,Road To EWC 2026 Regional Qualifiers,1105785.0,1.0,3,45,False,22.0
8837134119,4729,1780503898,7299465.0,MODUS,10019843.0,Inner Circle x Insanity,19699,Road To EWC 2026 Regional Qualifiers,1105719.0,1.0,29,25,False,22.0
8837113288,1585,1780502128,9768002.0,Lunar Vibes,9878494.0,LV United,18959,Destiny League,1105766.0,1.0,47,10,True,22.0
8837094111,2206,1780501202,10060977.0,Cinqueblinks,9530716.0,Air Defence,18867,Ultras Dota Pro League  2025-26,1105774.0,1.0,37,32,True,22.0
8837065856,1658,1780499956,9878494.0,LV United,9768002.0,Lunar Vibes,18959,Destiny League,1105766.0,1.0,32,21,True,22.0
8837052943,2761,1780499342,7299465.0,MODUS,10019843.0,Inner Circle x Insanity,19699,Road To EWC 2026 Regional Qualifiers,1105719.0,1.0,37,20,True,22.0
8837044365,1135,1780499135,9530716.0,Air Defence,10060977.0,Cinqueblinks,18867,Ultras Dota Pro League  2025-26,1105774.0,1.0,26,6,True,22.0
8837019318,1818,1780497908,7872957.0,K.O.,10136357.0,Nigma Galaxy ,19699,Road To EWC 2026 Regional Qualifiers,1105752.0,2.0,14,56,False,22.0
8837016390,1597,1780498112,9828897.0,REKONIX,10081680.0,GLYPH,19699,Road To EWC 2026 Regional Qualifiers,1105743.0,1.0,6,33,False,22.0
8837015824,1630,1780497805,9768002.0,Lunar Vibes,9878494.0,LV United,18959,Destiny League,1105766.0,1.0,37,16,True,22.0
8836994904,2403,1780496909,10150644.0,汤臣一品,10144963.0,我很强,19682,刀塔扭蛋杯,1105762.0,1.0,36,19,True,22.0
8836963335,1820,1780495572,9530716.0,Air Defence,9397016.0,Elite Eclipse,18867,Ultras Dota Pro League  2025-26,1105730.0,1.0,12,39,False,22.0
8836950349,1899,1780495057,9768243.0,Night Force,9425656.0,LSG,18959,Destiny League,1105736.0,1.0,19,44,False,22.0
8836940180,2533,1780494714,10060977.0,Cinqueblinks,9636142.0,Ghost Sheep,18867,Ultras Dota Pro League  2025-26,1102703.0,1.0,48,49,False,22.0
8836936103,1866,1780494454,10136357.0,Nigma Galaxy ,7872957.0,K.O.,19699,Road To EWC 2026 Regional Qualifiers,1105752.0,2.0,53,23,True,22.0
8836916511,2507,1780493624,9828897.0,REKONIX,10081680.0,GLYPH,19699,Road To EWC 2026 Regional Qualifiers,1105743.0,1.0,43,20,True,22.0
8836910554,2246,1780493370,10144963.0,我很强,10150644.0,汤臣一品,19682,刀塔扭蛋杯,1105738.0,1.0,30,13,True,22.0
8836897842,4637,1780492824,7299465.0,MODUS,10019843.0,Inner Circle x Insanity,19699,Road To EWC 2026 Regional Qualifiers,1105719.0,1.0,27,45,False,22.0
8836896744,1769,1780492798,9425656.0,LSG,9768243.0,Night Force,18959,Destiny League,1105736.0,1.0,46,17,True,22.0
8836885907,1992,1780492311,9397016.0,Elite Eclipse,9530716.0,Air Defence,18867,Ultras Dota Pro League  2025-26,1105730.0,1.0,51,37,True,22.0
8836884851,1780,1780492299,10144969.0,兄弟DOTA,10150707.0,蛋仔派对,19682,刀塔扭蛋杯,1105731.0,1.0,34,13,True,22.0
8836873888,2254,1780491818,9366802.0,超耐磨,9580444.0,PSG.LGD,19682,刀塔扭蛋杯,1105723.0,0.0,38,23,True,22.0
8836872602,2804,1780491725,10150434.0,DIREBORN,8254145.0,Execration,19699,Road To EWC 2026 Regional Qualifiers,1105691.0,1.0,33,33,False,22.0
8836865132,1948,1780491389,8831040.0,Ghost Sheep,10060977.0,Cinqueblinks,18867,Ultras Dota Pro League  2025-26,1105694.0,1.0,49,26,True,22.0
8836846548,734,1780491792,7872957.0,K.O.,10136357.0,Nigma Galaxy ,19699,Road To EWC 2026 Regional Qualifiers,1105716.0,1.0,3,19,False,22.0
8836843809,1775,1780490412,9814269.0,Riftwalkers,9426115.0,Dark Rebellion,18959,Destiny League,1105698.0,1.0,38,26,True,22.0
8836811906,2296,1780488890,10150707.0,蛋仔派对,10144969.0,兄弟DOTA,19682,刀塔扭蛋杯,1105706.0,1.0,26,35,False,22.0
8836798214,1670,1780488251,9426115.0,Dark Rebellion,9814269.0,Riftwalkers,18959,Destiny League,1105698.0,1.0,16,36,False,22.0
8836797682,3632,1780488178,10150644.0,汤臣一品,10144963.0,我很强,19682,刀塔扭蛋杯,1105697.0,1.0,38,37,True,22.0
8836797523,2303,1780488150,9580444.0,PSG.LGD,10144738.0,超耐磨,19682,刀塔扭蛋杯,1105696.0,1.0,26,39,False,22.0
8836793131,3102,1780488121,9828897.0,REKONIX,10081680.0,GLYPH,19699,Road To EWC 2026 Regional Qualifiers,1105695.0,0.0,26,35,False,22.0
8836791740,2716,1780487899,10060977.0,Cinqueblinks,8831040.0,Ghost Sheep,18867,Ultras Dota Pro League  2025-26,1105694.0,1.0,50,38,True,22.0
8836784177,2079,1780488006,10150434.0,DIREBORN,8254145.0,Execration,19699,Road To EWC 2026 Regional Qualifiers,1105691.0,1.0,10,36,False,22.0
8836751611,1835,1780485577,2443375.0,Foxy gaming,9768002.0,Lunar Vibes,18959,Destiny League,1105674.0,1.0,23,23,True,22.0
8836750303,4653,1780486023,9255039.0,enjoy,10149530.0,HULIGANI,19699,Road To EWC 2026 Regional Qualifiers,1105670.0,1.0,39,37,False,22.0
8836729426,2416,1780484422,8831040.0,Ghost Sheep,9593609.0,Nethercore,18867,Ultras Dota Pro League  2025-26,1105671.0,1.0,59,37,True,22.0
8836703833,1776,1780482547,9768002.0,Lunar Vibes,2443375.0,Foxy gaming,18959,Destiny League,1105674.0,1.0,24,55,False,22.0
8836692392,2222,1780481720,9255039.0,enjoy,10149530.0,HULIGANI,19699,Road To EWC 2026 Regional Qualifiers,1105670.0,1.0,30,16,True,22.0
8836689655,1648,1780481526,8831040.0,Ghost Sheep,9593609.0,Nethercore,18867,Ultras Dota Pro League  2025-26,1105671.0,1.0,39,26,True,22.0
8836666068,1950,1780479862,2443375.0,Foxy gaming,9768002.0,Lunar Vibes,18959,Destiny League,1105674.0,1.0,31,47,False,22.0
8836661376,1731,1780479486,10150434.0,DIREBORN,10144695.0,Mentality Monsters,19699,Road To EWC 2026 Regional Qualifiers,1105663.0,1.0,35,9,True,22.0
8836643584,2470,1780478173,9593609.0,Nethercore,8831040.0,Ghost Sheep,18867,Ultras Dota Pro League  2025-26,1105671.0,1.0,54,30,True,22.0
8836641131,1703,1780477990,10157986.0,D Family,8254145.0,Execration,19699,Road To EWC 2026 Regional Qualifiers,1105662.0,1.0,13,35,False,22.0
8836635962,1010,1780477618,9878494.0,LV United,9768243.0,Night Force,18959,Destiny League,1105668.0,1.0,4,32,False,22.0
8836624153,2483,1780477235,9255039.0,enjoy,10149530.0,HULIGANI,19699,Road To EWC 2026 Regional Qualifiers,1105670.0,1.0,14,34,False,22.0
8836600820,2099,1780474797,9768243.0,Night Force,9878494.0,LV United,18959,Destiny League,1105668.0,1.0,46,50,True,22.0
8836587300,1570,1780473603,9839211.0,Dominion,9628678.0,Teiko,18867,Ultras Dota Pro League  2025-26,1105664.0,1.0,12,28,False,22.0
8836585276,3897,1780473611,10150434.0,DIREBORN,10144695.0,Mentality Monsters,19699,Road To EWC 2026 Regional Qualifiers,1105663.0,1.0,58,33,True,22.0
8836583316,2514,1780473606,8254145.0,Execration,10157986.0,D Family,19699,Road To EWC 2026 Regional Qualifiers,1105662.0,1.0,30,32,True,22.0
8836577924,1163,1780472817,10145429.0,The Last Titan,9425656.0,LSG,18959,Destiny League,1105655.0,1.0,37,8,True,22.0
8836552910,1993,1780470531,9628721.0,Teiko,9839211.0,Dominion,18867,Ultras Dota Pro League  2025-26,1105658.0,1.0,42,33,True,22.0
8836552783,1325,1780470526,9425656.0,LSG,10145429.0,The Last Titan,18959,Destiny League,1105655.0,1.0,24,15,True,22.0
8836546827,2621,1780469920,10081680.0,GLYPH,9098294.0,Carstensz Esports,19699,Road To EWC 2026 Regional Qualifiers,1105657.0,1.0,23,16,True,22.0
8836530890,1395,1780468375,10145429.0,The Last Titan,9425656.0,LSG,18959,Destiny League,1105655.0,1.0,24,13,True,22.0
8836519001,1263,1780467178,9768002.0,Lunar Vibes,9814269.0,Riftwalkers,18959,Destiny League,1105652.0,1.0,31,14,True,22.0
8836507584,2175,1780465926,9718665.0,Eye Gaming,9813102.0,Nethercore,18867,Ultras Dota Pro League  2025-26,1105644.0,1.0,48,48,False,22.0
8836499066,2373,1780464972,8629315.0,Wiser Warriors,9426115.0,Dark Rebellion,18959,Destiny League,1105646.0,1.0,42,40,True,22.0
8836497286,1776,1780464842,9814269.0,Riftwalkers,9768002.0,Lunar Vibes,18959,Destiny League,1105652.0,1.0,17,30,False,22.0
8836485118,2270,1780463409,9828897.0,REKONIX,10135834.0,TEAM GRIND,19699,Road To EWC 2026 Regional Qualifiers,1105641.0,1.0,32,19,True,22.0
8836485094,3928,1780463405,10081680.0,GLYPH,9098294.0,Carstensz Esports,19699,Road To EWC 2026 Regional Qualifiers,1105643.0,1.0,34,34,True,22.0
8836479866,2043,1780462816,9718665.0,Eye Gaming,9813102.0,Nethercore,18867,Ultras Dota Pro League  2025-26,1105644.0,1.0,50,21,True,22.0
8836477397,1686,1780462565,9426115.0,Dark Rebellion,8629315.0,Wiser Warriors,18959,Destiny League,1105646.0,1.0,17,37,False,22.0
8836474782,1636,1780462307,9768243.0,Night Force,2443375.0,Foxy gaming,18959,Destiny League,1105645.0,1.0,23,31,False,22.0
8836455694,1854,1780460131,8629315.0,Wiser Warriors,9426115.0,Dark Rebellion,18959,Destiny League,1105646.0,1.0,18,28,False,22.0
8836454862,1589,1780460089,2443375.0,Foxy gaming,9768243.0,Night Force,18959,Destiny League,1105645.0,1.0,34,24,True,22.0
8836449390,2248,1780459413,9813102.0,Nethercore,9718665.0,Eye Gaming,18867,Ultras Dota Pro League  2025-26,1105644.0,1.0,41,29,True,22.0
8836445371,2237,1780459319,10081680.0,GLYPH,9098294.0,Carstensz Esports,19699,Road To EWC 2026 Regional Qualifiers,1105643.0,1.0,11,26,False,22.0
8836445234,2769,1780458999,10150267.0,Hokori,9678463.0,Estar Backs,19699,Road To EWC 2026 Regional Qualifiers,1105601.0,1.0,9,31,False,22.0
8836442480,2371,1780459210,9828897.0,REKONIX,10135834.0,TEAM GRIND,19699,Road To EWC 2026 Regional Qualifiers,1105641.0,1.0,34,12,True,22.0
8836423699,1301,1780456432,9005364.0,Night Vision,8970060.0,Moonwalkers,19201,Dota 2 Space League,1105619.0,1.0,30,25,True,22.0
8836405801,1437,1780454461,8970060.0,Moonwalkers,9005364.0,Night Vision,19201,Dota 2 Space League,1105619.0,1.0,33,23,True,22.0
8836397703,3353,1780453410,9678463.0,Estar Backs,10150267.0,Hokori,19699,Road To EWC 2026 Regional Qualifiers,1105601.0,1.0,18,34,False,22.0
8836393663,1777,1780452945,9691969.0,Team Nemesis,9973656.0,Red Hot Chili Pibble,19699,Road To EWC 2026 Regional Qualifiers,1105598.0,1.0,40,8,True,22.0
8836386484,1618,1780452274,9005364.0,Night Vision,8970060.0,Moonwalkers,19201,Dota 2 Space League,1105619.0,1.0,30,15,True,22.0
8836383376,1887,1780451729,,,,,19752,Immigrant Night Club #1,0.0,0.0,33,14,True,22.0
8836368868,1467,1780450002,9048057.0,Vitality Warriors,8850016.0,FLYING FORTUNE,19201,Dota 2 Space League,1105590.0,1.0,29,11,True,22.0
8836359315,2478,1780448823,10150267.0,Hokori,9678463.0,Estar Backs,19699,Road To EWC 2026 Regional Qualifiers,1105601.0,1.0,28,34,False,22.0
8836358188,1594,1780448976,9691969.0,Team Nemesis,9973656.0,Red Hot Chili Pibble,19699,Road To EWC 2026 Regional Qualifiers,1105598.0,1.0,27,10,True,22.0
8836352262,1535,1780447924,8850016.0,FLYING FORTUNE,9048057.0,Vitality Warriors,19201,Dota 2 Space League,1105590.0,1.0,33,28,True,22.0
8836351601,2398,1780447779,10089085.0,Rangoon,10144212.0,Bot 5 yout,19752,Immigrant Night Club #1,1105594.0,0.0,47,12,True,22.0
8836336018,1506,1780445828,9048057.0,Vitality Warriors,8850016.0,FLYING FORTUNE,19201,Dota 2 Space League,1105590.0,1.0,31,11,True,22.0
8836316522,1737,1780443329,8957156.0,Silent killer,9025669.0,CrimsonSky,19201,Dota 2 Space League,1105565.0,1.0,28,36,False,22.0
8836310258,3078,1780442535,10144212.0,Bot 5 yout,,,19752,Immigrant Night Club #1,0.0,0.0,36,45,False,22.0
8836297094,1777,1780441025,9025669.0,CrimsonSky,8957156.0,Silent killer,19201,Dota 2 Space League,1105565.0,1.0,29,47,False,22.0
8836292316,3009,1780440463,9691969.0,Team Nemesis,10108655.0,Amaru Gaming,19699,Road To EWC 2026 Regional Qualifiers,1105558.0,1.0,37,27,True,22.0
8836275621,1218,1780438735,9973656.0,Red Hot Chili Pibble,8965331.0,Chandogs,19699,Road To EWC 2026 Regional Qualifiers,1105559.0,1.0,33,5,True,22.0
8836269382,1688,1780438732,8957156.0,Silent killer,9025669.0,CrimsonSky,19201,Dota 2 Space League,1105565.0,1.0,14,28,False,22.0
8836246839,4299,1780436142,,,,,19752,Immigrant Night Club #1,0.0,0.0,56,48,True,22.0
8836234491,1921,1780435332,8850015.0,DARKNESS GAMING,8849850.0,HELLBEAR HEROES,19201,Dota 2 Space League,1105543.0,1.0,46,34,True,22.0
8836222114,1735,1780434365,8965331.0,Chandogs,9973656.0,Red Hot Chili Pibble,19699,Road To EWC 2026 Regional Qualifiers,1105559.0,1.0,11,27,False,22.0
8836220468,3539,1780434341,9691969.0,Team Nemesis,10108655.0,Amaru Gaming,19699,Road To EWC 2026 Regional Qualifiers,1105558.0,1.0,36,28,True,22.0
8836197482,1861,1780432654,8849850.0,HELLBEAR HEROES,8850015.0,DARKNESS GAMING,19201,Dota 2 Space League,1105543.0,1.0,18,31,False,22.0
8836161443,1550,1780430468,8850015.0,DARKNESS GAMING,8849850.0,HELLBEAR HEROES,19201,Dota 2 Space League,1105543.0,1.0,16,21,False,22.0
8836144558,2172,1780429570,9973656.0,Red Hot Chili Pibble,9600331.0,Zetta Games,19699,Road To EWC 2026 Regional Qualifiers,1105499.0,1.0,36,29,True,22.0
8836111353,4471,1780427830,9729342.0,Elite Eclipse,9767951.0,Eye Gaming,18867,Ultras Dota Pro League  2025-26,1007905.0,1.0,61,85,False,22.0
8836059527,2514,1780424981,9973656.0,Red Hot Chili Pibble,9600331.0,Zetta Games,19699,Road To EWC 2026 Regional Qualifiers,1105499.0,1.0,33,65,False,22.0
8836057732,1616,1780424891,9799036.0,TeamDk,10108655.0,Amaru Gaming,19699,Road To EWC 2026 Regional Qualifiers,1105494.0,1.0,10,29,False,22.0
8836038473,2663,1780423921,9729342.0,Elite Eclipse,9767951.0,Eye Gaming,18867,Ultras Dota Pro League  2025-26,1007905.0,1.0,57,39,True,22.0
8835990030,1351,1780421570,10007804.0,Eye Gaming,9505264.0,Elite Eclipse,18867,Ultras Dota Pro League  2025-26,1105501.0,1.0,49,6,True,22.0
8835979999,1946,1780421012,9600331.0,Zetta Games,9973656.0,Red Hot Chili Pibble,19699,Road To EWC 2026 Regional Qualifiers,1105499.0,1.0,13,35,False,22.0
8835960490,1908,1780420690,10108655.0,Amaru Gaming,9799036.0,TeamDk,19699,Road To EWC 2026 Regional Qualifiers,1105494.0,1.0,31,15,True,22.0
8835914003,2263,1780418546,10150633.0,Pipsqueak + 4,36.0,Natus Vincere,19699,Road To EWC 2026 Regional Qualifiers,1105443.0,1.0,42,6,True,22.0
8835885167,2296,1780416566,9767998.0,Nova Pulse,10145429.0,The Last Titan,18959,Destiny League,1105461.0,1.0,46,43,False,22.0
8835876755,1805,1780416138,10060977.0,Cinqueblinks,9530716.0,Air Defence,18867,Ultras Dota Pro League  2025-26,1105477.0,1.0,42,40,False,22.0
8835829644,1736,1780414028,10145429.0,The Last Titan,9767998.0,Nova Pulse,18959,Destiny League,1105461.0,1.0,35,21,True,22.0
8835818773,2636,1780413520,36.0,Natus Vincere,10150633.0,Pipsqueak + 4,19699,Road To EWC 2026 Regional Qualifiers,1105443.0,1.0,40,20,True,22.0
8835806192,1498,1780413522,9828921.0,Air Defence,10060977.0,Cinqueblinks,18867,Ultras Dota Pro League  2025-26,1105466.0,1.0,41,14,True,22.0
8835774213,1649,1780411733,9767998.0,Nova Pulse,10145429.0,The Last Titan,18959,Destiny League,1105461.0,1.0,29,18,True,22.0
8835738077,1331,1780410133,8831040.0,Ghost Sheep,10060977.0,Cinqueblinks,18867,Ultras Dota Pro League  2025-26,1105415.0,1.0,31,5,True,22.0
8835734817,4913,1780410004,7872957.0,K.O.,9981569.0,All Good,19699,Road To EWC 2026 Regional Qualifiers,1105411.0,1.0,65,55,True,22.0
8835728100,1918,1780409729,10158550.0,Poor Rangers,10149530.0,HULIGANI,19699,Road To EWC 2026 Regional Qualifiers,1105407.0,1.0,32,11,True,22.0
8835713529,1701,1780409156,2443375.0,Foxy gaming,9878494.0,LV United,18959,Destiny League,1105428.0,1.0,12,38,False,22.0
8835703860,2390,1780409034,10150633.0,Pipsqueak + 4,36.0,Natus Vincere,19699,Road To EWC 2026 Regional Qualifiers,1105443.0,1.0,26,18,True,22.0
8835696404,3113,1780408465,10144963.0,我很强,10144933.0,12.6个悠远火星小傻蛋,19682,刀塔扭蛋杯,1105412.0,1.0,26,27,False,22.0
8835684858,934,1780407968,10136357.0,Nigma Galaxy ,10041696.0,sifr00,19699,Road To EWC 2026 Regional Qualifiers,1105406.0,1.0,35,3,True,22.0
8835659100,1639,1780406985,9878494.0,LV United,2443375.0,Foxy gaming,18959,Destiny League,1105428.0,1.0,34,18,True,22.0
8835628138,1231,1780405551,10144936.0,软柿子人身意外饱险,9580444.0,PSG.LGD,19682,刀塔扭蛋杯,1105377.0,1.0,20,6,True,22.0
8835625855,2233,1780405492,10060977.0,Cinqueblinks,8831040.0,Ghost Sheep,18867,Ultras Dota Pro League  2025-26,1105415.0,1.0,37,44,False,22.0
8835623509,1813,1780405373,10150388.0,九州忠诚,10150707.0,蛋仔派对,19682,刀塔扭蛋杯,1105414.0,1.0,45,9,True,22.0
8835623302,2137,1780405340,7872957.0,K.O.,9981569.0,All Good,19699,Road To EWC 2026 Regional Qualifiers,1105411.0,1.0,44,25,True,22.0
8835616443,2448,1780405040,10144963.0,我很强,10144933.0,12.6个悠远火星小傻蛋,19682,刀塔扭蛋杯,1105412.0,1.0,19,29,False,22.0
8835609186,2805,1780405166,10158550.0,Poor Rangers,10149530.0,HULIGANI,19699,Road To EWC 2026 Regional Qualifiers,1105407.0,1.0,19,22,True,22.0
8835609179,1419,1780405176,10136357.0,Nigma Galaxy ,10041696.0,sifr00,19699,Road To EWC 2026 Regional Qualifiers,1105406.0,1.0,37,7,True,22.0
8835598064,1852,1780404223,8629315.0,Wiser Warriors,9768243.0,Night Force,18959,Destiny League,1105382.0,1.0,26,40,False,22.0
8835565941,1717,1780402758,9593609.0,Nethercore,9729268.0,Teiko,18867,Ultras Dota Pro League  2025-26,1105390.0,1.0,21,41,False,22.0
8835564287,1861,1780402805,10150538.0,LGD Gaming,36.0,Natus Vincere,19699,Road To EWC 2026 Regional Qualifiers,1105362.0,1.0,26,12,True,22.0
8835563429,2369,1780402552,,,,,18477,天蝉杯,0.0,0.0,23,42,False,22.0
8835554449,2834,1780402092,10151030.0,海南水果大亨,10151159.0,法式可颂蛋挞,19682,刀塔扭蛋杯,1105381.0,1.0,36,51,False,22.0
8835548723,1360,1780401856,9768243.0,Night Force,8629315.0,Wiser Warriors,18959,Destiny League,1105382.0,1.0,34,16,True,22.0
8835545715,2512,1780401660,10150388.0,九州忠诚,10150707.0,蛋仔派对,19682,刀塔扭蛋杯,1105378.0,1.0,36,27,True,22.0
8835545117,2744,1780401632,9580444.0,PSG.LGD,10144936.0,软柿子人身意外饱险,19682,刀塔扭蛋杯,1105377.0,1.0,26,36,False,22.0
8835543779,2176,1780401589,10144933.0,12.6个悠远火星小傻蛋,10144963.0,我很强,19682,刀塔扭蛋杯,1105376.0,1.0,15,35,False,22.0
8835490699,2374,1780398485,36.0,Natus Vincere,10150538.0,LGD Gaming,19699,Road To EWC 2026 Regional Qualifiers,1105362.0,1.0,38,43,True,22.0
8835482681,3921,1780397992,9593609.0,Nethercore,9906210.0,Teiko,18867,Ultras Dota Pro League  2025-26,1105368.0,1.0,40,35,True,22.0
8835480922,2113,1780398555,9981569.0,All Good,10041696.0,sifr00,19699,Road To EWC 2026 Regional Qualifiers,1105356.0,1.0,21,43,False,22.0
8835460923,2425,1780396611,10136133.0,Two Move,7299465.0,MODUS,19699,Road To EWC 2026 Regional Qualifiers,1105355.0,1.0,30,18,True,22.0
8835441134,1226,1780395315,9768002.0,Lunar Vibes,9425656.0,LSG,18959,Destiny League,1105359.0,1.0,9,37,False,22.0
8835433698,1896,1780394776,10041696.0,sifr00,9981569.0,All Good,19699,Road To EWC 2026 Regional Qualifiers,1105356.0,1.0,18,36,False,22.0
8835433505,2108,1780394837,9729268.0,Teiko,9593609.0,Nethercore,18867,Ultras Dota Pro League  2025-26,1105364.0,1.0,39,29,True,22.0
8835429068,1470,1780394435,7872957.0,K.O.,10136357.0,Nigma Galaxy ,19699,Road To EWC 2026 Regional Qualifiers,1105357.0,1.0,12,43,False,22.0
8835428935,2256,1780394518,10150538.0,LGD Gaming,36.0,Natus Vincere,19699,Road To EWC 2026 Regional Qualifiers,1105362.0,1.0,24,13,True,22.0
8835410084,1735,1780393030,9425656.0,LSG,9768002.0,Lunar Vibes,18959,Destiny League,1105359.0,1.0,42,15,True,22.0
8835387039,1173,1780391504,10136357.0,Nigma Galaxy ,7872957.0,K.O.,19699,Road To EWC 2026 Regional Qualifiers,1105357.0,1.0,34,4,True,22.0
8835380966,1701,1780390835,10041696.0,sifr00,9981569.0,All Good,19699,Road To EWC 2026 Regional Qualifiers,1105356.0,1.0,30,16,True,22.0
8835380132,1330,1780390657,9767998.0,Nova Pulse,9814269.0,Riftwalkers,18959,Destiny League,1105352.0,1.0,14,28,False,22.0
8835373075,3611,1780390795,10136133.0,Two Move,7299465.0,MODUS,19699,Road To EWC 2026 Regional Qualifiers,1105355.0,1.0,27,21,True,22.0
8835361193,1077,1780389072,9593609.0,Nethercore,8831040.0,Ghost Sheep,18867,Ultras Dota Pro League  2025-26,1105349.0,1.0,8,31,False,22.0
8835347066,1933,1780388060,9814269.0,Riftwalkers,9767998.0,Nova Pulse,18959,Destiny League,1105352.0,1.0,25,7,True,22.0
8835320822,1904,1780386089,8831040.0,Ghost Sheep,9593609.0,Nethercore,18867,Ultras Dota Pro League  2025-26,1105349.0,1.0,56,23,True,22.0
8835316576,1553,1780385309,8629315.0,Wiser Warriors,10145429.0,The Last Titan,18959,Destiny League,1105345.0,1.0,22,44,False,22.0
8835294157,1470,1780383076,10145429.0,The Last Titan,8629315.0,Wiser Warriors,18959,Destiny League,1105345.0,1.0,33,17,True,22.0
8835291385,1255,1780382791,9425656.0,LSG,9878494.0,LV United,18959,Destiny League,1105343.0,1.0,13,32,False,22.0
8835273701,1835,1780381048,9724428.0,Shinigami Gaming,9878408.0,Elite Eclipse,18867,Ultras Dota Pro League  2025-26,1105342.0,1.0,46,28,True,22.0
8835269863,1402,1780380794,9878494.0,LV United,9425656.0,LSG,18959,Destiny League,1105343.0,1.0,39,16,True,22.0
8835267326,1746,1780380429,9426115.0,Dark Rebellion,9768243.0,Night Force,18959,Destiny League,1105336.0,1.0,30,17,True,22.0
8835255212,1043,1780379074,9878408.0,Elite Eclipse,9724428.0,Shinigami Gaming,18867,Ultras Dota Pro League  2025-26,1105342.0,1.0,3,35,False,22.0
8835251721,1295,1780378695,9767998.0,Nova Pulse,2443375.0,Foxy gaming,18959,Destiny League,1105333.0,1.0,11,34,False,22.0
8835244203,1765,1780377892,9768243.0,Night Force,9426115.0,Dark Rebellion,18959,Destiny League,1105336.0,1.0,21,34,False,22.0
8835231721,1634,1780376479,2443375.0,Foxy gaming,9767998.0,Nova Pulse,18959,Destiny League,1105333.0,1.0,20,17,True,22.0
8835218189,2313,1780374832,9718665.0,Eye Gaming,9724428.0,Shinigami Gaming,18867,Ultras Dota Pro League  2025-26,1105329.0,1.0,30,43,False,22.0
8835215958,1880,1780374650,9426115.0,Dark Rebellion,9768243.0,Night Force,18959,Destiny League,1105336.0,1.0,15,35,False,22.0
8835208403,1928,1780373960,9767998.0,Nova Pulse,2443375.0,Foxy gaming,18959,Destiny League,1105333.0,1.0,43,25,True,22.0
8835190136,2104,1780371592,9724428.0,Shinigami Gaming,9718665.0,Eye Gaming,18867,Ultras Dota Pro League  2025-26,1105329.0,1.0,45,22,True,22.0
8835174414,2114,1780369786,9025669.0,CrimsonSky,9005364.0,Night Vision,19201,Dota 2 Space League,1105312.0,1.0,50,34,True,22.0
8835155619,1808,1780367557,9005364.0,Night Vision,9025669.0,CrimsonSky,19201,Dota 2 Space League,1105312.0,1.0,33,27,True,22.0
8835147687,1868,1780366602,9678463.0,Estar Backs,8965331.0,Chandogs,19699,Road To EWC 2026 Regional Qualifiers,1105297.0,1.0,31,9,True,22.0
8835144271,3041,1780366192,9691969.0,Team Nemesis,10150267.0,Hokori,19699,Road To EWC 2026 Regional Qualifiers,1105296.0,1.0,20,33,False,22.0
8835131018,2256,1780364883,9025669.0,CrimsonSky,9005364.0,Night Vision,19201,Dota 2 Space League,1105312.0,1.0,43,29,True,22.0
8835115245,1941,1780362620,,,,,19752,Immigrant Night Club #1,0.0,0.0,26,13,True,22.0
8835112249,2222,1780362455,9678463.0,Estar Backs,8965331.0,Chandogs,19699,Road To EWC 2026 Regional Qualifiers,1105297.0,1.0,28,12,True,22.0
8835110294,1891,1780362163,8970060.0,Moonwalkers,8850015.0,DARKNESS GAMING,19201,Dota 2 Space League,1105282.0,1.0,31,27,True,22.0
8835108601,2229,1780362011,10150267.0,Hokori,9691969.0,Team Nemesis,19699,Road To EWC 2026 Regional Qualifiers,1105296.0,1.0,24,5,True,22.0
8835092212,1817,1780359661,8850015.0,DARKNESS GAMING,8970060.0,Moonwalkers,19201,Dota 2 Space League,1105282.0,1.0,15,36,False,22.0
8835071492,2013,1780357050,8970060.0,Moonwalkers,8850015.0,DARKNESS GAMING,19201,Dota 2 Space League,1105282.0,1.0,27,36,False,22.0
8835059673,2812,1780356096,9600331.0,Zetta Games,10150267.0,Hokori,19699,Road To EWC 2026 Regional Qualifiers,1105253.0,1.0,46,33,False,22.0
8835057428,3881,1780355283,,,,,19752,Immigrant Night Club #1,0.0,0.0,48,55,True,22.0
8835050627,1590,1780354735,9048057.0,Vitality Warriors,8849850.0,HELLBEAR HEROES,19201,Dota 2 Space League,1105268.0,1.0,15,39,False,22.0
8835022398,1959,1780351835,8849850.0,HELLBEAR HEROES,9048057.0,Vitality Warriors,19201,Dota 2 Space League,1105268.0,1.0,39,28,True,22.0
8835021781,2527,1780351519,10150267.0,Hokori,9600331.0,Zetta Games,19699,Road To EWC 2026 Regional Qualifiers,1105253.0,1.0,20,44,False,22.0
8835019009,1609,1780351261,,,10163747.0,Lu Lu Aung Enjoyer,19752,Immigrant Night Club #1,0.0,0.0,17,43,False,22.0
8835004262,2030,1780350140,9691969.0,Team Nemesis,9973656.0,Red Hot Chili Pibble,19699,Road To EWC 2026 Regional Qualifiers,1105259.0,1.0,27,14,True,22.0
8834995084,1712,1780349309,8850016.0,FLYING FORTUNE,8957156.0,Silent killer,19201,Dota 2 Space League,1105241.0,1.0,31,14,True,22.0
8834979014,1832,1780347867,10150267.0,Hokori,9600331.0,Zetta Games,19699,Road To EWC 2026 Regional Qualifiers,1105253.0,1.0,24,9,True,22.0
8834960822,1992,1780346574,8957156.0,Silent killer,8850016.0,FLYING FORTUNE,19201,Dota 2 Space League,1105241.0,1.0,35,26,True,22.0
8834959985,1879,1780346467,,,,,19752,Immigrant Night Club #1,0.0,0.0,60,18,True,22.0
8834943075,2369,1780345451,9773195.0,Shinigami Gaming,9461271.0,Elite Eclipse,18867,Ultras Dota Pro League  2025-26,1105211.0,1.0,57,58,True,22.0
8834932746,2934,1780344775,10108655.0,Amaru Gaming,8965331.0,Chandogs,19699,Road To EWC 2026 Regional Qualifiers,1105193.0,1.0,16,28,False,22.0
8834922620,1686,1780344310,8850016.0,FLYING FORTUNE,8957156.0,Silent killer,19201,Dota 2 Space League,1105241.0,1.0,41,30,True,22.0
8834889454,1636,1780342323,10150633.0,Pipsqueak + 4,9928636.0,Team Lynx,19699,Road To EWC 2026 Regional Qualifiers,1105201.0,1.0,28,6,True,22.0
8834884578,2348,1780342059,9461271.0,Elite Eclipse,9773195.0,Shinigami Gaming,18867,Ultras Dota Pro League  2025-26,1105211.0,1.0,43,48,True,22.0
8834867207,2676,1780341284,9799036.0,TeamDk,9678463.0,Estar Backs,19699,Road To EWC 2026 Regional Qualifiers,1105187.0,1.0,33,45,False,22.0
8834864233,2212,1780341635,9255039.0,enjoy,9895247.0,Rune Eaters,19699,Road To EWC 2026 Regional Qualifiers,1105180.0,1.0,44,5,True,22.0
8834851133,4314,1780340298,9337762.0,gway toe ,10163747.0,Lu Lu Aung Enjoyer,19752,Immigrant Night Club #1,1105217.0,0.0,51,64,False,22.0
8834832296,3267,1780339316,10108655.0,Amaru Gaming,8965331.0,Chandogs,19699,Road To EWC 2026 Regional Qualifiers,1105193.0,1.0,33,43,False,22.0
8834818012,2259,1780338668,9773195.0,Shinigami Gaming,9461271.0,Elite Eclipse,18867,Ultras Dota Pro League  2025-26,1105211.0,1.0,52,31,True,22.0
8834808503,2624,1780338103,10145416.0,Team G,10019843.0,Inner Circle x Insanity,19699,Road To EWC 2026 Regional Qualifiers,1105184.0,1.0,20,28,False,22.0
8834794786,1964,1780337417,9255039.0,enjoy,9895247.0,Rune Eaters,19699,Road To EWC 2026 Regional Qualifiers,1105180.0,1.0,45,6,True,22.0
8834786538,2496,1780337010,9799036.0,TeamDk,9678463.0,Estar Backs,19699,Road To EWC 2026 Regional Qualifiers,1105187.0,1.0,31,23,True,22.0
8834780383,3891,1780336806,9928636.0,Team Lynx,10150633.0,Pipsqueak + 4,19699,Road To EWC 2026 Regional Qualifiers,1105201.0,1.0,28,50,False,22.0
8834741906,1349,1780334922,9767998.0,Nova Pulse,8629315.0,Wiser Warriors,18959,Destiny League,1105174.0,1.0,24,17,True,22.0
8834733075,1691,1780334823,9906210.0,Teiko,10121883.0,Kiba Arms,18867,Ultras Dota Pro League  2025-26,1105194.0,1.0,42,28,True,22.0
8834728226,2866,1780334222,8965331.0,Chandogs,10108655.0,Amaru Gaming,19699,Road To EWC 2026 Regional Qualifiers,1105193.0,1.0,24,21,False,22.0
8834714093,1784,1780333483,9678463.0,Estar Backs,9799036.0,TeamDk,19699,Road To EWC 2026 Regional Qualifiers,1105187.0,1.0,37,14,True,22.0
8834710843,2962,1780333491,10145416.0,Team G,10019843.0,Inner Circle x Insanity,19699,Road To EWC 2026 Regional Qualifiers,1105184.0,1.0,30,36,False,22.0
8834699467,2301,1780333216,9255039.0,enjoy,9895247.0,Rune Eaters,19699,Road To EWC 2026 Regional Qualifiers,1105180.0,1.0,17,26,False,22.0
8834692694,1968,1780332386,8629315.0,Wiser Warriors,9767998.0,Nova Pulse,18959,Destiny League,1105174.0,1.0,40,33,True,22.0
8834664247,2386,1780331284,9600141.0,Zero Tenacity,9928636.0,Team Lynx,19699,Road To EWC 2026 Regional Qualifiers,1105125.0,1.0,19,42,False,22.0
8834648882,1603,1780330344,9767998.0,Nova Pulse,8629315.0,Wiser Warriors,18959,Destiny League,1105174.0,1.0,45,15,True,22.0
8834629819,3988,1780329395,10121883.0,Kiba Arms,9729268.0,Teiko,18867,Ultras Dota Pro League  2025-26,1105168.0,1.0,58,67,False,22.0
8834622484,2129,1780329569,10145416.0,Team G,10158550.0,Poor Rangers,19699,Road To EWC 2026 Regional Qualifiers,1105102.0,1.0,12,35,False,22.0
8834592761,1881,1780327766,9426115.0,Dark Rebellion,9768002.0,Lunar Vibes,18959,Destiny League,1105131.0,1.0,36,43,False,22.0
8834583981,3433,1780327325,10150610.0,Flame Esports,10150633.0,Pipsqueak + 4,19699,Road To EWC 2026 Regional Qualifiers,1105128.0,1.0,29,56,False,22.0
8834573464,2468,1780326858,9928636.0,Team Lynx,9600141.0,Zero Tenacity,19699,Road To EWC 2026 Regional Qualifiers,1105125.0,1.0,28,19,True,22.0
8834537400,1602,1780325323,9768002.0,Lunar Vibes,9426115.0,Dark Rebellion,18959,Destiny League,1105131.0,1.0,19,41,False,22.0
8834526095,2912,1780324890,9906210.0,Teiko,10143824.0,Kiba Arms,18867,Ultras Dota Pro League  2025-26,1105153.0,1.0,28,46,False,22.0
8834507847,3771,1780324078,10145416.0,Team G,10158550.0,Poor Rangers,19699,Road To EWC 2026 Regional Qualifiers,1105102.0,1.0,53,40,False,22.0
8834503568,2794,1780323902,10149530.0,HULIGANI,10019843.0,Inner Circle x Insanity,19699,Road To EWC 2026 Regional Qualifiers,1105099.0,1.0,40,32,True,22.0
8834472008,1743,1780322610,9426115.0,Dark Rebellion,9768002.0,Lunar Vibes,18959,Destiny League,1105131.0,1.0,27,39,False,22.0
8834471408,1974,1780322584,10150388.0,九州忠诚,10144936.0,软柿子人身意外饱险,19682,刀塔扭蛋杯,1105130.0,0.0,24,58,False,22.0
8834470799,2804,1780322751,10150633.0,Pipsqueak + 4,10150610.0,Flame Esports,19699,Road To EWC 2026 Regional Qualifiers,1105128.0,1.0,42,18,True,22.0
8834466305,2359,1780322495,9600141.0,Zero Tenacity,9928636.0,Team Lynx,19699,Road To EWC 2026 Regional Qualifiers,1105125.0,1.0,37,16,True,22.0
8834444256,2937,1780321452,9995872.0,TEAM DK,9556121.0,Team Cat,19066,肛宝联赛-老婆杯,1105121.0,0.0,49,49,True,22.0
8834411851,1772,1780320143,2443375.0,Foxy gaming,9425656.0,LSG,18959,Destiny League,1105073.0,1.0,20,40,False,22.0
8834401345,1472,1780319658,,,10144969.0,兄弟DOTA,19682,刀塔扭蛋杯,0.0,0.0,36,13,True,22.0
8834391308,1561,1780319223,9729268.0,Teiko,10060977.0,Cinqueblinks,18867,Ultras Dota Pro League  2025-26,1101989.0,1.0,32,20,True,22.0
8834382653,2420,1780318870,10150388.0,九州忠诚,10144963.0,我很强,19682,刀塔扭蛋杯,1105104.0,3.0,51,34,True,22.0
8834376655,3438,1780318838,10158550.0,Poor Rangers,10145416.0,Team G,19699,Road To EWC 2026 Regional Qualifiers,1105102.0,1.0,46,48,False,22.0
8834372698,1799,1780318512,9556121.0,Team Cat,9995872.0,TEAM DK,19066,肛宝联赛-老婆杯,1105100.0,0.0,21,42,False,22.0
8834372136,3266,1780318808,10019843.0,Inner Circle x Insanity,10149530.0,HULIGANI,19699,Road To EWC 2026 Regional Qualifiers,1105099.0,1.0,27,34,False,22.0
8834359893,1728,1780317897,9425656.0,LSG,2443375.0,Foxy gaming,18959,Destiny League,1105073.0,1.0,36,13,True,22.0
8834345524,1523,1780317214,10144969.0,兄弟DOTA,10157851.0,SUPER BAOBAO,19682,刀塔扭蛋杯,1105091.0,0.0,14,40,False,22.0
8834327869,2125,1780316323,10060977.0,Cinqueblinks,9906210.0,Teiko,18867,Ultras Dota Pro League  2025-26,1105081.0,1.0,26,56,False,22.0
8834313730,1644,1780315604,2443375.0,Foxy gaming,9425656.0,LSG,18959,Destiny League,1105073.0,1.0,35,22,True,22.0
8834308578,2161,1780315343,10150388.0,九州忠诚,10144963.0,我很强,19682,刀塔扭蛋杯,1105071.0,3.0,53,26,True,22.0
8834251470,1545,1780312054,9593609.0,Nethercore,10060977.0,Cinqueblinks,18867,Ultras Dota Pro League  2025-26,1105059.0,1.0,22,18,True,22.0
8834244800,2562,1780311650,10101793.0,BALU TEAM,9928636.0,Team Lynx,19699,Road To EWC 2026 Regional Qualifiers,1105055.0,1.0,23,49,False,22.0
8834238278,1266,1780311237,9547052.0,F9,10150610.0,Flame Esports,19699,Road To EWC 2026 Regional Qualifiers,1105056.0,1.0,6,36,False,22.0
8834230023,2464,1780310714,9895247.0,Rune Eaters,7299465.0,MODUS,19699,Road To EWC 2026 Regional Qualifiers,1105047.0,1.0,18,46,False,22.0
8834217415,2205,1780309964,10145429.0,The Last Titan,9878494.0,LV United,18959,Destiny League,1105053.0,1.0,49,38,True,22.0
8834199125,2405,1780308749,10060977.0,Cinqueblinks,9593609.0,Nethercore,18867,Ultras Dota Pro League  2025-26,1105059.0,1.0,33,28,False,22.0
8834199052,2797,1780308669,10136133.0,Two Move,9255039.0,enjoy,19699,Road To EWC 2026 Regional Qualifiers,1105046.0,1.0,36,31,True,22.0
8834190956,1172,1780308265,10150610.0,Flame Esports,9547052.0,F9,19699,Road To EWC 2026 Regional Qualifiers,1105056.0,1.0,33,7,True,22.0
8834190489,1969,1780308109,9928636.0,Team Lynx,10101793.0,BALU TEAM,19699,Road To EWC 2026 Regional Qualifiers,1105055.0,1.0,37,9,True,22.0
8834178792,1954,1780307344,9878494.0,LV United,10145429.0,The Last Titan,18959,Destiny League,1105053.0,1.0,24,51,False,22.0
8834154830,2097,1780305455,9878408.0,Elite Eclipse,9729351.0,Dominion,18867,Ultras Dota Pro League  2025-26,1105049.0,1.0,47,22,True,22.0
8834137660,2229,1780304282,9768002.0,Lunar Vibes,9814269.0,Riftwalkers,18959,Destiny League,1105042.0,1.0,48,19,True,22.0
8834137163,4141,1780304404,7299465.0,MODUS,9895247.0,Rune Eaters,19699,Road To EWC 2026 Regional Qualifiers,1105047.0,1.0,52,33,True,22.0
8834134219,2527,1780304401,10136133.0,Two Move,9255039.0,enjoy,19699,Road To EWC 2026 Regional Qualifiers,1105046.0,1.0,47,18,True,22.0
8834102542,1892,1780301409,9814269.0,Riftwalkers,9768002.0,Lunar Vibes,18959,Destiny League,1105042.0,1.0,33,42,False,22.0
8834093348,2449,1780300652,9564888.0,Dominion,9878408.0,Elite Eclipse,18867,Ultras Dota Pro League  2025-26,1105043.0,1.0,27,53,False,22.0
8834067986,2203,1780298390,9768002.0,Lunar Vibes,9814269.0,Riftwalkers,18959,Destiny League,1105042.0,1.0,34,38,False,22.0
8834053011,1956,1780296981,9768243.0,Night Force,10145429.0,The Last Titan,18959,Destiny League,1105038.0,1.0,29,36,False,22.0
8834037495,2115,1780295439,9425656.0,LSG,9767998.0,Nova Pulse,18959,Destiny League,1105037.0,1.0,16,40,False,22.0
8834036829,3253,1780295338,9964674.0,Dominion,9593609.0,Nethercore,18867,Ultras Dota Pro League  2025-26,1105035.0,1.0,59,61,False,22.0
8834013921,2057,1780293990,10145429.0,The Last Titan,9768243.0,Night Force,18959,Destiny League,1105038.0,1.0,51,32,True,22.0
8834009474,2145,1780292525,9767998.0,Nova Pulse,9425656.0,LSG,18959,Destiny League,1105037.0,1.0,49,31,True,22.0
8834004290,2366,1780291924,9593609.0,Nethercore,9964674.0,Dominion,18867,Ultras Dota Pro League  2025-26,1105035.0,1.0,51,30,True,22.0
8833993528,1683,1780290709,9426115.0,Dark Rebellion,9878494.0,LV United,18959,Destiny League,1105030.0,1.0,31,28,True,22.0
8833984396,1844,1780289654,8629315.0,Wiser Warriors,2443375.0,Foxy gaming,18959,Destiny League,1105029.0,1.0,31,24,True,22.0
8833966286,1843,1780287667,9878494.0,LV United,9426115.0,Dark Rebellion,18959,Destiny League,1105030.0,1.0,23,39,False,22.0
8833962786,1659,1780287272,2443375.0,Foxy gaming,8629315.0,Wiser Warriors,18959,Destiny League,1105029.0,1.0,7,27,False,22.0
8833913866,1772,1780281751,9048057.0,Vitality Warriors,8850015.0,DARKNESS GAMING,19201,Dota 2 Space League,1105007.0,1.0,17,29,False,22.0
8833890455,2170,1780279094,8850015.0,DARKNESS GAMING,9048057.0,Vitality Warriors,19201,Dota 2 Space League,1105007.0,1.0,43,38,True,22.0
8833868039,1910,1780276403,9048057.0,Vitality Warriors,8850015.0,DARKNESS GAMING,19201,Dota 2 Space League,1105007.0,1.0,39,26,True,22.0
8833861431,1717,1780275598,2885851.0,GIOR DOTA,10039783.0,Raidd Boss,19467,Liga OverPower Season 2,1104985.0,3.0,49,20,True,22.0
8833839835,1705,1780273044,8957156.0,Silent killer,8849850.0,HELLBEAR HEROES,19201,Dota 2 Space League,1104969.0,1.0,39,23,True,22.0
8833835753,1333,1780272574,10039783.0,Raidd Boss,2885851.0,GIOR DOTA,19467,Liga OverPower Season 2,1104985.0,3.0,16,46,False,22.0
8833820176,1821,1780270776,8849850.0,HELLBEAR HEROES,8957156.0,Silent killer,19201,Dota 2 Space League,1104969.0,1.0,23,38,False,22.0
8833798741,2408,1780268533,9988580.0,OwNing ProS DaiLy,8421759.0,PANDA 5,19467,Liga OverPower Season 2,1104955.0,3.0,41,32,True,22.0
8833796642,1651,1780268451,8957156.0,Silent killer,8849850.0,HELLBEAR HEROES,19201,Dota 2 Space League,1104969.0,1.0,17,27,False,22.0
8833796480,3697,1780268245,8179443.0,Bro fro destoryer,8464190.0,lee lr,19752,Immigrant Night Club #1,1104968.0,0.0,61,42,True,22.0
8833768030,1699,1780265732,8421759.0,PANDA 5,9988580.0,OwNing ProS DaiLy,19467,Liga OverPower Season 2,1104955.0,3.0,20,37,False,22.0
8833767358,1884,1780265697,8970060.0,Moonwalkers,9025669.0,CrimsonSky,19201,Dota 2 Space League,1104946.0,1.0,17,35,False,22.0
8833751030,2075,1780264285,,,10144212.0,Bot 5 yout,19752,Immigrant Night Club #1,0.0,0.0,40,23,True,22.0
8833729896,2151,1780262896,9025669.0,CrimsonSky,8970060.0,Moonwalkers,19201,Dota 2 Space League,1104946.0,1.0,49,32,True,22.0
8833721328,2405,1780262198,8124644.0,Golden Wolves,581153.0,Y2K ,19467,Liga OverPower Season 2,1104929.0,1.0,49,46,True,22.0
8833690702,1790,1780260295,8850016.0,FLYING FORTUNE,9005364.0,Night Vision,19201,Dota 2 Space League,1104928.0,1.0,31,26,True,22.0
8833663714,1856,1780258712,9729268.0,Teiko,9729351.0,Dominion,18867,Ultras Dota Pro League  2025-26,1104931.0,1.0,25,38,False,22.0
8833650956,2895,1780258080,8124644.0,Golden Wolves,581153.0,Y2K ,19467,Liga OverPower Season 2,1104929.0,0.0,62,57,True,22.0
8833649805,1630,1780258046,9005364.0,Night Vision,8850016.0,FLYING FORTUNE,19201,Dota 2 Space League,1104928.0,1.0,15,26,False,22.0
8833616319,1669,1780256254,9467025.0,Dominion,9729268.0,Teiko,18867,Ultras Dota Pro League  2025-26,1104911.0,1.0,35,14,True,22.0
8833597013,2366,1780255307,,,10026281.0,Team Epoch,19699,Road To EWC 2026 Regional Qualifiers,0.0,0.0,20,52,False,22.0
8833592202,3823,1780255071,10150633.0,Pipsqueak + 4,10150538.0,LGD Gaming,19699,Road To EWC 2026 Regional Qualifiers,1104869.0,1.0,46,54,False,22.0
8833570075,2376,1780254021,9600141.0,Zero Tenacity,36.0,Natus Vincere,19699,Road To EWC 2026 Regional Qualifiers,1104872.0,1.0,14,25,False,22.0
8833503771,2735,1780250954,7626304.0,SAND KING GÓMEZ,8133215.0,Sand King Gomez,19699,Road To EWC 2026 Regional Qualifiers,1104882.0,0.0,40,20,True,22.0
8833501927,2788,1780250892,9878408.0,Elite Eclipse,10143784.0,Kiba Arms,18867,Ultras Dota Pro League  2025-26,1104879.0,1.0,58,43,True,22.0
8833492242,1821,1780250570,9600141.0,Zero Tenacity,36.0,Natus Vincere,19699,Road To EWC 2026 Regional Qualifiers,1104872.0,1.0,8,26,False,22.0
8833491653,2605,1780250404,10108205.0,VMYASO TEAM,,,19176,SIVVIT League,0.0,0.0,50,26,True,22.0
8833481366,2459,1780249930,4006794.0,Black Crows,,,19699,Road To EWC 2026 Regional Qualifiers,0.0,0.0,30,48,False,22.0
8833436104,2278,1780247909,8766111.0,Rems Isekai Adventure,,,19699,Road To EWC 2026 Regional Qualifiers,0.0,0.0,15,42,False,22.0
8833415653,2429,1780247011,10143784.0,Kiba Arms,9397016.0,Elite Eclipse,18867,Ultras Dota Pro League  2025-26,1104844.0,1.0,55,30,True,22.0
8833404673,1985,1780246534,,,,,19699,Road To EWC 2026 Regional Qualifiers,0.0,0.0,42,14,True,22.0
8833393817,2301,1780246070,,,2571045.0,LGV,19699,Road To EWC 2026 Regional Qualifiers,0.0,0.0,25,24,False,22.0
8833386988,2762,1780245775,10163435.0,BoomBoys,,,19176,SIVVIT League,0.0,0.0,49,36,True,22.0
8833382835,604,1780245598,10108205.0,VMYASO TEAM,10163438.0,IAZICHKI,19176,SIVVIT League,1104827.0,0.0,13,3,True,22.0
8833354742,2943,1780244418,,,9885816.0,Pikachu Ambiental,19699,Road To EWC 2026 Regional Qualifiers,0.0,0.0,41,30,True,22.0
8833345086,2078,1780244019,10162622.0,CDUB Esports,10026281.0,Team Epoch,19699,Road To EWC 2026 Regional Qualifiers,1104818.0,0.0,19,34,False,22.0
8833340147,1102,1780243817,8766111.0,Rems Isekai Adventure,9271656.0,God King Empty Cloud and his minions,19699,Road To EWC 2026 Regional Qualifiers,1104816.0,0.0,33,4,True,22.0
8833332886,1347,1780243521,,,9885271.0,TRIES,19699,Road To EWC 2026 Regional Qualifiers,0.0,0.0,52,4,True,22.0
8833328024,1522,1780243329,,,,,19699,Road To EWC 2026 Regional Qualifiers,0.0,0.0,37,2,True,22.0
8833327581,2488,1780243499,10150610.0,Flame Esports,36.0,Natus Vincere,19699,Road To EWC 2026 Regional Qualifiers,1104744.0,1.0,26,49,False,22.0
8833327529,2257,1780243343,9397016.0,Elite Eclipse,10143824.0,Kiba Arms,18867,Ultras Dota Pro League  2025-26,1104811.0,1.0,46,28,True,22.0
8833236535,2113,1780239771,9828921.0,Air Defence,10060977.0,Cinqueblinks,18867,Ultras Dota Pro League  2025-26,1104703.0,1.0,51,33,True,22.0
8833236216,2027,1780239676,10150610.0,Flame Esports,36.0,Natus Vincere,19699,Road To EWC 2026 Regional Qualifiers,1104744.0,1.0,9,36,False,22.0
8833233263,4229,1780239565,,,,,19176,SIVVIT League,0.0,0.0,62,49,False,22.0
8833228460,2346,1780239384,,,10158044.0,CHIDORI STORM,19176,SIVVIT League,0.0,0.0,46,28,True,22.0
8833225653,2125,1780239279,10163438.0,IAZICHKI,9467170.0,SnakeHole,19176,SIVVIT League,1104780.0,0.0,44,11,True,22.0
8833223920,2118,1780239216,10108205.0,VMYASO TEAM,10144959.0,IGNARUS VICTORIARUM,19176,SIVVIT League,1104778.0,0.0,53,24,True,22.0
8833223630,2914,1780239204,10108233.0,ShIShUlI,10163435.0,BoomBoys,19176,SIVVIT League,1104777.0,0.0,16,33,False,22.0
8833220211,1430,1780239075,,,9600141.0,Zero Tenacity,19699,Road To EWC 2026 Regional Qualifiers,0.0,0.0,14,25,False,22.0
8833150780,2184,1780236528,9828921.0,Air Defence,10060977.0,Cinqueblinks,18867,Ultras Dota Pro League  2025-26,1104703.0,1.0,41,40,True,22.0
8833136898,1463,1780236201,9600141.0,Zero Tenacity,9547052.0,F9,19699,Road To EWC 2026 Regional Qualifiers,1104746.0,1.0,31,10,True,22.0
8833131359,2087,1780235941,36.0,Natus Vincere,10150610.0,Flame Esports,19699,Road To EWC 2026 Regional Qualifiers,1104744.0,1.0,5,36,False,22.0
8833106431,1813,1780234878,,,7956201.0,domennaya pech,19176,SIVVIT League,0.0,0.0,6,27,False,22.0
8833103592,2923,1780234774,9556121.0,Team Cat,7173025.0,white give,19066,肛宝联赛-老婆杯,1104734.0,0.0,45,26,True,22.0
8833099711,2232,1780234633,10151030.0,海南水果大亨,10150388.0,九州忠诚,19682,刀塔扭蛋杯,1104729.0,0.0,41,49,False,22.0
8833093267,1538,1780234395,10075725.0, teaM Supports,10163435.0,BoomBoys,19176,SIVVIT League,1104727.0,0.0,2,52,False,22.0
8833086496,1657,1780234144,,,10158240.0,FLOW TEAM,19176,SIVVIT League,0.0,0.0,16,40,False,22.0
8833084587,1267,1780234071,10158044.0,CHIDORI STORM,,,19176,SIVVIT League,0.0,0.0,37,6,True,22.0
8833083768,1808,1780234041,10108205.0,VMYASO TEAM,,,19176,SIVVIT League,0.0,0.0,66,13,True,22.0
8833081921,2167,1780233971,10163444.0,peRsona team,10163438.0,IAZICHKI,19176,SIVVIT League,1104717.0,0.0,20,46,False,22.0
8833080407,2406,1780233915,10163439.0,Flow Team,,,19176,SIVVIT League,0.0,0.0,28,50,False,22.0
8833078921,3652,1780233860,9467170.0,SnakeHole,10157552.0,team squirt,19176,SIVVIT League,1104716.0,0.0,52,36,True,22.0
8833078848,1658,1780233857,10144959.0,IGNARUS VICTORIARUM,10130295.0,Rakuzan Team,19176,SIVVIT League,1104715.0,0.0,30,8,True,22.0
8833075967,2458,1780233749,10108233.0,ShIShUlI,10157844.0,Vorpal Sword 2.0,19176,SIVVIT League,1104714.0,0.0,35,13,True,22.0
8833055757,3393,1780232970,10144936.0,软柿子人身意外饱险,10144933.0,12.6个悠远火星小傻蛋,19682,刀塔扭蛋杯,1104702.0,3.0,53,55,True,22.0
8833054306,2228,1780232953,10060977.0,Cinqueblinks,9828921.0,Air Defence,18867,Ultras Dota Pro League  2025-26,1104703.0,1.0,62,45,True,22.0
8833033885,2600,1780232141,10150707.0,蛋仔派对,9580444.0,PSG.LGD,19682,刀塔扭蛋杯,1104696.0,3.0,49,21,True,22.0
8833012268,2269,1780231285,10150388.0,九州忠诚,10151030.0,海南水果大亨,19682,刀塔扭蛋杯,1104684.0,0.0,30,43,False,22.0
8832979274,1578,1780229880,9593609.0,Nethercore,9397016.0,Elite Eclipse,18867,Ultras Dota Pro League  2025-26,1104626.0,1.0,27,55,False,22.0
8832977735,1910,1780229810,10157552.0,team squirt,10157723.0,Team Sparta,19176,SIVVIT League,1104660.0,0.0,25,13,True,22.0
8832974610,1572,1780229675,10156958.0,sad boys,,,19176,SIVVIT League,0.0,0.0,5,40,False,22.0
8832971964,2905,1780229558,,,,,19176,SIVVIT League,0.0,0.0,43,61,False,22.0
8832967545,1152,1780229364,10163438.0,IAZICHKI,,,19176,SIVVIT League,0.0,0.0,35,12,True,22.0
8832967320,1908,1780229355,,,,,19176,SIVVIT League,0.0,0.0,8,38,False,22.0
8832967191,1653,1780229348,9148992.0,УЗНИКИ ДЖОКЕРГЕ,,,19176,SIVVIT League,0.0,0.0,43,14,True,22.0
8832966777,1121,1780229329,10157844.0,Vorpal Sword 2.0,,,19176,SIVVIT League,0.0,0.0,40,3,True,22.0
8832966739,1844,1780229328,,,,,19176,SIVVIT League,0.0,0.0,27,10,True,22.0
8832966307,2448,1780229307,9538742.0,MUIV x 2RR,7956201.0,domennaya pech,19176,SIVVIT League,1104656.0,0.0,29,39,False,22.0
8832965889,2491,1780229286,,,9829263.0,5Prisoners,19176,SIVVIT League,0.0,0.0,27,23,True,22.0
8832965377,1213,1780229265,10158240.0,FLOW TEAM,,,19176,SIVVIT League,0.0,0.0,47,10,True,22.0
8832965213,1900,1780229259,9316996.0,Лесная Братва,10144959.0,IGNARUS VICTORIARUM,19176,SIVVIT League,1104654.0,0.0,12,48,False,22.0
8832962699,2474,1780229148,9989379.0,kal team,10130295.0,Rakuzan Team,19176,SIVVIT League,1104652.0,0.0,19,47,False,22.0
8832962393,2418,1780229135,10151691.0, Барни team,10158044.0,CHIDORI STORM,19176,SIVVIT League,1104649.0,0.0,17,36,False,22.0
8832961675,1679,1780229103,,,,,19176,SIVVIT League,0.0,0.0,48,22,True,22.0
8832961029,2075,1780229075,9580444.0,PSG.LGD,10150707.0,蛋仔派对,19682,刀塔扭蛋杯,1104647.0,3.0,34,15,True,22.0
8832953226,2933,1780228745,10144933.0,12.6个悠远火星小傻蛋,10144936.0,软柿子人身意外饱险,19682,刀塔扭蛋杯,1104645.0,3.0,33,59,False,22.0
8832952327,2571,1780228937,10163403.0,dust 2 ,7872957.0,K.O.,19699,Road To EWC 2026 Regional Qualifiers,1104624.0,1.0,42,37,False,22.0
8832889451,2747,1780225692,9928636.0,Team Lynx,10150633.0,Pipsqueak + 4,19699,Road To EWC 2026 Regional Qualifiers,1104596.0,1.0,28,45,False,22.0
8832888789,2400,1780225893,9397016.0,Elite Eclipse,9593609.0,Nethercore,18867,Ultras Dota Pro League  2025-26,1104626.0,1.0,53,23,True,22.0
8832884898,2024,1780225463,10163403.0,dust 2 ,7872957.0,K.O.,19699,Road To EWC 2026 Regional Qualifiers,1104624.0,1.0,37,17,True,22.0
8832882395,2079,1780225355,8629315.0,Wiser Warriors,9768002.0,Lunar Vibes,18959,Destiny League,1104606.0,1.0,40,31,True,22.0
8832870869,1425,1780224745,10101793.0,BALU TEAM,10150538.0,LGD Gaming,19699,Road To EWC 2026 Regional Qualifiers,1104595.0,1.0,9,47,False,22.0
8832824054,2007,1780222336,9768002.0,Lunar Vibes,8629315.0,Wiser Warriors,18959,Destiny League,1104606.0,1.0,28,50,False,22.0
8832812545,2624,1780221651,7872957.0,K.O.,,,19699,Road To EWC 2026 Regional Qualifiers,0.0,0.0,25,23,True,22.0
8832812349,2225,1780221641,10007804.0,Eye Gaming,9593609.0,Nethercore,18867,Ultras Dota Pro League  2025-26,1104564.0,1.0,23,52,False,22.0
8832812084,1912,1780221717,10150633.0,Pipsqueak + 4,9928636.0,Team Lynx,19699,Road To EWC 2026 Regional Qualifiers,1104596.0,1.0,25,9,True,22.0
8832809518,1369,1780221637,10150538.0,LGD Gaming,10101793.0,BALU TEAM,19699,Road To EWC 2026 Regional Qualifiers,1104595.0,1.0,35,4,True,22.0
8832769778,1717,1780219443,9768243.0,Night Force,9814269.0,Riftwalkers,18959,Destiny League,1104547.0,1.0,41,24,True,22.0
8832727046,1406,1780217012,9814269.0,Riftwalkers,9768243.0,Night Force,18959,Destiny League,1104547.0,1.0,35,14,True,22.0
8832725338,3413,1780216958,9593609.0,Nethercore,10007804.0,Eye Gaming,18867,Ultras Dota Pro League  2025-26,1104564.0,1.0,57,46,True,22.0
8832681161,1455,1780214352,9563873.0,Elite Eclipse,9964674.0,Dominion,18867,Ultras Dota Pro League  2025-26,1104518.0,1.0,43,21,True,22.0
8832676461,2047,1780214123,9768243.0,Night Force,9814269.0,Riftwalkers,18959,Destiny League,1104547.0,1.0,49,25,True,22.0
8832634144,1849,1780211328,9425656.0,LSG,2443375.0,Foxy gaming,18959,Destiny League,1104522.0,1.0,41,32,True,22.0
8832633798,2252,1780211283,9964674.0,Dominion,9563873.0,Elite Eclipse,18867,Ultras Dota Pro League  2025-26,1104518.0,1.0,44,32,True,22.0
8832600410,1136,1780209194,10145429.0,The Last Titan,9426115.0,Dark Rebellion,18959,Destiny League,1104513.0,1.0,16,38,False,22.0
8832587550,2014,1780208154,2443375.0,Foxy gaming,9425656.0,LSG,18959,Destiny League,1104522.0,1.0,24,36,False,22.0
8832580098,2408,1780207794,9563873.0,Elite Eclipse,9964674.0,Dominion,18867,Ultras Dota Pro League  2025-26,1104518.0,1.0,44,21,True,22.0
8832563895,1627,1780206868,9426115.0,Dark Rebellion,10145429.0,The Last Titan,18959,Destiny League,1104513.0,1.0,44,39,True,22.0
8832553238,1827,1780205510,9878494.0,LV United,9767998.0,Nova Pulse,18959,Destiny League,1104487.0,1.0,18,27,False,22.0
8832532460,1790,1780203884,8629315.0,Wiser Warriors,9814269.0,Riftwalkers,18959,Destiny League,1104492.0,1.0,48,24,True,22.0
8832523690,1909,1780203060,9767998.0,Nova Pulse,9878494.0,LV United,18959,Destiny League,1104487.0,1.0,34,37,False,22.0
8832519723,2069,1780202707,9724428.0,Shinigami Gaming,9564441.0,Eye Gaming,18867,Ultras Dota Pro League  2025-26,1104478.0,1.0,31,31,False,22.0
8832508789,1453,1780201802,9814269.0,Riftwalkers,8629315.0,Wiser Warriors,18959,Destiny League,1104492.0,1.0,9,31,False,22.0
8832493281,2018,1780200443,9878494.0,LV United,9767998.0,Nova Pulse,18959,Destiny League,1104487.0,1.0,20,24,False,22.0
8832479109,2002,1780199101,9564441.0,Eye Gaming,9724428.0,Shinigami Gaming,18867,Ultras Dota Pro League  2025-26,1104478.0,1.0,41,31,True,22.0
8832381202,2902,1780189477,,,,,19752,Immigrant Night Club #1,0.0,0.0,41,23,True,22.0
8832340193,2025,1780185005,,,,,19752,Immigrant Night Club #1,0.0,0.0,40,10,True,22.0
8832290323,3090,1780180517,,,,,19752,Immigrant Night Club #1,0.0,0.0,52,43,True,22.0
8832165578,1607,1780172696,9866035.0,The Bros,2114225.0,KINGSURF,19467,Liga OverPower Season 2,1104352.0,3.0,46,17,True,22.0
8832152223,2068,1780172109,9684245.0,Shinigami Gaming,9729351.0,Dominion,18867,Ultras Dota Pro League  2025-26,1104313.0,1.0,47,34,True,22.0
8832088014,2081,1780168845,9684245.0,Shinigami Gaming,9729351.0,Dominion,18867,Ultras Dota Pro League  2025-26,1104313.0,1.0,31,32,True,22.0
8832083806,3450,1780168809,10150267.0,Hokori,9895350.0,Perrito Panzon,19699,Road To EWC 2026 Regional Qualifiers,1104274.0,1.0,32,29,True,22.0
8832024993,2023,1780165769,9729351.0,Dominion,9684245.0,Shinigami Gaming,18867,Ultras Dota Pro League  2025-26,1104313.0,1.0,46,27,True,22.0
8832014833,2107,1780165160,10150267.0,Hokori,9895350.0,Perrito Panzon,19699,Road To EWC 2026 Regional Qualifiers,1104274.0,1.0,28,18,True,22.0
8832008519,2307,1780164838,9799036.0,TeamDk,2885851.0,GIOR DOTA,19699,Road To EWC 2026 Regional Qualifiers,1104279.0,1.0,43,19,True,22.0
8831993377,2293,1780164124,9691969.0,Team Nemesis,10027376.0,NEW GROWTH,19699,Road To EWC 2026 Regional Qualifiers,1104269.0,1.0,37,10,True,22.0
8831986752,2331,1780163810,10108655.0,Amaru Gaming,10158121.0,KRD,19699,Road To EWC 2026 Regional Qualifiers,1104273.0,1.0,41,19,True,22.0
8831978733,3380,1780163399,4006794.0,Black Crows,10158718.0,Team Slayers,19699,Road To EWC 2026 Regional Qualifiers,1104264.0,1.0,56,29,False,22.0
8831952361,1940,1780162198,9729342.0,Elite Eclipse,9718665.0,Eye Gaming,18867,Ultras Dota Pro League  2025-26,1104225.0,1.0,41,40,True,22.0
8831928087,2341,1780160989,2885851.0,GIOR DOTA,9799036.0,TeamDk,19699,Road To EWC 2026 Regional Qualifiers,1104279.0,1.0,21,37,False,22.0
8831927547,2026,1780161540,9467224.0,Aurora Gaming,2163.0,Team Liquid,19101,BLAST SLAM VII,1104277.0,1.0,35,16,True,22.0
8831926213,1530,1780160826,10158121.0,KRD,10108655.0,Amaru Gaming,19699,Road To EWC 2026 Regional Qualifiers,1104273.0,1.0,10,46,False,22.0
8831924226,2753,1780160899,9895350.0,Perrito Panzon,10150267.0,Hokori,19699,Road To EWC 2026 Regional Qualifiers,1104274.0,1.0,30,21,True,22.0
8831920135,2140,1780160692,9691969.0,Team Nemesis,10027376.0,NEW GROWTH,19699,Road To EWC 2026 Regional Qualifiers,1104269.0,1.0,28,10,True,22.0
8831895468,2321,1780159458,4006794.0,Black Crows,10158718.0,Team Slayers,19699,Road To EWC 2026 Regional Qualifiers,1104264.0,1.0,36,38,False,22.0
8831889574,1941,1780159120,9729342.0,Elite Eclipse,9718665.0,Eye Gaming,18867,Ultras Dota Pro League  2025-26,1104225.0,1.0,25,42,False,22.0
8831817474,3034,1780156623,2163.0,Team Liquid,9467224.0,Aurora Gaming,19101,BLAST SLAM VII,1104229.0,1.0,26,42,False,22.0
8831810450,2396,1780155602,9823272.0,Team Yandex,7119388.0,Team Spirit,19101,BLAST SLAM VII,1104173.0,1.0,42,20,True,22.0
8831806840,2529,1780155528,9718665.0,Eye Gaming,9729342.0,Elite Eclipse,18867,Ultras Dota Pro League  2025-26,1104225.0,1.0,53,47,False,22.0
8831742526,2061,1780152901,10144963.0,我很强,10144936.0,软柿子人身意外饱险,19682,刀塔扭蛋杯,1104204.0,0.0,37,30,True,22.0
8831704557,1729,1780151459,9530716.0,Air Defence,9397016.0,Elite Eclipse,18867,Ultras Dota Pro League  2025-26,1104190.0,1.0,20,65,False,22.0
8831674830,3138,1780151101,9467224.0,Aurora Gaming,10150413.0,Iron Wing,19101,BLAST SLAM VII,1104065.0,1.0,33,25,True,22.0
8831663527,3207,1780150501,7119388.0,Team Spirit,9823272.0,Team Yandex,19101,BLAST SLAM VII,1104173.0,1.0,25,36,False,22.0
8831645661,2298,1780149203,10144936.0,软柿子人身意外饱险,10144963.0,我很强,19682,刀塔扭蛋杯,1104167.0,0.0,47,15,True,22.0
8831643060,1272,1780149102,9563873.0,Elite Eclipse,10144754.0,Air Defence,18867,Ultras Dota Pro League  2025-26,1104165.0,1.0,40,12,True,22.0
8831634299,1778,1780148823,10151030.0,海南水果大亨,10144969.0,兄弟DOTA,19682,刀塔扭蛋杯,1104159.0,3.0,43,10,True,22.0
8831578923,2877,1780146538,10144933.0,12.6个悠远火星小傻蛋,10150388.0,九州忠诚,19682,刀塔扭蛋杯,1104126.0,3.0,34,47,False,22.0
8831573002,1965,1780146327,9239282.0,og,9556121.0,Team Cat,19066,肛宝联赛-老婆杯,1104125.0,0.0,32,39,False,22.0
8831571711,1523,1780146534,2586976.0,OG,7119388.0,Team Spirit,19101,BLAST SLAM VII,1104122.0,1.0,10,28,False,22.0
8831571549,2150,1780147020,9467224.0,Aurora Gaming,10150413.0,Iron Wing,19101,BLAST SLAM VII,1104065.0,1.0,32,15,True,22.0
8831567371,1927,1780146120,9530716.0,Air Defence,9563873.0,Elite Eclipse,18867,Ultras Dota Pro League  2025-26,1104117.0,1.0,38,28,True,22.0
8831556487,2604,1780145605,10101793.0,BALU TEAM,9819302.0,unknow,19699,Road To EWC 2026 Regional Qualifiers,1104112.0,1.0,41,25,True,22.0
8831542590,2664,1780145023,10144969.0,兄弟DOTA,10151030.0,海南水果大亨,19682,刀塔扭蛋杯,1104109.0,3.0,34,34,False,22.0
8831493822,2537,1780142729,10150388.0,九州忠诚,10144933.0,12.6个悠远火星小傻蛋,19682,刀塔扭蛋杯,1104077.0,3.0,33,21,True,22.0
8831470350,2853,1780142251,9467224.0,Aurora Gaming,10150413.0,Iron Wing,19101,BLAST SLAM VII,1104065.0,1.0,27,42,False,22.0
8831470213,2500,1780142166,7119388.0,Team Spirit,2586976.0,OG,19101,BLAST SLAM VII,1104064.0,1.0,36,14,True,22.0
8831467933,2705,1780141445,9564441.0,Eye Gaming,9729268.0,Teiko,18867,Ultras Dota Pro League  2025-26,1104061.0,1.0,38,41,False,22.0
8831462804,2879,1780141508,10136133.0,Two Move,2576071.0,Yellow Submarine,19699,Road To EWC 2026 Regional Qualifiers,1103981.0,1.0,33,37,True,22.0
8831444007,2015,1780140218,10150610.0,Flame Esports,10101793.0,BALU TEAM,19699,Road To EWC 2026 Regional Qualifiers,1104005.0,1.0,39,18,True,22.0
8831436472,2560,1780139817,9547052.0,F9,9819302.0,unknow,19699,Road To EWC 2026 Regional Qualifiers,1104010.0,1.0,51,25,True,22.0
8831405565,2030,1780138194,9729268.0,Teiko,10007804.0,Eye Gaming,18867,Ultras Dota Pro League  2025-26,1104030.0,1.0,30,21,True,22.0
8831387966,3018,1780137143,10136133.0,Two Move,2576071.0,Yellow Submarine,19699,Road To EWC 2026 Regional Qualifiers,1103981.0,1.0,40,19,True,22.0
8831366657,2196,1780135993,9819302.0,unknow,9547052.0,F9,19699,Road To EWC 2026 Regional Qualifiers,1104010.0,1.0,13,32,False,22.0
8831356217,3193,1780135417,10150610.0,Flame Esports,10101793.0,BALU TEAM,19699,Road To EWC 2026 Regional Qualifiers,1104005.0,1.0,38,26,True,22.0
8831344795,2598,1780134650,10145416.0,Team G,5014799.0,Nemiga Gaming,19699,Road To EWC 2026 Regional Qualifiers,1103982.0,1.0,37,22,True,22.0
8831330956,2470,1780133836,8831040.0,Ghost Sheep,9813102.0,Nethercore,18867,Ultras Dota Pro League  2025-26,1103997.0,1.0,43,27,True,22.0
8831298739,1864,1780131956,9814269.0,Riftwalkers,9768243.0,Night Force,18959,Destiny League,1103931.0,2.0,44,32,True,22.0
8831287978,1952,1780131432,5014799.0,Nemiga Gaming,10145416.0,Team G,19699,Road To EWC 2026 Regional Qualifiers,1103982.0,1.0,10,24,False,22.0
8831286439,4117,1780131596,2576071.0,Yellow Submarine,10136133.0,Two Move,19699,Road To EWC 2026 Regional Qualifiers,1103981.0,1.0,42,44,True,22.0
8831269444,2615,1780130276,9593609.0,Nethercore,8831040.0,Ghost Sheep,18867,Ultras Dota Pro League  2025-26,1103976.0,1.0,51,49,False,22.0
8831257885,1920,1780129482,9768243.0,Night Force,9814269.0,Riftwalkers,18959,Destiny League,1103931.0,2.0,30,45,False,22.0
8831217975,1831,1780126959,9814269.0,Riftwalkers,9768243.0,Night Force,18959,Destiny League,1103931.0,2.0,30,51,False,22.0
8831200256,2772,1780125757,9482420.0,Eye Gaming,9593609.0,Nethercore,18867,Ultras Dota Pro League  2025-26,1103903.0,1.0,46,73,True,22.0
8831178035,1694,1780124218,9768243.0,Night Force,9814269.0,Riftwalkers,18959,Destiny League,1103931.0,2.0,16,34,False,22.0
8831148690,1562,1780122038,9814269.0,Riftwalkers,8629315.0,Wiser Warriors,18959,Destiny League,1103912.0,1.0,37,24,True,22.0
8831148443,2586,1780121950,9593609.0,Nethercore,9482420.0,Eye Gaming,18867,Ultras Dota Pro League  2025-26,1103903.0,1.0,35,40,False,22.0
8831120605,1656,1780119750,8629315.0,Wiser Warriors,9814269.0,Riftwalkers,18959,Destiny League,1103912.0,1.0,18,34,False,22.0
8831103512,2707,1780118314,9482420.0,Eye Gaming,9593609.0,Nethercore,18867,Ultras Dota Pro League  2025-26,1103903.0,1.0,65,53,False,22.0
8831100132,1890,1780117967,10135834.0,TEAM GRIND,10144697.0,Ivory,19699,Road To EWC 2026 Regional Qualifiers,1103885.0,1.0,33,13,True,22.0
8831089393,2789,1780117011,10144695.0,Mentality Monsters,9546449.0,Yangon Galacticos,19699,Road To EWC 2026 Regional Qualifiers,1103884.0,1.0,33,34,True,22.0
8831085070,2088,1780116739,10145429.0,The Last Titan,9768243.0,Night Force,18959,Destiny League,1103889.0,1.0,35,44,False,22.0
8831061199,2113,1780114433,9729268.0,Teiko,9677506.0,Shinigami Gaming,18867,Ultras Dota Pro League  2025-26,1103877.0,1.0,39,36,True,22.0
8831059296,1749,1780114281,9768243.0,Night Force,10145429.0,The Last Titan,18959,Destiny League,1103889.0,1.0,32,19,True,22.0
8831051050,2727,1780113845,10144697.0,Ivory,10135834.0,TEAM GRIND,19699,Road To EWC 2026 Regional Qualifiers,1103885.0,1.0,17,35,False,22.0
8831049470,1966,1780113608,10144695.0,Mentality Monsters,9546449.0,Yangon Galacticos,19699,Road To EWC 2026 Regional Qualifiers,1103884.0,1.0,23,19,True,22.0
8831024772,2415,1780111009,9677506.0,Shinigami Gaming,9729268.0,Teiko,18867,Ultras Dota Pro League  2025-26,1103877.0,1.0,23,47,False,22.0
8831004100,4018,1780109047,9492680.0,Germans Dorfers,10144212.0,Bot 5 yout,19752,Immigrant Night Club #1,1103863.0,0.0,69,47,True,22.0
8831003942,1378,1780109032,10137663.0,Korba,9981569.0,All Good,19699,Road To EWC 2026 Regional Qualifiers,1103862.0,1.0,15,48,False,22.0
8830980523,1854,1780106868,8850016.0,FLYING FORTUNE,9025669.0,CrimsonSky,19201,Dota 2 Space League,,,38,27,True,
8830967087,1918,1780105399,10144212.0,Bot 5 yout,,,19752,Immigrant Night Club #1,0.0,0.0,29,39,False,22.0
8830960069,1647,1780104715,9025669.0,CrimsonSky,8850016.0,FLYING FORTUNE,19201,Dota 2 Space League,1103841.0,1.0,35,26,True,22.0
8830939193,1819,1780102442,8850016.0,FLYING FORTUNE,9025669.0,CrimsonSky,19201,Dota 2 Space League,1103841.0,1.0,35,24,True,22.0
8830917483,1809,1780099932,9005364.0,Night Vision,8849850.0,HELLBEAR HEROES,19201,Dota 2 Space League,1103825.0,1.0,39,34,True,22.0
8830909774,4298,1780099027,,,,,19752,Immigrant Night Club #1,0.0,0.0,48,57,True,22.0
8830896948,1610,1780097736,8849850.0,HELLBEAR HEROES,9005364.0,Night Vision,19201,Dota 2 Space League,1103825.0,1.0,28,30,False,22.0
8830868116,2048,1780094910,8850015.0,DARKNESS GAMING,8957156.0,Silent killer,19201,Dota 2 Space League,1103810.0,1.0,43,20,True,22.0
8830837494,1968,1780092422,8957156.0,Silent killer,8850015.0,DARKNESS GAMING,19201,Dota 2 Space League,1103810.0,1.0,25,29,False,22.0
8830806159,1710,1780090221,8850015.0,DARKNESS GAMING,8957156.0,Silent killer,19201,Dota 2 Space League,1103810.0,1.0,23,32,False,22.0
8830762917,1763,1780087577,9048057.0,Vitality Warriors,8970060.0,Moonwalkers,19201,Dota 2 Space League,1103782.0,1.0,27,37,False,22.0
8830708651,2071,1780084893,8970060.0,Moonwalkers,9048057.0,Vitality Warriors,19201,Dota 2 Space League,1103782.0,1.0,35,29,True,22.0
8830638667,1899,1780081230,9493513.0,Shinigami Gaming,10007804.0,Eye Gaming,18867,Ultras Dota Pro League  2025-26,1103764.0,1.0,33,45,False,22.0
8830604253,1515,1780079606,10027376.0,NEW GROWTH,9640559.0,Chincha Players,19699,Road To EWC 2026 Regional Qualifiers,1103757.0,0.0,40,12,True,22.0
8830576169,2311,1780078298,10108655.0,Amaru Gaming,10122515.0,The House Esports,19699,Road To EWC 2026 Regional Qualifiers,1103748.0,0.0,43,24,True,22.0
8830573169,2411,1780078160,2885851.0,GIOR DOTA,,,19699,Road To EWC 2026 Regional Qualifiers,0.0,0.0,25,18,True,22.0
8830565031,2439,1780077786,10150267.0,Hokori,9776093.0,TUVIEJACACHERA,19699,Road To EWC 2026 Regional Qualifiers,1103740.0,0.0,25,26,True,22.0
8830562971,1073,1780077754,10144722.0,IGNITE,9798986.0,Tt Game,19699,Road To EWC 2026 Regional Qualifiers,1103738.0,1.0,26,15,True,22.0
8830559371,2310,1780077551,10007804.0,Eye Gaming,10020691.0,Shinigami Gaming,18867,Ultras Dota Pro League  2025-26,1103734.0,1.0,37,32,True,22.0
8830548633,2070,1780077032,8971308.0,x5 Gaming,9799036.0,TeamDk,19699,Road To EWC 2026 Regional Qualifiers,1103729.0,0.0,18,28,False,22.0
8830529631,2068,1780076149,2163.0,Team Liquid,2586976.0,OG,19101,BLAST SLAM VII,1103723.0,0.0,26,9,True,22.0
8830516786,1561,1780075553,9691969.0,Team Nemesis,6765751.0,Belial Gaming,19699,Road To EWC 2026 Regional Qualifiers,1103720.0,0.0,40,8,True,22.0
8830515362,1847,1780075488,,,,,19699,Road To EWC 2026 Regional Qualifiers,0.0,0.0,68,16,True,22.0
8830513775,1122,1780075416,,,8819382.0,TEAM eclipse ,19699,Road To EWC 2026 Regional Qualifiers,0.0,0.0,54,13,True,22.0
8830502379,1421,1780074891,8337978.0,Sad BoyS,10095819.0,Lunatic`s,19699,Road To EWC 2026 Regional Qualifiers,1103715.0,0.0,43,9,True,22.0
8830500229,1053,1780074795,10158090.0,Tailung Mafia,8571354.0,Anvorguesa,19699,Road To EWC 2026 Regional Qualifiers,1103713.0,0.0,30,7,True,22.0
8830497071,1804,1780074654,10144722.0,IGNITE,9798986.0,Tt Game,19699,Road To EWC 2026 Regional Qualifiers,1103712.0,0.0,23,6,True,22.0
8830495325,3294,1780074575,10158067.0,Team Cangreburger,9640559.0,Chincha Players,19699,Road To EWC 2026 Regional Qualifiers,1103710.0,0.0,40,38,False,22.0
8830491657,2207,1780074413,10122515.0,The House Esports,10150414.0,UF Esports,19699,Road To EWC 2026 Regional Qualifiers,1103707.0,0.0,49,13,True,22.0
8830490655,907,1780074369,9799036.0,TeamDk,9948957.0,LA RESIS,19699,Road To EWC 2026 Regional Qualifiers,1103706.0,0.0,30,5,True,22.0
8830450361,1978,1780072591,9593609.0,Nethercore,9530716.0,Air Defence,18867,Ultras Dota Pro League  2025-26,1103694.0,1.0,50,38,True,22.0
8830442388,3300,1780072245,10150538.0,LGD Gaming,10150413.0,Iron Wing,19101,BLAST SLAM VII,1103692.0,0.0,26,29,True,22.0
8830423116,2446,1780071421,8255888.0,BoomBoys,10081680.0,GLYPH,19101,BLAST SLAM VII,1103682.0,0.0,33,7,True,22.0
8830419543,1323,1780071274,10040639.0,Ember Enjoyers,9798986.0,Tt Game,19699,Road To EWC 2026 Regional Qualifiers,1103678.0,0.0,12,21,False,22.0
8830416239,1630,1780071158,9814269.0,Riftwalkers,10145429.0,The Last Titan,18959,Destiny League,1103663.0,1.0,12,22,False,22.0
8830407272,2401,1780070769,,,9866136.0,ggboom,19699,Road To EWC 2026 Regional Qualifiers,0.0,0.0,33,39,True,22.0
8830403713,2536,1780070620,,,,,19699,Road To EWC 2026 Regional Qualifiers,0.0,0.0,35,50,False,22.0
8830375156,1178,1780070094,10144754.0,Air Defence,9593609.0,Nethercore,18867,Ultras Dota Pro League  2025-26,1103670.0,1.0,11,42,False,22.0
8830349703,1735,1780068699,10145429.0,The Last Titan,9814269.0,Riftwalkers,18959,Destiny League,1103663.0,1.0,28,19,True,22.0
8830310450,1607,1780066864,10144754.0,Air Defence,10060977.0,Cinqueblinks,18867,Ultras Dota Pro League  2025-26,1103655.0,1.0,46,22,True,22.0
8830294167,1487,1780066235,9426115.0,Dark Rebellion,9768243.0,Night Force,18959,Destiny League,1103636.0,1.0,10,24,False,22.0
8830280454,1828,1780065638,9824702.0,PVISION,9247354.0,Team Falcons,19101,BLAST SLAM VII,1103650.0,0.0,32,10,True,22.0
8830229653,1991,1780063706,9768243.0,Night Force,9426115.0,Dark Rebellion,18959,Destiny League,1103636.0,1.0,46,20,True,22.0
8830224171,2697,1780063537,9965097.0,谢钦州代表队,10094876.0,地狱归来,19066,肛宝联赛-老婆杯,1103634.0,0.0,31,43,False,22.0
8830215586,2271,1780063104,10060977.0,Cinqueblinks,9530716.0,Air Defence,18867,Ultras Dota Pro League  2025-26,1103602.0,1.0,36,20,True,22.0
8830208632,3261,1780062828,10150388.0,九州忠诚,10144963.0,我很强,19682,刀塔扭蛋杯,1103630.0,0.0,49,45,True,22.0
8830206341,6698,1780062716,10150538.0,LGD Gaming,9823272.0,Team Yandex,19101,BLAST SLAM VII,1103629.0,0.0,61,52,True,22.0
8830186710,3076,1780061895,,,,,18477,天蝉杯,0.0,0.0,32,46,False,22.0
8830177369,1771,1780061513,9366802.0,超耐磨,10150644.0,汤臣一品,19682,刀塔扭蛋杯,1103590.0,3.0,31,13,True,22.0
8830175194,2661,1780061426,8261500.0,Xtreme Gaming,9467224.0,Aurora Gaming,19101,BLAST SLAM VII,1103616.0,0.0,15,37,False,22.0
8830165296,2001,1780061040,9878494.0,LV United,8629315.0,Wiser Warriors,18959,Destiny League,1103565.0,1.0,21,23,False,22.0
8830163648,2769,1780061015,10151159.0,法式可颂蛋挞,9580444.0,PSG.LGD,19682,刀塔扭蛋杯,1103613.0,3.0,54,30,True,22.0
8830147090,2131,1780060280,9995872.0,TEAM DK,,,19066,肛宝联赛-老婆杯,1103607.0,0.0,46,21,True,22.0
8830140108,2198,1780059970,10144933.0,12.6个悠远火星小傻蛋,10144969.0,兄弟DOTA,19682,刀塔扭蛋杯,1103606.0,3.0,31,22,True,22.0
8830131096,1602,1780060479,9530716.0,Air Defence,10060977.0,Cinqueblinks,18867,Ultras Dota Pro League  2025-26,1103602.0,1.0,36,14,True,22.0
8830121215,2204,1780059070,10144963.0,我很强,10150707.0,蛋仔派对,19682,刀塔扭蛋杯,1103600.0,3.0,37,40,False,22.0
8830108375,1948,1780058509,8629315.0,Wiser Warriors,9878494.0,LV United,18959,Destiny League,1103565.0,1.0,32,53,False,22.0
8830098518,2515,1780058020,10150644.0,汤臣一品,9366802.0,超耐磨,19682,刀塔扭蛋杯,1103590.0,3.0,42,30,True,
8830097448,3098,1780057968,10081680.0,GLYPH,10150413.0,Iron Wing,19101,BLAST SLAM VII,1103593.0,0.0,36,36,False,22.0
8830096085,1803,1780057961,9580444.0,PSG.LGD,10151159.0,法式可颂蛋挞,19682,刀塔扭蛋杯,1103591.0,3.0,56,14,True,22.0
8830092075,2176,1780057715,7119388.0,Team Spirit,2586976.0,OG,19101,BLAST SLAM VII,1103588.0,0.0,29,13,True,22.0
8830078423,3517,1780057049,9270895.0,Vict,,,18477,天蝉杯,0.0,0.0,39,53,False,22.0
8830073876,1393,1780056812,10150707.0,蛋仔派对,10144963.0,我很强,19682,刀塔扭蛋杯,1103574.0,3.0,6,37,False,22.0
8830066025,2439,1780056432,10144969.0,兄弟DOTA,10144933.0,12.6个悠远火星小傻蛋,19682,刀塔扭蛋杯,1103570.0,3.0,35,32,True,22.0
8830060643,2343,1780056131,10001733.0,Hive,10145416.0,Team G,19699,Road To EWC 2026 Regional Qualifiers,1103566.0,0.0,24,35,False,22.0
8830060478,1691,1780056326,9878494.0,LV United,8629315.0,Wiser Warriors,18959,Destiny League,1103565.0,1.0,24,35,False,22.0
8830053263,2039,1780055737,2576071.0,Yellow Submarine,,,19699,Road To EWC 2026 Regional Qualifiers,0.0,0.0,28,19,True,22.0
8830031887,3099,1780054553,5014799.0,Nemiga Gaming,,,19699,Road To EWC 2026 Regional Qualifiers,0.0,0.0,35,19,True,22.0
8830022703,2230,1780054023,9824702.0,PVISION,2163.0,Team Liquid,19101,BLAST SLAM VII,1103559.0,0.0,22,12,True,22.0
8830017584,2884,1780053722,,,9872558.0,VP.Prodigy,19699,Road To EWC 2026 Regional Qualifiers,0.0,0.0,34,22,True,22.0
8830011738,1638,1780053382,10001733.0,Hive,,,19699,Road To EWC 2026 Regional Qualifiers,0.0,0.0,49,7,True,22.0
8830011623,2502,1780053376,9247354.0,Team Falcons,8255888.0,BoomBoys,19101,BLAST SLAM VII,1103555.0,0.0,14,40,False,22.0
8829997504,2046,1780052536,,,,,19699,Road To EWC 2026 Regional Qualifiers,0.0,0.0,31,12,True,22.0
8829990093,1449,1780052075,10150610.0,Flame Esports,,,19699,Road To EWC 2026 Regional Qualifiers,0.0,0.0,39,7,True,22.0
8829988975,2200,1780052004,9593609.0,Nethercore,8831040.0,Ghost Sheep,18867,Ultras Dota Pro League  2025-26,1103542.0,1.0,34,38,False,22.0
8829986940,1407,1780051878,10101793.0,BALU TEAM,9781592.0,Golden Retrievers,19699,Road To EWC 2026 Regional Qualifiers,1103552.0,0.0,30,9,True,22.0
8829982489,1431,1780051592,,,10157089.0,Crimson Witnesses,19699,Road To EWC 2026 Regional Qualifiers,0.0,0.0,33,3,True,22.0
8829979070,839,1780051377,10001733.0,Hive,8419968.0,Korkino Lions,19699,Road To EWC 2026 Regional Qualifiers,1103551.0,0.0,20,1,True,22.0
8829975493,2281,1780051155,10096172.0,Shizageddon,,,19699,Road To EWC 2026 Regional Qualifiers,0.0,0.0,15,38,False,22.0
8829971993,1029,1780050932,5014799.0,Nemiga Gaming,,,19699,Road To EWC 2026 Regional Qualifiers,0.0,0.0,44,7,True,22.0
8829971987,1007,1780050931,,,,,19699,Road To EWC 2026 Regional Qualifiers,0.0,0.0,1,36,False,22.0
8829968753,953,1780050724,,,,,19699,Road To EWC 2026 Regional Qualifiers,0.0,0.0,45,5,True,22.0
8829967877,1378,1780050668,,,10129305.0,Kundalini,19699,Road To EWC 2026 Regional Qualifiers,0.0,0.0,52,7,True,22.0
8829963193,1929,1780050412,2443375.0,Foxy gaming,9426115.0,Dark Rebellion,18959,Destiny League,1103530.0,1.0,32,25,True,22.0
8829960943,2204,1780050224,9872558.0,VP.Prodigy,10143624.0,Zolak Gaming,19699,Road To EWC 2026 Regional Qualifiers,1103549.0,0.0,41,18,True,22.0
8829952850,1941,1780049698,2576071.0,Yellow Submarine,,,19699,Road To EWC 2026 Regional Qualifiers,0.0,0.0,22,14,True,22.0
8829950756,2118,1780049561,10145416.0,Team G,10047709.0,Ilbirs Esports,19699,Road To EWC 2026 Regional Qualifiers,1103546.0,0.0,30,8,True,22.0
8829950213,453,1780049525,,,9449429.0,Team Ganjubas Reborn,19699,Road To EWC 2026 Regional Qualifiers,0.0,0.0,15,0,True,22.0
8829948417,1221,1780049714,8831040.0,Ghost Sheep,9593609.0,Nethercore,18867,Ultras Dota Pro League  2025-26,1103542.0,1.0,38,5,True,22.0
8829947964,968,1780049376,10129390.0,PLEmya,,,19699,Road To EWC 2026 Regional Qualifiers,0.0,0.0,10,33,False,22.0
8829947467,2409,1780049343,10150538.0,LGD Gaming,8261500.0,Xtreme Gaming,19101,BLAST SLAM VII,1103541.0,0.0,28,15,True,22.0
8829947329,2623,1780049335,9467224.0,Aurora Gaming,2586976.0,OG,19101,BLAST SLAM VII,1103540.0,0.0,34,14,True,22.0
8829944540,1043,1780049148,10150610.0,Flame Esports,,,19699,Road To EWC 2026 Regional Qualifiers,0.0,0.0,40,2,True,22.0
8829943414,845,1780049076,,,,,19699,Road To EWC 2026 Regional Qualifiers,0.0,0.0,1,25,False,22.0
8829943336,1614,1780049071,10157892.0,FTL Team,9781592.0,Golden Retrievers,19699,Road To EWC 2026 Regional Qualifiers,1103538.0,0.0,3,33,False,22.0
8829942730,1380,1780049030,10157089.0,Crimson Witnesses,,,19699,Road To EWC 2026 Regional Qualifiers,0.0,0.0,58,5,True,22.0
8829941750,418,1780048965,9872558.0,VP.Prodigy,,,19699,Road To EWC 2026 Regional Qualifiers,0.0,0.0,14,0,True,22.0
8829935670,1688,1780048544,10096172.0,Shizageddon,9766265.0,Team Lipstick,19699,Road To EWC 2026 Regional Qualifiers,1103535.0,0.0,57,17,True,22.0
8829932513,455,1780048323,2576071.0,Yellow Submarine,10108233.0,ShIShUlI,19699,Road To EWC 2026 Regional Qualifiers,1103534.0,0.0,6,0,True,22.0
8829925428,827,1780047828,10145416.0,Team G,,,19699,Road To EWC 2026 Regional Qualifiers,0.0,0.0,25,2,True,22.0
8829923006,1909,1780047656,,,10157543.0,Wild Winners,19699,Road To EWC 2026 Regional Qualifiers,0.0,0.0,43,25,True,22.0
8829921477,625,1780047547,5014799.0,Nemiga Gaming,10150876.0,stable mental state,19699,Road To EWC 2026 Regional Qualifiers,1103531.0,0.0,19,2,True,22.0
8829920626,1920,1780047547,9426115.0,Dark Rebellion,2443375.0,Foxy gaming,18959,Destiny League,1103530.0,1.0,32,35,False,22.0
8829909757,1610,1780046708,9729342.0,Elite Eclipse,9564441.0,Eye Gaming,18867,Ultras Dota Pro League  2025-26,1103517.0,1.0,22,50,False,22.0
8829907779,1103,1780046562,10047709.0,Ilbirs Esports,,,19699,Road To EWC 2026 Regional Qualifiers,0.0,0.0,29,2,True,22.0
8829906468,1158,1780046465,10143624.0,Zolak Gaming,,,19699,Road To EWC 2026 Regional Qualifiers,0.0,0.0,37,3,True,22.0
8829906458,1167,1780046465,,,9316490.0,EtoPizdec,19699,Road To EWC 2026 Regional Qualifiers,0.0,0.0,39,1,True,22.0
8829902323,1504,1780046162,9823272.0,Team Yandex,10081680.0,GLYPH,19101,BLAST SLAM VII,1103528.0,0.0,21,7,True,22.0
8829897119,891,1780045785,,,10136462.0,TASSAY,19699,Road To EWC 2026 Regional Qualifiers,0.0,0.0,26,3,True,22.0
8829896092,1347,1780045709,10108233.0,ShIShUlI,9866162.0,Sky Forge,19699,Road To EWC 2026 Regional Qualifiers,1103526.0,0.0,22,3,True,22.0
8829895058,815,1780045634,,,,,19699,Road To EWC 2026 Regional Qualifiers,0.0,0.0,34,8,True,22.0
8829893171,4121,1780045492,8419968.0,Korkino Lions,,,19699,Road To EWC 2026 Regional Qualifiers,0.0,0.0,82,44,True,22.0
8829892870,3767,1780045471,,,8476917.0,smoKINGs95rus,19699,Road To EWC 2026 Regional Qualifiers,0.0,0.0,68,37,True,22.0
8829891910,2561,1780045401,,,9948367.0,Team Spirit Academy,19699,Road To EWC 2026 Regional Qualifiers,0.0,0.0,45,29,True,22.0
8829891526,2281,1780045371,9766265.0,Team Lipstick,8376366.0,RAINBOW TIGERS,19699,Road To EWC 2026 Regional Qualifiers,1103524.0,0.0,44,28,True,22.0
8829890945,1919,1780045328,10129305.0,Kundalini,3892751.0,Stoges of deth,19699,Road To EWC 2026 Regional Qualifiers,1103523.0,0.0,33,8,True,22.0
8829890524,2219,1780045295,,,9793479.0,VAZELINOVOE DRISLO,19699,Road To EWC 2026 Regional Qualifiers,0.0,0.0,30,18,True,22.0
8829890165,3143,1780045266,9449429.0,Team Ganjubas Reborn,9861098.0,Sagonovsi,19699,Road To EWC 2026 Regional Qualifiers,1103521.0,0.0,43,44,True,22.0
8829890061,1144,1780045257,,,,,19699,Road To EWC 2026 Regional Qualifiers,0.0,0.0,47,3,True,22.0
8829889616,3805,1780045225,,,,,19699,Road To EWC 2026 Regional Qualifiers,0.0,0.0,45,48,True,22.0
8829882210,2883,1780044663,9824702.0,PVISION,7119388.0,Team Spirit,19101,BLAST SLAM VII,1103519.0,0.0,25,40,False,22.0
8829878121,2068,1780044517,9768002.0,Lunar Vibes,10145429.0,The Last Titan,18959,Destiny League,1103513.0,1.0,25,50,False,22.0
8829860045,2757,1780043034,9564441.0,Eye Gaming,9729342.0,Elite Eclipse,18867,Ultras Dota Pro League  2025-26,1103517.0,1.0,51,29,True,22.0
8829839802,2185,1780041454,10145429.0,The Last Titan,9768002.0,Lunar Vibes,18959,Destiny League,1103513.0,1.0,44,23,True,22.0
8829839467,1594,1780041371,9247354.0,Team Falcons,2163.0,Team Liquid,19101,BLAST SLAM VII,1103512.0,0.0,7,36,False,22.0
8829839456,2879,1780041371,10150413.0,Iron Wing,8255888.0,BoomBoys,19101,BLAST SLAM VII,1103511.0,0.0,10,33,False,22.0
8829811058,1853,1780039074,9563873.0,Elite Eclipse,9813102.0,Nethercore,18867,Ultras Dota Pro League  2025-26,1103483.0,1.0,35,18,True,22.0
8829809641,2595,1780038837,10144667.0,Velocity Viking,9098294.0,Carstensz Esports,19545,Lunar Trophy ,1103500.0,2.0,34,17,True,22.0
8829809065,1552,1780038857,9425656.0,LSG,8629315.0,Wiser Warriors,18959,Destiny League,1103493.0,1.0,27,3,True,22.0
8829803797,1827,1780038343,9878494.0,LV United,10145429.0,The Last Titan,18959,Destiny League,1103491.0,1.0,38,31,True,22.0
8829782485,1562,1780036374,8629315.0,Wiser Warriors,9425656.0,LSG,18959,Destiny League,1103493.0,1.0,27,15,True,22.0
8829777884,1647,1780035987,10145429.0,The Last Titan,9878494.0,LV United,18959,Destiny League,1103491.0,1.0,36,16,True,22.0
8829768590,1919,1780035050,10144667.0,Velocity Viking,9098294.0,Carstensz Esports,19545,Lunar Trophy ,1103500.0,2.0,36,20,True,22.0
8829765850,1442,1780034675,9563873.0,Elite Eclipse,9813102.0,Nethercore,18867,Ultras Dota Pro League  2025-26,1103483.0,1.0,17,48,False,22.0
8829760685,1616,1780034134,9546449.0,Yangon Galacticos,,,19699,Road To EWC 2026 Regional Qualifiers,0.0,0.0,27,10,True,22.0
8829759476,2451,1780033999,10144697.0,Ivory,10150500.0,Six Cats,19699,Road To EWC 2026 Regional Qualifiers,1103496.0,0.0,41,25,True,22.0
8829757077,1880,1780033828,9425656.0,LSG,8629315.0,Wiser Warriors,18959,Destiny League,1103493.0,1.0,34,19,True,22.0
8829753062,1834,1780033372,9878494.0,LV United,10145429.0,The Last Titan,18959,Destiny League,1103491.0,1.0,40,36,True,22.0
8829736937,2155,1780031665,9813102.0,Nethercore,9563873.0,Elite Eclipse,18867,Ultras Dota Pro League  2025-26,1103483.0,1.0,26,42,False,22.0
8829736163,2344,1780031539,10144667.0,Velocity Viking,9098294.0,Carstensz Esports,19545,Lunar Trophy ,1103457.0,2.0,38,29,True,22.0
8829734715,1963,1780031378,10135834.0,TEAM GRIND,10116138.0,5 silly mice,19699,Road To EWC 2026 Regional Qualifiers,1103481.0,0.0,39,12,True,22.0
8829731836,1822,1780031095,9768243.0,Night Force,9767998.0,Nova Pulse,18959,Destiny League,1103463.0,1.0,29,23,True,22.0
8829729964,2146,1780030867,10144695.0,Mentality Monsters,10137060.0,Flame Junior,19699,Road To EWC 2026 Regional Qualifiers,1103477.0,0.0,42,11,True,22.0
8829725999,1897,1780030515,9768002.0,Lunar Vibes,2443375.0,Foxy gaming,18959,Destiny League,1103461.0,1.0,36,54,False,22.0
8829723332,2775,1780030143,,,,,19699,Road To EWC 2026 Regional Qualifiers,0.0,0.0,30,42,False,22.0
8829718150,983,1780029577,10135834.0,TEAM GRIND,,,19699,Road To EWC 2026 Regional Qualifiers,0.0,0.0,30,4,True,22.0
8829715727,3477,1780029317,10144697.0,Ivory,2108395.0,TNC Predator,19699,Road To EWC 2026 Regional Qualifiers,1103469.0,0.0,28,25,True,22.0
8829709493,1765,1780028653,9628678.0,Teiko,9724428.0,Shinigami Gaming,18867,Ultras Dota Pro League  2025-26,1103448.0,1.0,40,16,True,22.0
8829709054,1130,1780028606,,,,,19699,Road To EWC 2026 Regional Qualifiers,0.0,0.0,45,10,True,22.0
8829704605,1922,1780028174,9767998.0,Nova Pulse,9768243.0,Night Force,18959,Destiny League,1103463.0,1.0,25,42,False,22.0
8829701972,1799,1780027917,2443375.0,Foxy gaming,9768002.0,Lunar Vibes,18959,Destiny League,1103461.0,1.0,30,13,True,22.0
8829701016,1943,1780027729,10144695.0,Mentality Monsters,,,19699,Road To EWC 2026 Regional Qualifiers,0.0,0.0,33,12,True,22.0
8829700771,1806,1780027703,10144217.0,Asia Spirit,10102110.0,Satan666,19699,Road To EWC 2026 Regional Qualifiers,1103460.0,0.0,26,38,False,22.0
8829698477,1764,1780027449,10116138.0,5 silly mice,9672414.0,ATC,19699,Road To EWC 2026 Regional Qualifiers,1103458.0,0.0,34,15,True,22.0
8829697970,1013,1780027390,9546449.0,Yangon Galacticos,,,19699,Road To EWC 2026 Regional Qualifiers,0.0,0.0,34,2,True,22.0
8829696999,2463,1780027559,9098294.0,Carstensz Esports,10144667.0,Velocity Viking,19545,Lunar Trophy ,1103457.0,2.0,16,27,True,22.0
8829696977,895,1780027275,,,,,19699,Road To EWC 2026 Regional Qualifiers,0.0,0.0,43,1,True,22.0
8829683145,873,1780025687,,,,,19699,Road To EWC 2026 Regional Qualifiers,0.0,0.0,27,8,True,22.0
8829681385,2190,1780025543,9724428.0,Shinigami Gaming,9628678.0,Teiko,18867,Ultras Dota Pro League  2025-26,1103448.0,1.0,29,32,False,22.0
8829670420,1691,1780024252,,,,,19699,Road To EWC 2026 Regional Qualifiers,0.0,0.0,64,28,True,22.0
8829620040,2048,1780018463,8849850.0,HELLBEAR HEROES,8850016.0,FLYING FORTUNE,19201,Dota 2 Space League,1103335.0,2.0,54,32,True,22.0
8829602356,1685,1780016260,8850016.0,FLYING FORTUNE,8849850.0,HELLBEAR HEROES,19201,Dota 2 Space League,1103335.0,2.0,24,17,True,22.0
8829588021,4324,1780014387,10089085.0,Rangoon,,,19752,Immigrant Night Club #1,0.0,0.0,62,69,False,22.0
8829584179,1670,1780013929,8849850.0,HELLBEAR HEROES,8850016.0,FLYING FORTUNE,19201,Dota 2 Space League,1103335.0,2.0,36,25,True,22.0
8829564801,1652,1780011577,8850016.0,FLYING FORTUNE,8849850.0,HELLBEAR HEROES,19201,Dota 2 Space League,1103335.0,2.0,20,30,False,22.0
8829558813,1889,1780010752,9492680.0,Germans Dorfers,,,19752,Immigrant Night Club #1,0.0,0.0,37,9,True,22.0
8829544093,1752,1780009181,8850016.0,FLYING FORTUNE,8849837.0,FALL VICTIMS,19201,Dota 2 Space League,1103307.0,1.0,37,33,True,22.0
8829520756,1842,1780006810,8849837.0,FALL VICTIMS,8850016.0,FLYING FORTUNE,19201,Dota 2 Space League,1103307.0,1.0,37,19,True,22.0
8829507243,2956,1780005523,,,9492680.0,Germans Dorfers,19752,Immigrant Night Club #1,0.0,0.0,32,42,False,22.0
8829494365,1540,1780004726,8850016.0,FLYING FORTUNE,8849837.0,FALL VICTIMS,19201,Dota 2 Space League,1103307.0,1.0,20,10,True,22.0
8829447703,1833,1780001221,8957156.0,Silent killer,8849850.0,HELLBEAR HEROES,19201,Dota 2 Space League,1103280.0,1.0,20,28,False,22.0
8829429541,2673,1780000029,,,,,19752,Immigrant Night Club #1,0.0,0.0,48,33,True,22.0
8829405246,1974,1779998639,8849850.0,HELLBEAR HEROES,8957156.0,Silent killer,19201,Dota 2 Space League,1103280.0,1.0,35,28,True,22.0
8829370056,2013,1779996728,,,10144212.0,Bot 5 yout,19752,Immigrant Night Club #1,0.0,0.0,37,14,True,22.0
8829238798,2295,1779990220,9564888.0,Dominion,9860197.0,Eye Gaming,18867,Ultras Dota Pro League  2025-26,1103245.0,1.0,51,56,True,22.0
8829185695,1342,1779987800,9860197.0,Eye Gaming,9729351.0,Dominion,18867,Ultras Dota Pro League  2025-26,,,15,49,False,22.0
8829169510,1981,1779986942,9814269.0,Riftwalkers,9768243.0,Night Force,18959,Destiny League,1103220.0,1.0,53,39,True,22.0
8829158433,2935,1779986403,10081680.0,GLYPH,8261500.0,Xtreme Gaming,19101,BLAST SLAM VII,1103229.0,0.0,19,35,False,22.0
8829120348,1703,1779984694,9768243.0,Night Force,9814269.0,Riftwalkers,18959,Destiny League,1103220.0,1.0,27,40,False,22.0
8829095250,2609,1779983546,7119388.0,Team Spirit,2163.0,Team Liquid,19101,BLAST SLAM VII,1103213.0,0.0,34,16,True,22.0
8829081653,2960,1779982947,10060977.0,Cinqueblinks,10143824.0,Kiba Arms,18867,Ultras Dota Pro League  2025-26,1103210.0,1.0,59,49,False,22.0
8829074990,1883,1779982656,9824702.0,PVISION,9467224.0,Aurora Gaming,19101,BLAST SLAM VII,1103208.0,0.0,35,16,True,22.0
8829066746,1746,1779982328,2443375.0,Foxy gaming,8629315.0,Wiser Warriors,18959,Destiny League,1103179.0,1.0,26,45,False,22.0
8829022515,1492,1779980575,10121883.0,Kiba Arms,10060977.0,Cinqueblinks,18867,Ultras Dota Pro League  2025-26,1103195.0,1.0,40,7,True,22.0
8829012262,1414,1779980172,8629315.0,Wiser Warriors,2443375.0,Foxy gaming,18959,Destiny League,1103179.0,1.0,18,34,False,22.0
8828993295,2507,1779979222,9823272.0,Team Yandex,8255888.0,BoomBoys,19101,BLAST SLAM VII,1103187.0,0.0,12,42,False,22.0
8828964848,2853,1779978051,10150538.0,LGD Gaming,2586976.0,OG,19101,BLAST SLAM VII,1103182.0,0.0,23,32,False,22.0
8828948423,2119,1779977433,2443375.0,Foxy gaming,8629315.0,Wiser Warriors,18959,Destiny League,1103179.0,1.0,36,50,False,22.0
8828919129,2623,1779976218,8831040.0,Ghost Sheep,9729268.0,Teiko,18867,Ultras Dota Pro League  2025-26,1103152.0,1.0,52,37,True,22.0
8828912690,1624,1779975947,10150413.0,Iron Wing,9247354.0,Team Falcons,19101,BLAST SLAM VII,1103170.0,0.0,9,22,False,22.0
8828884881,2167,1779974779,9366802.0,超耐磨,10151030.0,海南水果大亨,19682,刀塔扭蛋杯,1103162.0,3.0,38,19,True,
8828883609,2046,1779974727,9425656.0,LSG,9767998.0,Nova Pulse,18959,Destiny League,1103118.0,1.0,57,50,True,22.0
8828876079,1626,1779974388,10151952.0,你也想喝酒吗,9580444.0,PSG.LGD,19682,刀塔扭蛋杯,1103160.0,3.0,8,26,False,22.0
8828853209,1753,1779973457,9729268.0,Teiko,8831040.0,Ghost Sheep,18867,Ultras Dota Pro League  2025-26,1103152.0,1.0,13,38,False,22.0
8828847743,3209,1779973123,9823272.0,Team Yandex,9467224.0,Aurora Gaming,19101,BLAST SLAM VII,1103147.0,0.0,33,51,False,22.0
8828841616,1102,1779972937,10144936.0,软柿子人身意外饱险,10150644.0,汤臣一品,19682,刀塔扭蛋杯,1103145.0,3.0,24,8,True,22.0
8828829729,1868,1779972271,9767998.0,Nova Pulse,9425656.0,LSG,18959,Destiny League,1103118.0,1.0,40,26,True,22.0
8828823630,1551,1779972024,10151030.0,海南水果大亨,10144738.0,超耐磨,19682,刀塔扭蛋杯,1103137.0,3.0,39,16,True,
8828820164,2255,1779971834,9980793.0,莲陈诀,10151159.0,法式可颂蛋挞,19682,刀塔扭蛋杯,1103135.0,3.0,25,33,False,22.0
8828810013,2898,1779971323,8261500.0,Xtreme Gaming,7119388.0,Team Spirit,19101,BLAST SLAM VII,1103129.0,0.0,37,21,True,22.0
8828808281,1939,1779971235,9580444.0,PSG.LGD,10151952.0,你也想喝酒吗,19682,刀塔扭蛋杯,1103127.0,3.0,33,8,True,22.0
8828782343,1647,1779969982,9425656.0,LSG,9767998.0,Nova Pulse,18959,Destiny League,1103118.0,1.0,24,26,True,22.0
8828777030,1950,1779969743,10150644.0,汤臣一品,10144936.0,软柿子人身意外饱险,19682,刀塔扭蛋杯,1103116.0,3.0,19,50,False,22.0
8828733774,2232,1779967281,10081680.0,GLYPH,2586976.0,OG,19101,BLAST SLAM VII,1103106.0,0.0,11,31,False,22.0
8828731237,4375,1779967135,9824702.0,PVISION,10150538.0,LGD Gaming,19101,BLAST SLAM VII,1103105.0,0.0,22,54,False,22.0
8828694438,1445,1779964929,9813102.0,Nethercore,10060977.0,Cinqueblinks,18867,Ultras Dota Pro League  2025-26,1103097.0,1.0,46,17,True,22.0
8828679235,1599,1779963963,8255888.0,BoomBoys,8261500.0,Xtreme Gaming,19101,BLAST SLAM VII,1103094.0,0.0,29,6,True,22.0
8828673070,1991,1779963603,9814269.0,Riftwalkers,9426115.0,Dark Rebellion,18959,Destiny League,1103078.0,1.0,27,34,False,22.0
8828662524,2241,1779962861,9467224.0,Aurora Gaming,2163.0,Team Liquid,19101,BLAST SLAM VII,1103091.0,0.0,22,13,True,22.0
8828655448,1145,1779962757,10060977.0,Cinqueblinks,9593609.0,Nethercore,18867,Ultras Dota Pro League  2025-26,1103086.0,1.0,7,29,False,22.0
8828629747,2130,1779960596,9426115.0,Dark Rebellion,9814269.0,Riftwalkers,18959,Destiny League,1103078.0,1.0,32,49,False,22.0
8828608241,3242,1779958951,9823272.0,Team Yandex,10150413.0,Iron Wing,19101,BLAST SLAM VII,1103082.0,0.0,47,25,True,22.0
8828602222,2616,1779958488,9247354.0,Team Falcons,7119388.0,Team Spirit,19101,BLAST SLAM VII,1103080.0,0.0,35,22,True,22.0
8828592619,1886,1779957777,9814269.0,Riftwalkers,9426115.0,Dark Rebellion,18959,Destiny League,1103078.0,1.0,28,29,False,22.0
8828590313,1916,1779957566,9593609.0,Nethercore,9906210.0,Teiko,18867,Ultras Dota Pro League  2025-26,1102662.0,1.0,33,11,True,22.0
8828562631,1371,1779955377,9824702.0,PVISION,10081680.0,GLYPH,19101,BLAST SLAM VII,1103076.0,0.0,23,6,True,22.0
8828557643,2365,1779954960,2586976.0,OG,8255888.0,BoomBoys,19101,BLAST SLAM VII,1103074.0,0.0,17,25,False,22.0
8828557401,1501,1779954966,9878494.0,LV United,10145429.0,The Last Titan,18959,Destiny League,1103069.0,1.0,31,16,True,22.0
8828538971,2502,1779953867,9729268.0,Teiko,9593609.0,Nethercore,18867,Ultras Dota Pro League  2025-26,1103071.0,1.0,26,32,False,22.0
8828521196,2500,1779951816,10145429.0,The Last Titan,9878494.0,LV United,18959,Destiny League,1103069.0,1.0,32,40,False,22.0
8828494472,2173,1779949186,10020691.0,Shinigami Gaming,9622426.0,Dominion,18867,Ultras Dota Pro League  2025-26,1103058.0,1.0,34,35,False,22.0
8828492750,2065,1779949031,9768002.0,Lunar Vibes,9425656.0,LSG,18959,Destiny League,1103060.0,1.0,36,36,True,22.0
8828491742,1732,1779948941,9768243.0,Night Force,2443375.0,Foxy gaming,18959,Destiny League,1103063.0,1.0,16,28,False,22.0
8828468742,1714,1779946549,2443375.0,Foxy gaming,9768243.0,Night Force,18959,Destiny League,1103063.0,1.0,28,15,True,22.0
8828467383,1840,1779946433,9425656.0,LSG,9768002.0,Lunar Vibes,18959,Destiny League,1103060.0,1.0,25,41,False,22.0
8828461257,2418,1779945727,9622426.0,Dominion,10020691.0,Shinigami Gaming,18867,Ultras Dota Pro League  2025-26,1103058.0,1.0,35,30,True,22.0
8828457562,2232,1779945281,,,9885310.0,Roar,19545,Lunar Trophy ,0.0,0.0,42,31,True,22.0
8828445818,1664,1779944052,9814269.0,Riftwalkers,9426115.0,Dark Rebellion,18959,Destiny League,1103051.0,1.0,46,22,True,22.0
8828443304,1769,1779943769,8629315.0,Wiser Warriors,9767998.0,Nova Pulse,18959,Destiny League,1103050.0,1.0,28,25,True,22.0
8828423196,2376,1779941590,10144667.0,Velocity Viking,9885310.0,Roar,19545,Lunar Trophy ,1103052.0,1.0,30,26,True,22.0
8828421879,2808,1779941444,9563873.0,Elite Eclipse,9718665.0,Eye Gaming,18867,Ultras Dota Pro League  2025-26,1103044.0,1.0,57,63,False,22.0
8828421763,1843,1779941461,9426115.0,Dark Rebellion,9814269.0,Riftwalkers,18959,Destiny League,1103051.0,1.0,23,32,False,22.0
8828419695,1833,1779941354,9767998.0,Nova Pulse,8629315.0,Wiser Warriors,18959,Destiny League,1103050.0,1.0,15,26,False,22.0
8828391584,2477,1779938058,9718665.0,Eye Gaming,9563873.0,Elite Eclipse,18867,Ultras Dota Pro League  2025-26,1103044.0,1.0,46,44,True,22.0
8828373200,1897,1779936028,9005364.0,Night Vision,8849837.0,FALL VICTIMS,19201,Dota 2 Space League,1102989.0,1.0,19,40,False,22.0
8828356571,1474,1779934072,8849837.0,FALL VICTIMS,9005364.0,Night Vision,19201,Dota 2 Space League,1102989.0,1.0,14,20,False,22.0
8828342612,3070,1779932407,,,8525455.0,FedEX,19752,Immigrant Night Club #1,0.0,0.0,15,38,False,22.0
8828315151,1841,1779931744,9005364.0,Night Vision,8849837.0,FALL VICTIMS,19201,Dota 2 Space League,1102989.0,1.0,33,47,False,22.0
8828302248,3174,1779927338,,,,,19752,Immigrant Night Club #1,0.0,0.0,47,35,True,22.0
8828293122,1997,1779926293,9048057.0,Vitality Warriors,8850016.0,FLYING FORTUNE,19201,Dota 2 Space League,1102967.0,1.0,30,45,False,22.0
8828271762,1950,1779923642,8850016.0,FLYING FORTUNE,9048057.0,Vitality Warriors,19201,Dota 2 Space League,1102967.0,1.0,40,28,True,22.0
8828262820,3148,1779922593,,,,,19752,Immigrant Night Club #1,0.0,0.0,38,48,False,22.0
8828250912,1728,1779921369,9048057.0,Vitality Warriors,8850016.0,FLYING FORTUNE,19201,Dota 2 Space League,1102967.0,1.0,33,18,True,22.0
8828222716,1990,1779918834,9025669.0,CrimsonSky,8957156.0,Silent killer,19201,Dota 2 Space League,1102951.0,1.0,30,41,False,22.0
8828196054,1594,1779916757,8957156.0,Silent killer,9025669.0,CrimsonSky,19201,Dota 2 Space League,1102951.0,1.0,21,16,True,22.0
8828160635,1503,1779914324,8849850.0,HELLBEAR HEROES,8850015.0,DARKNESS GAMING,19201,Dota 2 Space League,1102932.0,1.0,36,20,True,22.0
8828154211,4798,1779913843,,,10144212.0,Bot 5 yout,19752,Immigrant Night Club #1,0.0,0.0,58,54,False,22.0
8828123912,1614,1779912096,8850015.0,DARKNESS GAMING,8849850.0,HELLBEAR HEROES,19201,Dota 2 Space League,1102932.0,1.0,24,28,False,22.0
8828083056,1888,1779909896,10144212.0,Bot 5 yout,9337762.0,gway toe ,19752,Immigrant Night Club #1,1102918.0,0.0,33,20,True,22.0
8828043121,1998,1779907879,9684245.0,Shinigami Gaming,9564280.0,Dominion,18867,Ultras Dota Pro League  2025-26,1102900.0,1.0,43,50,False,22.0
8827988954,2691,1779905235,,,10144212.0,Bot 5 yout,19752,Immigrant Night Club #1,0.0,0.0,35,41,False,22.0
8827948881,2949,1779903289,9564280.0,Dominion,9677506.0,Shinigami Gaming,18867,Ultras Dota Pro League  2025-26,1102869.0,1.0,49,37,True,22.0
8827888041,1824,1779900060,8261500.0,Xtreme Gaming,10150413.0,Iron Wing,19101,BLAST SLAM VII,1102839.0,0.0,12,28,False,22.0
8827875225,2380,1779899465,10150538.0,LGD Gaming,2163.0,Team Liquid,19101,BLAST SLAM VII,1102836.0,0.0,21,27,False,22.0
8827856057,1541,1779898577,9426115.0,Dark Rebellion,9425656.0,LSG,18959,Destiny League,1102814.0,1.0,45,25,True,22.0
8827848286,2124,1779898211,10151331.0,Kiba Arms,10060977.0,Cinqueblinks,18867,Ultras Dota Pro League  2025-26,1102804.0,1.0,46,37,True,22.0
8827809381,1627,1779896486,9425656.0,LSG,9426115.0,Dark Rebellion,18959,Destiny League,1102814.0,1.0,25,38,False,22.0
8827784459,2868,1779895366,9823272.0,Team Yandex,9247354.0,Team Falcons,19101,BLAST SLAM VII,1102807.0,0.0,24,42,False,22.0
8827776115,1716,1779895490,10060977.0,Cinqueblinks,10151331.0,Kiba Arms,18867,Ultras Dota Pro League  2025-26,1102804.0,1.0,14,51,False,22.0
8827769920,3194,1779894742,9467224.0,Aurora Gaming,7119388.0,Team Spirit,19101,BLAST SLAM VII,1102802.0,0.0,40,39,True,22.0
8827755082,1697,1779894136,9878494.0,LV United,9768243.0,Night Force,18959,Destiny League,1102761.0,1.0,36,26,True,22.0
8827718182,1408,1779892605,9691942.0,Nethercore,10121883.0,Kiba Arms,18867,Ultras Dota Pro League  2025-26,1102744.0,1.0,31,17,True,22.0
8827695739,1844,1779891679,9768243.0,Night Force,9878494.0,LV United,18959,Destiny League,1102761.0,1.0,35,23,True,22.0
8827680462,2041,1779891028,2163.0,Team Liquid,10081680.0,GLYPH,19101,BLAST SLAM VII,1102776.0,0.0,30,16,True,22.0
8827661841,1445,1779890281,9691942.0,Nethercore,10121883.0,Kiba Arms,18867,Ultras Dota Pro League  2025-26,1102744.0,1.0,35,18,True,22.0
8827620804,2132,1779888908,9878494.0,LV United,9768243.0,Night Force,18959,Destiny League,1102761.0,1.0,36,32,True,22.0
8827613435,5500,1779888279,8255888.0,BoomBoys,9824702.0,PVISION,19101,BLAST SLAM VII,1102759.0,0.0,49,46,False,22.0
8827613329,3134,1779888273,,,10150388.0,九州忠诚,19682,刀塔扭蛋杯,0.0,0.0,45,43,False,22.0
8827591403,1965,1779887353,2586976.0,OG,10150413.0,Iron Wing,19101,BLAST SLAM VII,1102748.0,0.0,23,13,True,22.0
8827587394,2043,1779887252,10121883.0,Kiba Arms,9691942.0,Nethercore,18867,Ultras Dota Pro League  2025-26,1102744.0,1.0,45,19,True,22.0
8827581036,3186,1779887006,10151159.0,法式可颂蛋挞,10144976.0,毒爆虫孵化池,19682,刀塔扭蛋杯,1102740.0,3.0,68,35,True,22.0
8827565309,1705,1779886196,9814269.0,Riftwalkers,10145429.0,The Last Titan,18959,Destiny League,1102712.0,1.0,20,36,False,22.0
8827534616,1839,1779884711,7119388.0,Team Spirit,10150538.0,LGD Gaming,19101,BLAST SLAM VII,1102722.0,0.0,18,29,False,22.0
8827517669,1785,1779883905,10145429.0,The Last Titan,9814269.0,Riftwalkers,18959,Destiny League,1102712.0,1.0,33,26,True,22.0
8827513133,2144,1779883652,10144976.0,毒爆虫孵化池,10151159.0,法式可颂蛋挞,19682,刀塔扭蛋杯,1102709.0,3.0,28,29,False,22.0
8827509955,3264,1779883469,10150388.0,九州忠诚,10150644.0,汤臣一品,19682,刀塔扭蛋杯,1102707.0,3.0,57,52,True,22.0
8827492535,2814,1779882542,8261500.0,Xtreme Gaming,9823272.0,Team Yandex,19101,BLAST SLAM VII,1102704.0,0.0,19,30,False,22.0
8827488738,1306,1779882334,10060977.0,Cinqueblinks,9636142.0,Ghost Sheep,18867,Ultras Dota Pro League  2025-26,1102703.0,1.0,18,39,False,22.0
8827464470,1994,1779881002,9247354.0,Team Falcons,9467224.0,Aurora Gaming,19101,BLAST SLAM VII,1102700.0,0.0,32,15,True,22.0
8827451089,1023,1779880265,9768002.0,Lunar Vibes,9426115.0,Dark Rebellion,18959,Destiny League,1102687.0,1.0,32,14,True,22.0
8827412844,1812,1779877936,8831040.0,Ghost Sheep,10060977.0,Cinqueblinks,18867,Ultras Dota Pro League  2025-26,1102690.0,1.0,52,19,True,22.0
8827398120,3959,1779876939,2163.0,Team Liquid,8255888.0,BoomBoys,19101,BLAST SLAM VII,1102689.0,0.0,54,30,True,22.0
8827394869,2969,1779876781,9426115.0,Dark Rebellion,9768002.0,Lunar Vibes,18959,Destiny League,1102687.0,1.0,41,53,False,22.0
8827394170,2653,1779876683,9824702.0,PVISION,10150413.0,Iron Wing,19101,BLAST SLAM VII,1102686.0,0.0,35,24,True,22.0
8827357534,1896,1779874201,2443375.0,Foxy gaming,8629315.0,Wiser Warriors,18959,Destiny League,1102670.0,1.0,32,21,True,22.0
8827353357,1700,1779874182,9593609.0,Nethercore,9729268.0,Teiko,18867,Ultras Dota Pro League  2025-26,1102673.0,1.0,21,28,False,22.0
8827351366,1205,1779873737,2586976.0,OG,9823272.0,Team Yandex,19101,BLAST SLAM VII,1102679.0,0.0,4,29,False,22.0
8827349524,2717,1779874215,9098294.0,Carstensz Esports,9885310.0,Roar,19545,Lunar Trophy ,1102665.0,1.0,30,16,True,22.0
8827339763,2306,1779872914,7119388.0,Team Spirit,10081680.0,GLYPH,19101,BLAST SLAM VII,1102678.0,0.0,30,19,True,22.0
8827321459,1958,1779871605,8629315.0,Wiser Warriors,2443375.0,Foxy gaming,18959,Destiny League,1102670.0,1.0,20,42,False,22.0
8827299376,1663,1779869903,9729268.0,Teiko,9593609.0,Nethercore,18867,Ultras Dota Pro League  2025-26,1102673.0,1.0,41,17,True,22.0
8827297225,2814,1779869734,9885310.0,Roar,9098294.0,Carstensz Esports,19545,Lunar Trophy ,1102665.0,1.0,45,36,True,22.0
8827290720,1501,1779869282,9767998.0,Nova Pulse,9878494.0,LV United,18959,Destiny League,1102660.0,1.0,35,29,True,22.0
8827289834,2769,1779869173,10150538.0,LGD Gaming,9467224.0,Aurora Gaming,19101,BLAST SLAM VII,1102671.0,0.0,36,20,True,22.0
8827284410,2281,1779868797,2443375.0,Foxy gaming,8629315.0,Wiser Warriors,18959,Destiny League,1102670.0,1.0,22,43,False,22.0
8827282767,2427,1779868618,8261500.0,Xtreme Gaming,9247354.0,Team Falcons,19101,BLAST SLAM VII,1102668.0,0.0,17,24,False,22.0
8827263526,2013,1779867065,9593609.0,Nethercore,9906210.0,Teiko,18867,Ultras Dota Pro League  2025-26,1102662.0,1.0,53,24,True,22.0
8827255762,1589,1779866427,9425656.0,LSG,9814269.0,Riftwalkers,18959,Destiny League,1102654.0,1.0,18,30,False,22.0
8827253448,2086,1779866264,9878494.0,LV United,9767998.0,Nova Pulse,18959,Destiny League,1102660.0,1.0,45,42,False,22.0
8827246237,2513,1779865794,9885310.0,Roar,9098294.0,Carstensz Esports,19545,Lunar Trophy ,1102665.0,1.0,22,26,False,22.0
8827224993,1866,1779863683,9767998.0,Nova Pulse,9878494.0,LV United,18959,Destiny League,1102660.0,1.0,32,35,False,22.0
8827222540,2345,1779863485,9814269.0,Riftwalkers,9425656.0,LSG,18959,Destiny League,1102654.0,1.0,37,47,False,22.0
8827203309,1137,1779861597,9878408.0,Elite Eclipse,9593609.0,Nethercore,18867,Ultras Dota Pro League  2025-26,1102650.0,1.0,8,42,False,22.0
8827193373,1961,1779860714,9426115.0,Dark Rebellion,2443375.0,Foxy gaming,18959,Destiny League,1102643.0,1.0,26,38,False,22.0
8827193189,2146,1779860676,9425656.0,LSG,9814269.0,Riftwalkers,18959,Destiny League,1102654.0,1.0,34,29,False,22.0
8827170962,2037,1779858341,9593609.0,Nethercore,9878408.0,Elite Eclipse,18867,Ultras Dota Pro League  2025-26,1102650.0,1.0,53,20,True,22.0
8827167203,1919,1779857936,2443375.0,Foxy gaming,9426115.0,Dark Rebellion,18959,Destiny League,1102643.0,1.0,45,18,True,22.0
8827165107,1946,1779857748,9768243.0,Night Force,10145429.0,The Last Titan,18959,Destiny League,1102640.0,1.0,43,24,True,22.0
8827146519,1233,1779855810,10157319.0,Shark Squad,10144667.0,Velocity Viking,19545,Lunar Trophy ,1102644.0,1.0,25,10,True,22.0
8827140852,1877,1779855129,9426115.0,Dark Rebellion,2443375.0,Foxy gaming,18959,Destiny League,1102643.0,1.0,41,15,True,22.0
8827136859,2301,1779854706,10145429.0,The Last Titan,9768243.0,Night Force,18959,Destiny League,1102640.0,1.0,20,34,False,22.0
8827133285,2696,1779854286,9850400.0,Teiko,9878408.0,Elite Eclipse,18867,Ultras Dota Pro League  2025-26,1102630.0,1.0,29,36,False,22.0
8827108853,1641,1779851726,9878408.0,Elite Eclipse,9850400.0,Teiko,18867,Ultras Dota Pro League  2025-26,1102630.0,1.0,33,16,True,22.0
8827082722,4716,1779848859,,,10144212.0,Bot 5 yout,19752,Immigrant Night Club #1,0.0,0.0,58,54,False,22.0
8827058172,2038,1779846266,9048057.0,Vitality Warriors,8957156.0,Silent killer,19201,Dota 2 Space League,1102591.0,1.0,40,27,True,22.0
8827042224,1482,1779844287,8957156.0,Silent killer,9048057.0,Vitality Warriors,19201,Dota 2 Space League,1102591.0,1.0,28,18,True,22.0
8827040705,3217,1779844022,10089085.0,Rangoon,,,19752,Immigrant Night Club #1,0.0,0.0,34,60,False,22.0
8827017485,1965,1779841287,9048057.0,Vitality Warriors,8957156.0,Silent killer,19201,Dota 2 Space League,1102591.0,1.0,36,24,True,22.0
8827004187,2787,1779839498,10089085.0,Rangoon,,,19752,Immigrant Night Club #1,0.0,0.0,43,23,True,22.0
8826999594,1536,1779838990,9005364.0,Night Vision,8850015.0,DARKNESS GAMING,19201,Dota 2 Space League,1102567.0,1.0,22,16,True,22.0
8826979273,1967,1779836573,8850015.0,DARKNESS GAMING,9005364.0,Night Vision,19201,Dota 2 Space League,1102567.0,1.0,24,31,False,22.0
8826957169,3262,1779834061,8464190.0,lee lr,10089085.0,Rangoon,19752,Immigrant Night Club #1,1102563.0,0.0,38,50,False,22.0
8826950190,1882,1779833705,8849837.0,FALL VICTIMS,8850016.0,FLYING FORTUNE,19201,Dota 2 Space League,1102556.0,1.0,21,27,False,22.0
8826916067,2062,1779830729,8850016.0,FLYING FORTUNE,8849837.0,FALL VICTIMS,19201,Dota 2 Space League,1102556.0,1.0,35,31,True,22.0
8826878944,2035,1779828087,9025669.0,CrimsonSky,8849850.0,HELLBEAR HEROES,19201,Dota 2 Space League,1102531.0,1.0,42,26,True,22.0
8826839821,1784,1779825727,8849850.0,HELLBEAR HEROES,9025669.0,CrimsonSky,19201,Dota 2 Space League,1102531.0,1.0,23,38,False,22.0
8826788734,2491,1779823061,9564280.0,Dominion,9995737.0,Eye Gaming,18867,Ultras Dota Pro League  2025-26,1102482.0,1.0,39,45,True,22.0
8826726482,2020,1779819906,9564280.0,Dominion,9995737.0,Eye Gaming,18867,Ultras Dota Pro League  2025-26,1102482.0,1.0,45,32,True,22.0
8826691962,2473,1779818239,7119388.0,Team Spirit,8255888.0,BoomBoys,19101,BLAST SLAM VII,1102488.0,0.0,12,36,False,22.0
8826656828,2183,1779816629,9995737.0,Eye Gaming,9564280.0,Dominion,18867,Ultras Dota Pro League  2025-26,1102482.0,1.0,63,30,True,22.0
8826631538,1562,1779815357,10150413.0,Iron Wing,2163.0,Team Liquid,19101,BLAST SLAM VII,1102470.0,0.0,28,10,True,22.0
8826591758,3117,1779813484,9824702.0,PVISION,9823272.0,Team Yandex,19101,BLAST SLAM VII,1102461.0,0.0,23,44,False,22.0
8826546060,2160,1779811424,9530716.0,Air Defence,10060977.0,Cinqueblinks,18867,Ultras Dota Pro League  2025-26,1102448.0,1.0,44,36,True,22.0
8826537048,2523,1779811021,9467224.0,Aurora Gaming,10081680.0,GLYPH,19101,BLAST SLAM VII,1102445.0,0.0,19,48,False,22.0
8826503708,1800,1779809552,9768002.0,Lunar Vibes,9878494.0,LV United,18959,Destiny League,1102422.0,1.0,21,29,False,22.0
8826468180,3433,1779808011,10150538.0,LGD Gaming,9247354.0,Team Falcons,19101,BLAST SLAM VII,1102430.0,0.0,44,27,False,22.0
8826451072,1672,1779807379,9878494.0,LV United,9768002.0,Lunar Vibes,18959,Destiny League,1102422.0,1.0,29,16,True,22.0
8826446566,2558,1779807824,10156935.0,Cinqueblinks,9530716.0,Air Defence,18867,Ultras Dota Pro League  2025-26,1102420.0,1.0,17,36,False,22.0
8826437838,2719,1779806796,8261500.0,Xtreme Gaming,2586976.0,OG,19101,BLAST SLAM VII,1102418.0,0.0,37,19,True,22.0
8826387068,1866,1779804802,10145429.0,The Last Titan,8629315.0,Wiser Warriors,18959,Destiny League,1102390.0,1.0,27,44,False,22.0
8826368986,1299,1779804083,9593609.0,Nethercore,9530716.0,Air Defence,18867,Ultras Dota Pro League  2025-26,1102378.0,1.0,45,7,True,22.0
8826362754,3271,1779803853,10151952.0,你也想喝酒吗,10144936.0,软柿子人身意外饱险,19682,刀塔扭蛋杯,1102401.0,0.0,32,50,False,22.0
8826353613,3013,1779803503,10150388.0,九州忠诚,10151030.0,海南水果大亨,19682,刀塔扭蛋杯,1102398.0,0.0,35,54,False,
8826347921,1691,1779803231,9823272.0,Team Yandex,2163.0,Team Liquid,19101,BLAST SLAM VII,1102396.0,0.0,24,10,True,22.0
8826341985,2983,1779802987,7119388.0,Team Spirit,10150413.0,Iron Wing,19101,BLAST SLAM VII,1102393.0,0.0,53,31,True,22.0
8826326176,1917,1779802379,8629315.0,Wiser Warriors,10145429.0,The Last Titan,18959,Destiny League,1102390.0,1.0,46,25,True,22.0
8826317115,3770,1779801951,9580444.0,PSG.LGD,9980793.0,莲陈诀,19682,刀塔扭蛋杯,1102387.0,3.0,39,47,False,22.0
8826305243,2425,1779801458,10150644.0,汤臣一品,10144969.0,兄弟DOTA,19682,刀塔扭蛋杯,1102381.0,3.0,28,46,False,22.0
8826291933,1955,1779801040,9530716.0,Air Defence,9593609.0,Nethercore,18867,Ultras Dota Pro League  2025-26,1102378.0,1.0,27,50,False,22.0
8826283719,1982,1779800553,10150707.0,蛋仔派对,10151159.0,法式可颂蛋挞,19682,刀塔扭蛋杯,1102375.0,3.0,12,36,False,22.0
8826283627,975,1779800565,10144936.0,软柿子人身意外饱险,9366802.0,超耐磨,19682,刀塔扭蛋杯,1102374.0,3.0,13,10,True,22.0
8826268665,1810,1779799891,9767998.0,Nova Pulse,9426115.0,Dark Rebellion,18959,Destiny League,1102351.0,1.0,22,41,False,22.0
8826268112,1534,1779799861,9467224.0,Aurora Gaming,8255888.0,BoomBoys,19101,BLAST SLAM VII,1102372.0,0.0,3,23,False,22.0
8826258112,1869,1779799415,9824702.0,PVISION,8261500.0,Xtreme Gaming,19101,BLAST SLAM VII,1102368.0,0.0,26,11,True,22.0
8826240943,1958,1779798651,9980793.0,莲陈诀,9580444.0,PSG.LGD,19682,刀塔扭蛋杯,1102362.0,3.0,42,19,True,22.0
8826220238,1733,1779797674,9426115.0,Dark Rebellion,9767998.0,Nova Pulse,18959,Destiny League,1102351.0,1.0,37,17,True,22.0
8826218381,2423,1779797644,10144969.0,兄弟DOTA,10150644.0,汤臣一品,19682,刀塔扭蛋杯,1102349.0,3.0,39,35,True,22.0
8826208948,2045,1779797103,10151159.0,法式可颂蛋挞,10150707.0,蛋仔派对,19682,刀塔扭蛋杯,1102344.0,3.0,32,26,True,22.0
8826206184,2563,1779796955,9366802.0,超耐磨,10144936.0,软柿子人身意外饱险,19682,刀塔扭蛋杯,1102343.0,3.0,22,42,False,22.0
8826194034,2251,1779796321,9729268.0,Teiko,8831040.0,Ghost Sheep,18867,Ultras Dota Pro League  2025-26,1101931.0,1.0,51,37,True,22.0
8826189006,2218,1779796020,10150538.0,LGD Gaming,10081680.0,GLYPH,19101,BLAST SLAM VII,1102338.0,0.0,30,8,True,22.0
8826168772,2346,1779794904,9247354.0,Team Falcons,2586976.0,OG,19101,BLAST SLAM VII,1102334.0,0.0,30,10,True,22.0
8826138447,2288,1779793092,9729268.0,Teiko,8831040.0,Ghost Sheep,18867,Ultras Dota Pro League  2025-26,1101931.0,1.0,38,42,True,22.0
8826110206,2035,1779791240,9823272.0,Team Yandex,7119388.0,Team Spirit,19101,BLAST SLAM VII,1102322.0,0.0,33,8,True,22.0
8826102210,1716,1779790716,9768243.0,Night Force,9768002.0,Lunar Vibes,18959,Destiny League,1102311.0,1.0,39,23,True,22.0
8826099852,3693,1779790516,9467224.0,Aurora Gaming,10150413.0,Iron Wing,19101,BLAST SLAM VII,1102320.0,0.0,49,42,True,22.0
8826097782,1650,1779790501,9636142.0,Ghost Sheep,9729268.0,Teiko,18867,Ultras Dota Pro League  2025-26,1102317.0,1.0,33,7,True,22.0
8826068671,1734,1779788252,9768002.0,Lunar Vibes,9768243.0,Night Force,18959,Destiny League,1102311.0,1.0,23,31,False,22.0
8826052816,2531,1779787004,8261500.0,Xtreme Gaming,2163.0,Team Liquid,19101,BLAST SLAM VII,1102306.0,0.0,20,38,False,22.0
8826042346,1903,1779786191,8255888.0,BoomBoys,10150538.0,LGD Gaming,19101,BLAST SLAM VII,1102303.0,0.0,6,32,False,22.0
8826037635,1576,1779785851,9878494.0,LV United,9426115.0,Dark Rebellion,18959,Destiny League,1102293.0,1.0,20,35,False,22.0
8826022731,1505,1779784607,9593609.0,Nethercore,9729268.0,Teiko,18867,Ultras Dota Pro League  2025-26,1102302.0,1.0,23,46,False,22.0
8826010607,1779,1779783617,10144667.0,Velocity Viking,10129693.0,D Family,19545,Lunar Trophy ,1102295.0,1.0,39,22,True,22.0
8825996999,2105,1779782487,9824702.0,PVISION,2586976.0,OG,19101,BLAST SLAM VII,1102301.0,0.0,15,20,True,22.0
8825993964,2720,1779782231,9247354.0,Team Falcons,10081680.0,GLYPH,19101,BLAST SLAM VII,1102299.0,0.0,19,36,False,22.0
8825992855,2150,1779782173,9426115.0,Dark Rebellion,9878494.0,LV United,18959,Destiny League,1102293.0,1.0,22,47,False,22.0
8825984373,1817,1779781644,9906210.0,Teiko,9593609.0,Nethercore,18867,Ultras Dota Pro League  2025-26,1102297.0,1.0,34,12,True,22.0
8825966163,1975,1779779821,10129693.0,D Family,10144667.0,Velocity Viking,19545,Lunar Trophy ,1102295.0,1.0,17,30,False,22.0
8825965926,1721,1779779784,9768243.0,Night Force,9814269.0,Riftwalkers,18959,Destiny League,1102289.0,1.0,47,30,True,22.0
8825956989,2648,1779778937,9878494.0,LV United,9426115.0,Dark Rebellion,18959,Destiny League,1102293.0,1.0,45,48,False,22.0
8825939431,1621,1779777229,9814269.0,Riftwalkers,9768243.0,Night Force,18959,Destiny League,1102289.0,1.0,28,21,True,22.0
8825930484,1938,1779776336,2443375.0,Foxy gaming,10145429.0,The Last Titan,18959,Destiny League,1102287.0,1.0,40,28,True,22.0
8825926197,4093,1779775867,9563873.0,Elite Eclipse,9730490.0,Dominion,18867,Ultras Dota Pro League  2025-26,1102284.0,1.0,60,75,False,22.0
8825909765,2188,1779774213,9768243.0,Night Force,9814269.0,Riftwalkers,18959,Destiny League,1102289.0,1.0,57,42,True,22.0
8825906368,1332,1779773775,10129133.0,Savage Wolves,9488152.0,stek deal,19545,Lunar Trophy ,1102276.0,1.0,19,29,False,22.0
8825906232,1816,1779773843,10145429.0,The Last Titan,2443375.0,Foxy gaming,18959,Destiny League,1102287.0,1.0,26,29,False,22.0
8825900347,1855,1779773200,9730490.0,Dominion,9563873.0,Elite Eclipse,18867,Ultras Dota Pro League  2025-26,1102284.0,1.0,30,17,True,22.0
8825883035,1955,1779771277,9768002.0,Lunar Vibes,9767998.0,Nova Pulse,18959,Destiny League,1102271.0,1.0,39,38,False,22.0
8825880391,2009,1779770983,9425656.0,LSG,8629315.0,Wiser Warriors,18959,Destiny League,1102270.0,1.0,41,36,True,22.0
8825871123,1895,1779769953,9593609.0,Nethercore,9493513.0,Shinigami Gaming,18867,Ultras Dota Pro League  2025-26,1102265.0,1.0,39,45,False,22.0
8825865884,2059,1779769668,10129133.0,Savage Wolves,9488152.0,stek deal,19545,Lunar Trophy ,1102276.0,1.0,25,30,False,22.0
8825858032,1659,1779768568,9767998.0,Nova Pulse,9768002.0,Lunar Vibes,18959,Destiny League,1102271.0,1.0,33,17,True,22.0
8825856099,1865,1779768404,8629315.0,Wiser Warriors,9425656.0,LSG,18959,Destiny League,1102270.0,1.0,22,44,False,22.0
8825825990,3030,1779765766,9493513.0,Shinigami Gaming,9593609.0,Nethercore,18867,Ultras Dota Pro League  2025-26,1102265.0,1.0,50,42,True,22.0
8825814056,1763,1779763679,8850016.0,FLYING FORTUNE,8849850.0,HELLBEAR HEROES,19201,Dota 2 Space League,1102241.0,1.0,28,36,False,22.0
8825793495,1697,1779761358,8849850.0,HELLBEAR HEROES,8850016.0,FLYING FORTUNE,19201,Dota 2 Space League,1102241.0,1.0,30,22,True,22.0
8825772406,1922,1779758912,8850016.0,FLYING FORTUNE,8849850.0,HELLBEAR HEROES,19201,Dota 2 Space League,1102241.0,1.0,45,27,True,22.0
8825748559,1547,1779755963,8849837.0,FALL VICTIMS,8957156.0,Silent killer,19201,Dota 2 Space League,1102208.0,1.0,27,42,False,22.0
8825745704,2626,1779755568,10157006.0,wb farm pattern,9949210.0,loodowolfs,17910,WB team CyberClub CUP,1102228.0,2.0,33,48,False,22.0
8825732288,1906,1779753857,,,,,19752,Immigrant Night Club #1,0.0,0.0,18,46,False,22.0
8825726196,1916,1779753250,8957156.0,Silent killer,8849837.0,FALL VICTIMS,19201,Dota 2 Space League,1102208.0,1.0,34,30,True,22.0
8825718368,2220,1779752114,9949210.0,loodowolfs,10157006.0,wb farm pattern,17910,WB team CyberClub CUP,1102215.0,2.0,42,21,True,22.0
8825708349,1734,1779750879,8849837.0,FALL VICTIMS,8957156.0,Silent killer,19201,Dota 2 Space League,1102208.0,1.0,32,11,True,22.0
8825697100,2897,1779749582,9957513.0,Ballas,10129317.0,Roflan Buldiga ,17910,WB team CyberClub CUP,1102203.0,1.0,26,47,False,22.0
8825687476,1761,1779748549,9048057.0,Vitality Warriors,9005364.0,Night Vision,19201,Dota 2 Space League,1102195.0,1.0,30,32,True,22.0
8825685157,2939,1779748285,10144212.0,Bot 5 yout,,,19752,Immigrant Night Club #1,0.0,0.0,44,28,True,22.0
8825681775,2588,1779747960,9949210.0,loodowolfs,9938992.0,Kotyatki,17910,WB team CyberClub CUP,1102200.0,2.0,60,18,True,22.0
8825665128,1558,1779746537,9005364.0,Night Vision,9048057.0,Vitality Warriors,19201,Dota 2 Space League,1102195.0,1.0,9,19,False,22.0
8825637402,2490,1779744038,,,10144212.0,Bot 5 yout,19752,Immigrant Night Club #1,0.0,0.0,45,20,True,22.0
8825635447,1822,1779743945,9025669.0,CrimsonSky,8850015.0,DARKNESS GAMING,19201,Dota 2 Space League,1102165.0,1.0,20,24,False,22.0
8825629619,3108,1779743482,10157006.0,wb farm pattern,9949210.0,loodowolfs,17910,WB team CyberClub CUP,1102188.0,2.0,46,51,True,22.0
8825628516,5008,1779743434,10129317.0,Roflan Buldiga ,9957513.0,Ballas,17910,WB team CyberClub CUP,1102187.0,1.0,63,72,False,22.0
8825606334,1592,1779741857,8850015.0,DARKNESS GAMING,9025669.0,CrimsonSky,19201,Dota 2 Space League,1102165.0,1.0,27,19,True,22.0
8825597622,1569,1779741270,10144212.0,Bot 5 yout,,,19752,Immigrant Night Club #1,0.0,0.0,43,9,True,22.0
8825559104,1650,1779739358,9025669.0,CrimsonSky,8850015.0,DARKNESS GAMING,19201,Dota 2 Space League,1102165.0,1.0,21,10,True,22.0
8825556872,3709,1779738866,10007804.0,Eye Gaming,9461271.0,Elite Eclipse,18867,Ultras Dota Pro League  2025-26,1102164.0,1.0,44,59,True,22.0
8825536610,3348,1779737820,10157006.0,wb farm pattern,9957513.0,Ballas,17910,WB team CyberClub CUP,1102156.0,1.0,48,43,True,22.0
8825534747,1934,1779737660,10144212.0,Bot 5 yout,,,19752,Immigrant Night Club #1,0.0,0.0,19,39,False,22.0
8825479700,2932,1779734870,9729342.0,Elite Eclipse,10007804.0,Eye Gaming,18867,Ultras Dota Pro League  2025-26,1102132.0,1.0,43,47,False,22.0
8825464885,2070,1779734150,9957513.0,Ballas,10157006.0,wb farm pattern,17910,WB team CyberClub CUP,1102127.0,1.0,42,25,True,22.0
8825416538,2817,1779731818,9949210.0,loodowolfs,10129317.0,Roflan Buldiga ,17910,WB team CyberClub CUP,1102111.0,0.0,38,34,True,22.0
8825376811,2819,1779729926,10060977.0,Cinqueblinks,9530716.0,Air Defence,18867,Ultras Dota Pro League  2025-26,1102040.0,1.0,49,48,False,22.0
8825366913,2807,1779729401,10157006.0,wb farm pattern,9957513.0,Ballas,17910,WB team CyberClub CUP,1102093.0,1.0,37,35,True,22.0
8825315572,2995,1779727020,10129317.0,Roflan Buldiga ,9949210.0,loodowolfs,17910,WB team CyberClub CUP,1102077.0,0.0,49,41,False,22.0
8825308751,1903,1779726709,9767998.0,Nova Pulse,2443375.0,Foxy gaming,18959,Destiny League,1102056.0,1.0,19,33,False,22.0
8825306228,1867,1779726537,9530716.0,Air Defence,10060977.0,Cinqueblinks,18867,Ultras Dota Pro League  2025-26,1102040.0,1.0,46,37,True,22.0
8825258054,1490,1779724413,2443375.0,Foxy gaming,9767998.0,Nova Pulse,18959,Destiny League,1102056.0,1.0,27,13,True,22.0
8825201226,1696,1779721935,9878494.0,LV United,10145429.0,The Last Titan,18959,Destiny League,1102013.0,1.0,17,28,False,22.0
8825194009,3214,1779721654,10060977.0,Cinqueblinks,9530716.0,Air Defence,18867,Ultras Dota Pro League  2025-26,1102040.0,1.0,60,40,True,22.0
8825146210,1655,1779719664,10145429.0,The Last Titan,9878494.0,LV United,18959,Destiny League,1102013.0,1.0,38,26,True,22.0
8825089389,1715,1779717390,9878494.0,LV United,10145429.0,The Last Titan,18959,Destiny League,1102013.0,1.0,37,24,True,22.0
8825083155,1505,1779717154,10060977.0,Cinqueblinks,9628678.0,Teiko,18867,Ultras Dota Pro League  2025-26,1102010.0,1.0,17,50,False,22.0
8825077637,1911,1779716942,10144963.0,我很强,9580444.0,PSG.LGD,19682,刀塔扭蛋杯,1102007.0,3.0,31,18,True,22.0
8825042069,2153,1779715585,10150388.0,九州忠诚,10144936.0,软柿子人身意外饱险,19682,刀塔扭蛋杯,1101999.0,3.0,28,20,True,22.0
8825026698,1560,1779714975,8629315.0,Wiser Warriors,9814269.0,Riftwalkers,18959,Destiny League,1101956.0,1.0,24,33,False,22.0
8825021732,2200,1779714735,10144933.0,12.6个悠远火星小傻蛋,9366802.0,超耐磨,19682,刀塔扭蛋杯,1101992.0,3.0,34,11,True,22.0
8825015637,1806,1779714524,9729268.0,Teiko,10060977.0,Cinqueblinks,18867,Ultras Dota Pro League  2025-26,1101989.0,1.0,46,18,True,22.0
8825015480,2365,1779714487,10144976.0,毒爆虫孵化池,9980793.0,莲陈诀,19682,刀塔扭蛋杯,1101988.0,3.0,41,39,False,22.0
8824977038,2755,1779712871,9580444.0,PSG.LGD,10144963.0,我很强,19682,刀塔扭蛋杯,1101980.0,3.0,30,41,False,22.0
8824973157,1698,1779712687,9814269.0,Riftwalkers,8629315.0,Wiser Warriors,18959,Destiny League,1101956.0,1.0,15,33,False,22.0
8824966533,1969,1779712386,10144936.0,软柿子人身意外饱险,10150388.0,九州忠诚,19682,刀塔扭蛋杯,1101975.0,3.0,39,18,True,22.0
8824941214,1749,1779711457,8831040.0,Ghost Sheep,9691942.0,Nethercore,18867,Ultras Dota Pro League  2025-26,1101941.0,1.0,19,38,False,22.0
8824937217,2126,1779711069,9980793.0,莲陈诀,10144976.0,毒爆虫孵化池,19682,刀塔扭蛋杯,1101962.0,3.0,47,25,True,22.0
8824934844,2626,1779710882,9366802.0,超耐磨,10144933.0,12.6个悠远火星小傻蛋,19682,刀塔扭蛋杯,1101961.0,3.0,37,46,False,22.0
8824926541,1662,1779710542,8629315.0,Wiser Warriors,9814269.0,Riftwalkers,18959,Destiny League,1101956.0,1.0,16,29,False,22.0
8824874679,2522,1779707683,8831040.0,Ghost Sheep,9593609.0,Nethercore,18867,Ultras Dota Pro League  2025-26,1101941.0,1.0,45,35,True,22.0
8824849037,1761,1779706222,9768002.0,Lunar Vibes,9767998.0,Nova Pulse,18959,Destiny League,1101939.0,1.0,33,47,False,22.0
8824818736,2496,1779704173,9593609.0,Nethercore,8831040.0,Ghost Sheep,18867,Ultras Dota Pro League  2025-26,1101941.0,1.0,51,22,True,22.0
8824818274,1371,1779704111,9767998.0,Nova Pulse,9768002.0,Lunar Vibes,18959,Destiny League,1101939.0,1.0,17,32,False,22.0
8824780469,2061,1779701481,9768002.0,Lunar Vibes,9767998.0,Nova Pulse,18959,Destiny League,1101939.0,1.0,33,40,False,22.0
8824759922,2202,1779699823,9906210.0,Teiko,8831040.0,Ghost Sheep,18867,Ultras Dota Pro League  2025-26,1101936.0,1.0,40,19,True,22.0
8824746223,1906,1779698800,9426115.0,Dark Rebellion,9425656.0,LSG,18959,Destiny League,1101921.0,1.0,31,43,False,22.0
8824744144,1666,1779698603,10144667.0,Velocity Viking,9885310.0,Roar,19545,Lunar Trophy ,1101928.0,1.0,23,44,False,22.0
8824705549,3106,1779695764,8831040.0,Ghost Sheep,9729268.0,Teiko,18867,Ultras Dota Pro League  2025-26,1101931.0,1.0,58,72,False,22.0
8824701764,2764,1779695195,9425656.0,LSG,9426115.0,Dark Rebellion,18959,Destiny League,1101921.0,1.0,61,71,False,22.0
8824695579,2308,1779694725,10144667.0,Velocity Viking,9885310.0,Roar,19545,Lunar Trophy ,1101928.0,1.0,15,36,False,22.0
8824665813,2096,1779691861,9426115.0,Dark Rebellion,9425656.0,LSG,18959,Destiny League,1101921.0,1.0,32,50,False,22.0
8824662057,2005,1779691441,9729342.0,Elite Eclipse,9684245.0,Shinigami Gaming,18867,Ultras Dota Pro League  2025-26,1101908.0,1.0,26,48,False,22.0
8824655937,1695,1779690887,10129133.0,Savage Wolves,9098294.0,Carstensz Esports,19545,Lunar Trophy ,1101892.0,1.0,11,36,False,22.0
8824654347,1814,1779690702,9814269.0,Riftwalkers,9878494.0,LV United,18959,Destiny League,1101913.0,1.0,43,14,True,22.0
8824639477,1732,1779689174,2443375.0,Foxy gaming,9768243.0,Night Force,18959,Destiny League,1101905.0,1.0,28,44,False,22.0
8824629464,1757,1779688178,9878494.0,LV United,9814269.0,Riftwalkers,18959,Destiny League,1101913.0,1.0,26,36,False,22.0
8824623694,1739,1779687523,10129133.0,Savage Wolves,9098294.0,Carstensz Esports,19545,Lunar Trophy ,1101892.0,1.0,40,21,True,22.0
8824623058,1688,1779687576,9684245.0,Shinigami Gaming,9729342.0,Elite Eclipse,18867,Ultras Dota Pro League  2025-26,1101908.0,1.0,43,16,True,22.0
8824613618,1987,1779686538,9768243.0,Night Force,2443375.0,Foxy gaming,18959,Destiny League,1101905.0,1.0,38,27,True,22.0
8824604238,1776,1779685511,10145429.0,The Last Titan,9767998.0,Nova Pulse,18959,Destiny League,1101893.0,1.0,18,28,False,22.0
8824595265,1043,1779684539,9768002.0,Lunar Vibes,8629315.0,Wiser Warriors,18959,Destiny League,1101890.0,1.0,25,1,True,22.0
8824589210,1897,1779683861,9545354.0,Shinigami Gaming ,9564441.0,Eye Gaming,18867,Ultras Dota Pro League  2025-26,1101881.0,1.0,43,51,True,22.0
8824576340,2970,1779682468,10129133.0,Savage Wolves,9098294.0,Carstensz Esports,19545,Lunar Trophy ,1101892.0,1.0,25,54,False,22.0
8824575663,2041,1779682448,9767998.0,Nova Pulse,10145429.0,The Last Titan,18959,Destiny League,1101893.0,1.0,42,23,True,22.0
8824572586,1779,1779682110,8629315.0,Wiser Warriors,9768002.0,Lunar Vibes,18959,Destiny League,1101890.0,1.0,27,32,False,22.0
8824543327,2564,1779678937,9564441.0,Eye Gaming,9545354.0,Shinigami Gaming ,18867,Ultras Dota Pro League  2025-26,1101881.0,1.0,49,63,False,22.0
8824529565,1502,1779677408,8849850.0,HELLBEAR HEROES,8849837.0,FALL VICTIMS,19201,Dota 2 Space League,1101853.0,1.0,35,26,True,22.0
8824510311,1585,1779675254,8849837.0,FALL VICTIMS,8849850.0,HELLBEAR HEROES,19201,Dota 2 Space League,1101853.0,1.0,23,34,False,22.0
8824509351,3768,1779675107,,,,,19752,Immigrant Night Club #1,0.0,0.0,54,56,False,22.0
8824486874,2120,1779672604,8849850.0,HELLBEAR HEROES,8849837.0,FALL VICTIMS,19201,Dota 2 Space League,1101853.0,1.0,31,37,False,22.0
8824462450,2216,1779669695,9025669.0,CrimsonSky,9048057.0,Vitality Warriors,19201,Dota 2 Space League,1101820.0,1.0,36,35,True,22.0
8824442715,1740,1779667392,9048057.0,Vitality Warriors,9025669.0,CrimsonSky,19201,Dota 2 Space League,1101820.0,1.0,14,31,False,22.0
8824428207,2641,1779665614,,,,,19752,Immigrant Night Club #1,0.0,0.0,32,64,False,22.0
8824420153,1686,1779664779,8850015.0,DARKNESS GAMING,8850016.0,FLYING FORTUNE,19201,Dota 2 Space League,1101796.0,1.0,36,23,True,22.0
8824418320,2273,1779664637,2114225.0,KINGSURF,7155747.0,Old Resort,19467,Liga OverPower Season 2,1101800.0,3.0,44,33,True,22.0
8824393455,1836,1779662213,8850016.0,FLYING FORTUNE,8850015.0,DARKNESS GAMING,19201,Dota 2 Space League,1101796.0,1.0,27,39,False,22.0
8824383716,2640,1779661224,9705464.0,Team Solo,10150345.0,Team Recrent,19742,BetBoom Streamers Battle 13,1101665.0,2.0,39,35,True,22.0
8824374184,2707,1779660550,7155747.0,Old Resort,2114225.0,KINGSURF,19467,Liga OverPower Season 2,1101800.0,3.0,23,47,False,22.0
8824369880,2371,1779660060,,,10144212.0,Bot 5 yout,19752,Immigrant Night Club #1,0.0,0.0,68,35,True,22.0
8824366821,1602,1779659996,8850015.0,DARKNESS GAMING,8850016.0,FLYING FORTUNE,19201,Dota 2 Space League,1101796.0,1.0,19,25,False,22.0
8824337197,1721,1779657613,8957156.0,Silent killer,9005364.0,Night Vision,19201,Dota 2 Space League,1101748.0,1.0,32,37,False,22.0
8824324161,3001,1779656695,10129317.0,Roflan Buldiga ,10157007.0,roflstack,17910,WB team CyberClub CUP,1101773.0,0.0,37,29,True,22.0
8824312714,3477,1779655904,10150345.0,Team Recrent,9705464.0,Team Solo,19742,BetBoom Streamers Battle 13,1101665.0,2.0,41,33,True,22.0
8824298325,3344,1779655000,,,10144212.0,Bot 5 yout,19752,Immigrant Night Club #1,0.0,0.0,55,68,False,22.0
8824298002,2112,1779655008,9005364.0,Night Vision,8957156.0,Silent killer,19201,Dota 2 Space League,1101748.0,1.0,38,30,True,22.0
8824291477,1947,1779654592,7217544.0,CHIPAP,9949210.0,loodowolfs,17910,WB team CyberClub CUP,1101762.0,0.0,16,45,False,22.0
8824268198,1475,1779653263,10157038.0,AK-47,9957513.0,Ballas,17910,WB team CyberClub CUP,1101752.0,1.0,10,37,False,22.0
8824260253,1605,1779652950,8957156.0,Silent killer,9005364.0,Night Vision,19201,Dota 2 Space League,1101748.0,1.0,32,15,True,22.0
8824257639,3591,1779652650,8623207.0,AMF.wbt,10157006.0,wb farm pattern,17910,WB team CyberClub CUP,1101746.0,1.0,41,46,False,22.0
8824253918,2314,1779652472,10157007.0,roflstack,10129317.0,Roflan Buldiga ,17910,WB team CyberClub CUP,1101743.0,0.0,29,18,True,22.0
8824228138,2907,1779651052,10150345.0,Team Recrent,9705464.0,Team Solo,19742,BetBoom Streamers Battle 13,1101665.0,2.0,22,52,False,22.0
8824218541,2299,1779650554,9572001.0,TEAM VISION,9467224.0,Aurora Gaming,19696,DreamLeague Season 29,1101572.0,2.0,19,21,True,22.0
8824215313,2710,1779650421,9949210.0,loodowolfs,7217544.0,CHIPAP,17910,WB team CyberClub CUP,1101727.0,0.0,42,41,True,22.0
8824207271,1585,1779650048,9957513.0,Ballas,10157038.0,AK-47,17910,WB team CyberClub CUP,1101723.0,1.0,43,16,True,22.0
8824199865,3761,1779649614,10144212.0,Bot 5 yout,,,19752,Immigrant Night Club #1,0.0,0.0,67,53,True,22.0
8824175774,2523,1779648498,10157006.0,wb farm pattern,8623207.0,AMF.wbt,17910,WB team CyberClub CUP,1101712.0,1.0,36,18,True,22.0
8824162023,2851,1779647988,10129317.0,Roflan Buldiga ,8572901.0,вацау нима,17910,WB team CyberClub CUP,1101708.0,0.0,56,27,True,22.0
8824153795,1597,1779647338,10007804.0,Eye Gaming,9564280.0,Dominion,18867,Ultras Dota Pro League  2025-26,1101675.0,1.0,42,20,True,22.0
8824144006,2486,1779646866,10150345.0,Team Recrent,9705464.0,Team Solo,19742,BetBoom Streamers Battle 13,1101665.0,2.0,40,24,True,22.0
8824128099,2114,1779646154,7217544.0,CHIPAP,9897031.0,team popov+4,17910,WB team CyberClub CUP,1101696.0,0.0,44,36,True,22.0
8824123966,2681,1779645923,9572001.0,TEAM VISION,9467224.0,Aurora Gaming,19696,DreamLeague Season 29,1101572.0,2.0,15,30,False,22.0
8824093365,1710,1779644495,9938992.0,Kotyatki,9948273.0,Мясные колбаски,17910,WB team CyberClub CUP,1101677.0,0.0,36,15,True,22.0
8824092703,1612,1779644482,9564280.0,Dominion,10007804.0,Eye Gaming,18867,Ultras Dota Pro League  2025-26,1101675.0,1.0,12,47,False,22.0
8824090629,3509,1779644356,8621525.0,barsa,9957513.0,Ballas,17910,WB team CyberClub CUP,1101674.0,0.0,29,63,False,22.0
8824078067,2233,1779643748,7236452.0,TeamDeadInside,8572901.0,вацау нима,17910,WB team CyberClub CUP,1101671.0,0.0,17,43,False,22.0
8824064935,3223,1779643132,8638867.0,Easy Gaming,9054352.0,Fortnite,19176,SIVVIT League,1101668.0,0.0,31,51,False,22.0
8824062373,2200,1779643016,10150345.0,Team Recrent,9705464.0,Team Solo,19742,BetBoom Streamers Battle 13,1101665.0,2.0,13,25,False,22.0
8824059014,1881,1779642861,10157003.0,Pokolenie 4ydec,9949210.0,loodowolfs,17910,WB team CyberClub CUP,1101661.0,0.0,22,55,False,22.0
8824057320,3159,1779642872,8623207.0,AMF.wbt,8850197.0,СИГАЕВСКИЕ МУЖИКИ,17910,WB team CyberClub CUP,1101662.0,1.0,56,37,True,22.0
8824011004,3340,1779640684,9572001.0,TEAM VISION,9467224.0,Aurora Gaming,19696,DreamLeague Season 29,1101572.0,2.0,34,25,True,22.0
8823978431,2132,1779639272,9397016.0,Elite Eclipse,9828921.0,Air Defence,18867,Ultras Dota Pro League  2025-26,1101603.0,1.0,39,34,True,22.0
8823964310,1702,1779638670,9138051.0,Dodge team,9054352.0,Fortnite,19176,SIVVIT League,1101632.0,0.0,14,46,False,22.0
8823959048,2686,1779638448,8638867.0,Easy Gaming,9148992.0,УЗНИКИ ДЖОКЕРГЕ,19176,SIVVIT League,1101628.0,0.0,51,37,True,22.0
8823938188,2217,1779637561,9705469.0,Team By_Owl,9705464.0,Team Solo,19742,BetBoom Streamers Battle 13,1101519.0,1.0,13,40,False,22.0
8823904596,2853,1779636180,9572001.0,TEAM VISION,9467224.0,Aurora Gaming,19696,DreamLeague Season 29,1101572.0,2.0,29,40,False,22.0
8823880513,2637,1779635272,9828921.0,Air Defence,9397016.0,Elite Eclipse,18867,Ultras Dota Pro League  2025-26,1101603.0,1.0,38,46,False,22.0
8823848693,814,1779634009,9054352.0,Fortnite,10008546.0,Team SuperNova,19176,SIVVIT League,1101594.0,0.0,24,3,True,22.0
8823847001,1854,1779633945,9148992.0,УЗНИКИ ДЖОКЕРГЕ,9989379.0,kal team,19176,SIVVIT League,1101593.0,0.0,54,19,True,22.0
8823843770,3156,1779633819,9138051.0,Dodge team,,,19176,SIVVIT League,0.0,0.0,56,43,True,22.0
8823843339,2006,1779633804,8638867.0,Easy Gaming,9449429.0,Team Ganjubas Reborn,19176,SIVVIT League,1101590.0,0.0,54,24,True,22.0
8823805044,3004,1779632373,9705469.0,Team By_Owl,9705464.0,Team Solo,19742,BetBoom Streamers Battle 13,1101519.0,1.0,18,42,False,22.0
8823789680,2417,1779631805,9572001.0,TEAM VISION,9467224.0,Aurora Gaming,19696,DreamLeague Season 29,1101572.0,2.0,37,13,True,22.0
8823779301,2520,1779631431,9828921.0,Air Defence,10156935.0,Cinqueblinks,18867,Ultras Dota Pro League  2025-26,1101535.0,1.0,44,42,False,22.0
8823742555,1919,1779630099,8638867.0,Easy Gaming,9974349.0,Мопсярки,19176,SIVVIT League,1101555.0,0.0,38,20,True,22.0
8823742246,1571,1779630087,9989379.0,kal team,,,19176,SIVVIT League,0.0,0.0,60,7,True,22.0
8823737259,1616,1779629906,,,,,19176,SIVVIT League,0.0,0.0,7,47,False,22.0
8823737258,1478,1779629906,9054352.0,Fortnite,,,19176,SIVVIT League,0.0,0.0,47,14,True,22.0
8823735904,1830,1779629857,9449429.0,Team Ganjubas Reborn,1682387.0,Hawks Team,19176,SIVVIT League,1101553.0,0.0,55,10,True,22.0
8823735077,2506,1779629828,9829263.0,5Prisoners,9148992.0,УЗНИКИ ДЖОКЕРГЕ,19176,SIVVIT League,1101552.0,0.0,29,40,False,22.0
8823734807,1653,1779629818,9138051.0,Dodge team,,,19176,SIVVIT League,0.0,0.0,46,15,True,22.0
8823732204,1867,1779629724,10144933.0,12.6个悠远火星小傻蛋,10144976.0,毒爆虫孵化池,19682,刀塔扭蛋杯,1101551.0,3.0,35,17,True,22.0
8823696617,1684,1779628421,10156935.0,Cinqueblinks,9828921.0,Air Defence,18867,Ultras Dota Pro League  2025-26,1101535.0,1.0,44,16,True,22.0
8823686586,2812,1779628001,10144936.0,软柿子人身意外饱险,10144969.0,兄弟DOTA,19682,刀塔扭蛋杯,1101529.0,3.0,34,21,True,22.0
8823674702,1731,1779627617,10151952.0,你也想喝酒吗,10151159.0,法式可颂蛋挞,19682,刀塔扭蛋杯,1101524.0,3.0,17,41,False,22.0
8823668896,2901,1779627311,9705469.0,Team By_Owl,9705464.0,Team Solo,19742,BetBoom Streamers Battle 13,1101519.0,1.0,36,25,True,22.0
8823663735,1980,1779627110,10150644.0,汤臣一品,10151030.0,海南水果大亨,19682,刀塔扭蛋杯,1101475.0,3.0,23,42,False,
8823659378,2944,1779626979,10150707.0,蛋仔派对,9980793.0,莲陈诀,19682,刀塔扭蛋杯,1101516.0,3.0,41,25,True,22.0
8823622679,3022,1779625531,10144976.0,毒爆虫孵化池,10144933.0,12.6个悠远火星小傻蛋,19682,刀塔扭蛋杯,1101500.0,3.0,38,50,False,22.0
8823617999,2089,1779625312,9989379.0,kal team,,,19176,SIVVIT League,0.0,0.0,44,22,True,22.0
8823602970,2124,1779624699,2470971.0,KAKASHKIBOY,9904489.0,Gazm9s,19176,SIVVIT League,1101489.0,0.0,40,20,True,22.0
8823600697,2893,1779624603,9054352.0,Fortnite,,,19176,SIVVIT League,0.0,0.0,54,30,True,22.0
8823598719,1042,1779624524,9148992.0,УЗНИКИ ДЖОКЕРГЕ,10060924.0,team scorpions,19176,SIVVIT League,1101486.0,0.0,31,8,True,22.0
8823596520,1595,1779624431,8638867.0,Easy Gaming,10143574.0,peRsona team,19176,SIVVIT League,1101485.0,0.0,50,8,True,22.0
8823595256,2454,1779624376,10156895.0,VETEMENTS,9964991.0,Googol Gaming,19176,SIVVIT League,1101484.0,0.0,31,50,False,22.0
8823594757,2559,1779624355,10108233.0,ShIShUlI,9449429.0,Team Ganjubas Reborn,19176,SIVVIT League,1101482.0,0.0,41,32,False,22.0
8823594006,2760,1779624323,10152063.0,P2HI,,,19176,SIVVIT League,0.0,0.0,22,44,False,22.0
8823593936,1982,1779624356,10151159.0,法式可颂蛋挞,10151952.0,你也想喝酒吗,19682,刀塔扭蛋杯,1101481.0,3.0,44,5,True,22.0
8823592679,2378,1779624266,,,,,19176,SIVVIT League,0.0,0.0,20,50,False,22.0
8823591558,1527,1779624261,9980793.0,莲陈诀,10150707.0,蛋仔派对,19682,刀塔扭蛋杯,1101477.0,3.0,35,7,True,22.0
8823590748,3698,1779624184,,,,,19176,SIVVIT League,0.0,0.0,52,58,False,22.0
8823590009,1875,1779624153,10008546.0,Team SuperNova,,,19176,SIVVIT League,0.0,0.0,52,17,True,22.0
8823589912,1161,1779624149,9138051.0,Dodge team,6410706.0,STARIY TINKER X2,19176,SIVVIT League,1101476.0,0.0,25,4,True,22.0
8823588319,2015,1779624165,10151030.0,海南水果大亨,10150644.0,汤臣一品,19682,刀塔扭蛋杯,1101475.0,3.0,44,14,True,
8823581544,3018,1779624005,10144969.0,兄弟DOTA,10144936.0,软柿子人身意外饱险,19682,刀塔扭蛋杯,1101471.0,3.0,32,57,False,22.0
8823581121,4000,1779623768,7119388.0,Team Spirit,9467224.0,Aurora Gaming,19696,DreamLeague Season 29,1101452.0,1.0,42,52,False,22.0
8823557455,2092,1779622753,9768243.0,Night Force,10145429.0,The Last Titan,18959,Destiny League,1101443.0,1.0,30,41,False,22.0
8823502263,1781,1779620103,9467224.0,Aurora Gaming,7119388.0,Team Spirit,19696,DreamLeague Season 29,1101452.0,1.0,30,9,True,22.0
8823499705,2025,1779620025,10145429.0,The Last Titan,9768243.0,Night Force,18959,Destiny League,1101443.0,1.0,48,44,False,22.0
8823497260,2222,1779619856,9691942.0,Nethercore,9729268.0,Teiko,18867,Ultras Dota Pro League  2025-26,1101428.0,1.0,47,57,True,22.0
8823460046,1462,1779618078,9768243.0,Night Force,10145429.0,The Last Titan,18959,Destiny League,1101443.0,1.0,15,32,False,22.0
8823423677,1563,1779616772,9729268.0,Teiko,9691942.0,Nethercore,18867,Ultras Dota Pro League  2025-26,1101428.0,1.0,24,39,False,22.0
8823412892,1573,1779615678,9814269.0,Riftwalkers,9425656.0,LSG,18959,Destiny League,1101405.0,1.0,20,42,False,22.0
8823365941,1237,1779613192,9691942.0,Nethercore,10060977.0,Cinqueblinks,18867,Ultras Dota Pro League  2025-26,1101390.0,1.0,27,6,True,22.0
8823357618,2180,1779612729,9425656.0,LSG,9814269.0,Riftwalkers,18959,Destiny League,1101405.0,1.0,52,41,True,22.0
8823305548,1948,1779609931,9767998.0,Nova Pulse,9426115.0,Dark Rebellion,18959,Destiny League,1101363.0,1.0,36,21,True,22.0
8823302341,2219,1779609738,10060977.0,Cinqueblinks,9691942.0,Nethercore,18867,Ultras Dota Pro League  2025-26,1101390.0,1.0,36,33,False,22.0
8823247410,2218,1779606536,9426115.0,Dark Rebellion,9767998.0,Nova Pulse,18959,Destiny League,1101363.0,1.0,39,32,True,22.0
8823236103,2804,1779605850,9729351.0,Dominion,9397016.0,Elite Eclipse,18867,Ultras Dota Pro League  2025-26,1101342.0,1.0,44,47,False,22.0
8823208941,1793,1779604106,9767998.0,Nova Pulse,9426115.0,Dark Rebellion,18959,Destiny League,1101363.0,1.0,34,30,True,22.0
8823207177,1802,1779603909,9878494.0,LV United,9768243.0,Night Force,18959,Destiny League,1101337.0,1.0,27,35,False,22.0
8823186622,2209,1779602509,9729351.0,Dominion,9397016.0,Elite Eclipse,18867,Ultras Dota Pro League  2025-26,1101342.0,1.0,29,30,True,22.0
8823173663,1705,1779601634,9768243.0,Night Force,9878494.0,LV United,18959,Destiny League,1101337.0,1.0,41,31,True,22.0
8823167103,1844,1779601145,2443375.0,Foxy gaming,9768002.0,Lunar Vibes,18959,Destiny League,1101324.0,1.0,18,40,False,22.0
8823149768,1454,1779599912,9397016.0,Elite Eclipse,9729351.0,Dominion,18867,Ultras Dota Pro League  2025-26,1101342.0,1.0,36,13,True,22.0
8823146233,2090,1779599521,10129133.0,Savage Wolves,10143761.0,Pandawa 5,19545,Lunar Trophy ,1101327.0,1.0,16,56,False,22.0
8823143445,1684,1779599357,9878494.0,LV United,9768243.0,Night Force,18959,Destiny League,1101337.0,1.0,41,22,True,22.0
8823127379,2010,1779598061,9768002.0,Lunar Vibes,2443375.0,Foxy gaming,18959,Destiny League,1101324.0,1.0,41,28,True,22.0
8823115978,1574,1779597181,9425656.0,LSG,10145429.0,The Last Titan,18959,Destiny League,1101310.0,1.0,17,30,False,22.0
8823100690,1502,1779596160,10129133.0,Savage Wolves,10143761.0,Pandawa 5,19545,Lunar Trophy ,1101327.0,1.0,10,31,False,22.0
8823096591,1696,1779595497,2443375.0,Foxy gaming,9768002.0,Lunar Vibes,18959,Destiny League,1101324.0,1.0,28,15,True,22.0
8823088511,1738,1779594825,10145429.0,The Last Titan,9425656.0,LSG,18959,Destiny League,1101310.0,1.0,18,31,False,22.0
8823061604,1711,1779592482,9425656.0,LSG,10145429.0,The Last Titan,18959,Destiny League,1101310.0,1.0,19,30,False,22.0
8822971080,2398,1779583672,,,8525455.0,FedEX,19752,Immigrant Night Club #1,0.0,0.0,23,39,False,22.0
8822935597,2303,1779579892,8525455.0,FedEX,,,19752,Immigrant Night Club #1,0.0,0.0,52,13,True,22.0
8822905638,1741,1779577013,10150530.0,EARTH GAMING,581153.0,Y2K ,19467,Liga OverPower Season 2,1101236.0,3.0,73,20,True,22.0
8822900176,3188,1779576492,9731167.0,Team Stray,9705464.0,Team Solo,19742,BetBoom Streamers Battle 13,1101207.0,1.0,21,37,False,22.0
8822865310,1888,1779573853,10150530.0,EARTH GAMING,581153.0,Y2K ,19467,Liga OverPower Season 2,1101236.0,3.0,68,14,True,22.0
8822863040,2635,1779573522,,,10144212.0,Bot 5 yout,19752,Immigrant Night Club #1,0.0,0.0,48,20,True,22.0
8822846974,1968,1779572396,9731167.0,Team Stray,9705464.0,Team Solo,19742,BetBoom Streamers Battle 13,1101207.0,1.0,14,35,False,22.0
8822800503,2341,1779569548,,,,,19752,Immigrant Night Club #1,0.0,0.0,30,14,True,22.0
8822773427,2978,1779568019,9731167.0,Team Stray,9705464.0,Team Solo,19742,BetBoom Streamers Battle 13,1101207.0,1.0,33,40,True,22.0
8822760882,2672,1779567403,9988580.0,OwNing ProS DaiLy,9866035.0,The Bros,19467,Liga OverPower Season 2,1101202.0,3.0,45,18,True,22.0
8822758432,2406,1779567204,9828921.0,Air Defence,10122761.0,Kiba Arms,18867,Ultras Dota Pro League  2025-26,1101199.0,1.0,29,49,False,22.0
8822667352,2436,1779562645,8957652.0,Kiba Arms,9828921.0,Air Defence,18867,Ultras Dota Pro League  2025-26,1101166.0,1.0,68,36,True,22.0
8822661803,3148,1779562340,9705469.0,Team By_Owl,10150345.0,Team Recrent,19742,BetBoom Streamers Battle 13,1101137.0,1.0,19,39,False,22.0
8822593932,2612,1779559080,9247354.0,Team Falcons,9467224.0,Aurora Gaming,19696,DreamLeague Season 29,1101120.0,1.0,18,38,False,22.0
8822582850,1310,1779558577,10121883.0,Kiba Arms,10060977.0,Cinqueblinks,18867,Ultras Dota Pro League  2025-26,1101096.0,1.0,28,16,True,22.0
8822531584,1598,1779556171,10121883.0,Kiba Arms,10060977.0,Cinqueblinks,18867,Ultras Dota Pro League  2025-26,1101096.0,1.0,35,15,True,22.0
8822520406,1397,1779555661,9467224.0,Aurora Gaming,9247354.0,Team Falcons,19696,DreamLeague Season 29,1101120.0,1.0,26,8,True,22.0
8822453299,2465,1779552773,10060977.0,Cinqueblinks,10121883.0,Kiba Arms,18867,Ultras Dota Pro League  2025-26,1101096.0,1.0,40,16,True,22.0
8822412074,2146,1779550984,9572001.0,TEAM VISION,7119388.0,Team Spirit,19696,DreamLeague Season 29,1101022.0,1.0,40,16,True,22.0
8822359431,2384,1779548884,9828921.0,Air Defence,10060977.0,Cinqueblinks,18867,Ultras Dota Pro League  2025-26,1101001.0,1.0,55,41,True,22.0
8822330030,1498,1779547700,9572001.0,TEAM VISION,7119388.0,Team Spirit,19696,DreamLeague Season 29,1101022.0,1.0,14,4,True,22.0
8822261341,2472,1779545052,9828921.0,Air Defence,10060977.0,Cinqueblinks,18867,Ultras Dota Pro League  2025-26,1101001.0,1.0,24,39,False,22.0
8822238357,1621,1779544145,7119388.0,Team Spirit,9572001.0,TEAM VISION,19696,DreamLeague Season 29,1101022.0,1.0,38,9,True,22.0
8822232980,1973,1779543932,9705453.0,Team Nix,9705464.0,Team Solo,19742,BetBoom Streamers Battle 13,1100963.0,1.0,23,37,False,22.0
8822211814,2395,1779543092,10151952.0,你也想喝酒吗,9980793.0,莲陈诀,19682,刀塔扭蛋杯,1101009.0,3.0,18,28,True,22.0
8822193779,1635,1779542396,10060977.0,Cinqueblinks,9828921.0,Air Defence,18867,Ultras Dota Pro League  2025-26,1101001.0,1.0,33,37,False,22.0
8822189575,2639,1779542179,,,,,19682,刀塔扭蛋杯,0.0,0.0,13,38,False,22.0
8822173477,4677,1779541574,9580444.0,PSG.LGD,10144976.0,毒爆虫孵化池,19682,刀塔扭蛋杯,1100987.0,3.0,55,60,True,22.0
8822157349,2090,1779540879,10144936.0,软柿子人身意外饱险,10151030.0,海南水果大亨,19682,刀塔扭蛋杯,1100983.0,3.0,33,19,True,22.0
8822125041,2477,1779539343,9705453.0,Team Nix,9705464.0,Team Solo,19742,BetBoom Streamers Battle 13,1100963.0,1.0,39,26,False,22.0
8822098960,3283,1779538150,9980793.0,莲陈诀,10151952.0,你也想喝酒吗,19682,刀塔扭蛋杯,1100948.0,3.0,32,46,False,22.0
8822098527,3041,1779538129,10150388.0,九州忠诚,9366802.0,超耐磨,19682,刀塔扭蛋杯,1100947.0,3.0,49,40,True,22.0
8822095943,1768,1779538017,9580444.0,PSG.LGD,10144976.0,毒爆虫孵化池,19682,刀塔扭蛋杯,1100944.0,3.0,33,12,True,22.0
8822090734,1648,1779537732,10151030.0,海南水果大亨,10144936.0,软柿子人身意外饱险,19682,刀塔扭蛋杯,1100941.0,3.0,14,32,False,22.0
8822088303,4137,1779537612,10020555.0,PlayTime,9247354.0,Team Falcons,19696,DreamLeague Season 29,1100890.0,1.0,49,40,False,22.0
8822077597,1380,1779537080,10143743.0,Shark Squad,9098294.0,Carstensz Esports,19545,Lunar Trophy ,1100909.0,1.0,9,28,False,22.0
8822029428,2974,1779534508,9593609.0,Nethercore,9729268.0,Teiko,18867,Ultras Dota Pro League  2025-26,1100892.0,1.0,39,56,True,22.0
8822012707,1566,1779533645,10143743.0,Shark Squad,9098294.0,Carstensz Esports,19545,Lunar Trophy ,1100909.0,1.0,11,28,False,22.0
8821990460,2375,1779532266,9731167.0,Team Stray,9705439.0,Team Miposhka,19742,BetBoom Streamers Battle 13,1100881.0,1.0,32,26,True,22.0
8821959890,2821,1779530484,9729268.0,Teiko,9593609.0,Nethercore,18867,Ultras Dota Pro League  2025-26,1100892.0,1.0,44,45,False,22.0
8821954344,5763,1779530122,10020555.0,PlayTime,9247354.0,Team Falcons,19696,DreamLeague Season 29,1100890.0,1.0,70,60,False,22.0
8821950453,1157,1779529932,8629315.0,Wiser Warriors,9426115.0,Dark Rebellion,18959,Destiny League,1100884.0,1.0,52,10,True,22.0
8821921384,1174,1779528243,9426115.0,Dark Rebellion,8629315.0,Wiser Warriors,18959,Destiny League,1100884.0,1.0,10,27,False,22.0
8821914792,2547,1779527751,9705439.0,Team Miposhka,9731167.0,Team Stray,19742,BetBoom Streamers Battle 13,1100881.0,1.0,23,34,False,22.0
8821909630,2890,1779527722,10129133.0,Savage Wolves,10129693.0,D Family,19545,Lunar Trophy ,1100837.0,1.0,36,45,True,22.0
8821889518,1789,1779526233,9593609.0,Nethercore,10060977.0,Cinqueblinks,18867,Ultras Dota Pro League  2025-26,1100852.0,1.0,40,29,True,22.0
8821881259,1682,1779525795,10145429.0,The Last Titan,9768002.0,Lunar Vibes,18959,Destiny League,1100846.0,1.0,24,42,False,22.0
8821854401,1993,1779524072,10129133.0,Savage Wolves,10129693.0,D Family,19545,Lunar Trophy ,1100837.0,1.0,42,14,True,22.0
8821847864,1331,1779523777,9768002.0,Lunar Vibes,10145429.0,The Last Titan,18959,Destiny League,1100846.0,1.0,15,35,False,22.0
8821834059,1983,1779523020,10060977.0,Cinqueblinks,9593609.0,Nethercore,18867,Ultras Dota Pro League  2025-26,1100852.0,1.0,28,42,False,22.0
8821814265,1342,1779521576,10145429.0,The Last Titan,9768002.0,Lunar Vibes,18959,Destiny League,1100846.0,1.0,15,38,False,22.0
8821796166,1963,1779520399,10129133.0,Savage Wolves,10129693.0,D Family,19545,Lunar Trophy ,1100837.0,1.0,19,43,False,22.0
8821780323,1197,1779519336,9767998.0,Nova Pulse,9814269.0,Riftwalkers,18959,Destiny League,1100820.0,1.0,51,9,True,22.0
8821777834,2426,1779519067,10007804.0,Eye Gaming,9677506.0,Shinigami Gaming,18867,Ultras Dota Pro League  2025-26,1100808.0,1.0,59,55,True,22.0
8821741963,1789,1779516712,9814269.0,Riftwalkers,9767998.0,Nova Pulse,18959,Destiny League,1100820.0,1.0,33,52,False,22.0
8821737980,2195,1779515941,9677506.0,Shinigami Gaming,10007804.0,Eye Gaming,18867,Ultras Dota Pro League  2025-26,1100808.0,1.0,24,62,False,22.0
8821716395,1301,1779514294,9425656.0,LSG,9878494.0,LV United,18959,Destiny League,1100799.0,1.0,49,18,True,22.0
8821705130,1616,1779513404,10007804.0,Eye Gaming,9677506.0,Shinigami Gaming,18867,Ultras Dota Pro League  2025-26,1100808.0,1.0,23,53,False,22.0
8821688472,1569,1779511815,9098294.0,Carstensz Esports,10143761.0,Pandawa 5,19545,Lunar Trophy ,1100789.0,1.0,53,16,True,22.0
8821684443,1891,1779511633,9878494.0,LV United,9425656.0,LSG,18959,Destiny League,1100799.0,1.0,41,30,True,22.0
8821667504,1706,1779509964,9850400.0,Teiko,9564888.0,Dominion,18867,Ultras Dota Pro League  2025-26,1100773.0,1.0,24,46,False,22.0
8821662721,1317,1779509565,9425656.0,LSG,9878494.0,LV United,18959,Destiny League,1099306.0,1.0,41,18,True,22.0
8821657882,1276,1779509219,9098294.0,Carstensz Esports,10143761.0,Pandawa 5,19545,Lunar Trophy ,1100789.0,1.0,24,8,True,22.0
8821635292,1118,1779507053,9564888.0,Dominion,9850400.0,Teiko,18867,Ultras Dota Pro League  2025-26,1100773.0,1.0,20,9,True,22.0
8821582668,1882,1779502101,8849837.0,FALL VICTIMS,9005364.0,Night Vision,19201,Dota 2 Space League,1100729.0,1.0,19,37,False,22.0
8821573468,2515,1779501138,10089085.0,Rangoon,,,19752,Immigrant Night Club #1,0.0,0.0,36,39,False,22.0
8821561885,1551,1779500026,9005364.0,Night Vision,8849837.0,FALL VICTIMS,19201,Dota 2 Space League,1100729.0,1.0,20,29,False,22.0
8821537936,2258,1779497241,8849837.0,FALL VICTIMS,9005364.0,Night Vision,19201,Dota 2 Space League,1100729.0,1.0,34,45,False,22.0
8821528515,2641,1779496091,,,,,19752,Immigrant Night Club #1,0.0,0.0,23,30,True,22.0
8821516523,1535,1779494762,9048057.0,Vitality Warriors,8850016.0,FLYING FORTUNE,19201,Dota 2 Space League,1100715.0,1.0,30,16,True,22.0
8821496443,1641,1779492542,8850016.0,FLYING FORTUNE,9048057.0,Vitality Warriors,19201,Dota 2 Space League,1100715.0,1.0,20,35,False,22.0
8821495644,2391,1779492317,8774628.0,Pepegas,10089085.0,Rangoon,19752,Immigrant Night Club #1,1100714.0,0.0,18,39,False,22.0
8821469297,1969,1779489716,9025669.0,CrimsonSky,8957156.0,Silent killer,19201,Dota 2 Space League,1100693.0,1.0,40,37,True,22.0
8821441062,1722,1779487360,8957156.0,Silent killer,9025669.0,CrimsonSky,19201,Dota 2 Space League,1100693.0,1.0,13,25,False,22.0
8821408085,1813,1779484959,9025669.0,CrimsonSky,8957156.0,Silent killer,19201,Dota 2 Space League,1100693.0,1.0,27,34,False,22.0
8821368965,1678,1779482585,8850015.0,DARKNESS GAMING,8849850.0,HELLBEAR HEROES,19201,Dota 2 Space League,1100666.0,1.0,32,32,True,22.0
8821342421,2299,1779480963,10150413.0,Iron Wing,9467224.0,Aurora Gaming,19696,DreamLeague Season 29,1100638.0,1.0,26,36,False,22.0
8821323008,1650,1779480091,8849850.0,HELLBEAR HEROES,8850015.0,DARKNESS GAMING,19201,Dota 2 Space League,1100666.0,1.0,26,38,False,22.0
8821322997,2650,1779479884,10150345.0,Team Recrent,9705464.0,Team Solo,19742,BetBoom Streamers Battle 13,1100611.0,1.0,38,30,True,22.0
8821285367,3913,1779477875,,,10144212.0,Bot 5 yout,19752,Immigrant Night Club #1,0.0,0.0,38,33,True,22.0
8821280849,1419,1779477643,9088071.0,Eye Gaming ,9684245.0,Shinigami Gaming,18867,Ultras Dota Pro League  2025-26,1100625.0,1.0,38,14,True,22.0
8821255705,2626,1779476346,9467224.0,Aurora Gaming,10150413.0,Iron Wing,19696,DreamLeague Season 29,1100638.0,1.0,45,21,True,22.0
8821232902,2712,1779475192,10150345.0,Team Recrent,9705464.0,Team Solo,19742,BetBoom Streamers Battle 13,1100611.0,1.0,41,42,False,22.0
8821220450,1864,1779474600,9684245.0,Shinigami Gaming,9088071.0,Eye Gaming ,18867,Ultras Dota Pro League  2025-26,1100625.0,1.0,27,36,False,22.0
8821198439,2804,1779473467,9705439.0,Team Miposhka,9705469.0,Team By_Owl,19742,BetBoom Streamers Battle 13,1100512.0,1.0,23,19,False,22.0
8821169334,2026,1779472021,10020555.0,PlayTime,8255888.0,BoomBoys,19696,DreamLeague Season 29,,,25,11,True,
8821166443,1734,1779471876,10150345.0,Team Recrent,9705464.0,Team Solo,19742,BetBoom Streamers Battle 13,1100611.0,1.0,37,10,True,22.0
8821116314,2352,1779469495,10121883.0,Kiba Arms,10060977.0,Cinqueblinks,18867,Ultras Dota Pro League  2025-26,1100517.0,1.0,23,53,False,22.0
8821091534,1621,1779468327,9814269.0,Riftwalkers,9878494.0,LV United,18959,Destiny League,1100547.0,1.0,13,31,False,22.0
8821070409,4030,1779467329,9705469.0,Team By_Owl,9705439.0,Team Miposhka,19742,BetBoom Streamers Battle 13,1100512.0,1.0,37,53,True,22.0
8821069666,2046,1779467296,9731167.0,Team Stray,9705464.0,Team Solo,19742,BetBoom Streamers Battle 13,1100484.0,1.0,18,31,False,22.0
8821062142,1572,1779466955,10060977.0,Cinqueblinks,10121883.0,Kiba Arms,18867,Ultras Dota Pro League  2025-26,1100517.0,1.0,22,39,False,22.0
8821039753,4384,1779465963,10020555.0,PlayTime,8255888.0,BoomBoys,19696,DreamLeague Season 29,1100511.0,1.0,37,39,True,22.0
8821032703,1507,1779466011,9878494.0,LV United,9814269.0,Riftwalkers,18959,Destiny League,1100547.0,1.0,32,18,True,22.0
8820973718,1895,1779463138,9425656.0,LSG,2443375.0,Foxy gaming,18959,Destiny League,1100494.0,1.0,42,31,True,22.0
8820957479,2840,1779462434,9731167.0,Team Stray,9705464.0,Team Solo,19742,BetBoom Streamers Battle 13,1100484.0,1.0,44,52,True,22.0
8820955341,3243,1779462489,10121883.0,Kiba Arms,10060977.0,Cinqueblinks,18867,Ultras Dota Pro League  2025-26,1100517.0,1.0,57,61,False,22.0
8820943158,3322,1779461838,9705439.0,Team Miposhka,9705469.0,Team By_Owl,19742,BetBoom Streamers Battle 13,1100512.0,1.0,50,34,True,22.0
8820939983,2365,1779461704,10020555.0,PlayTime,8255888.0,BoomBoys,19696,DreamLeague Season 29,1100511.0,1.0,15,40,False,22.0
8820925611,1492,1779461127,2443375.0,Foxy gaming,9425656.0,LSG,18959,Destiny League,1100494.0,1.0,18,38,False,22.0
8820872319,1667,1779458810,9425656.0,LSG,2443375.0,Foxy gaming,18959,Destiny League,1100494.0,1.0,30,38,False,22.0
8820849827,1598,1779457762,9397016.0,Elite Eclipse,10121883.0,Kiba Arms,18867,Ultras Dota Pro League  2025-26,1100466.0,1.0,44,21,True,22.0
8820849326,2925,1779457740,9731167.0,Team Stray,9705464.0,Team Solo,19742,BetBoom Streamers Battle 13,1100484.0,1.0,33,43,False,22.0
8820821320,2421,1779456443,9705439.0,Team Miposhka,9705453.0,Team Nix,19742,BetBoom Streamers Battle 13,1100404.0,1.0,29,20,True,22.0
8820819206,1710,1779456366,8629315.0,Wiser Warriors,9768002.0,Lunar Vibes,18959,Destiny League,1100424.0,1.0,38,29,True,22.0
8820818407,1343,1779456302,,,,,18477,天蝉杯,0.0,0.0,11,39,False,22.0
8820807165,1577,1779455770,10144933.0,12.6个悠远火星小傻蛋,10150644.0,汤臣一品,19682,刀塔扭蛋杯,1100472.0,3.0,33,12,True,22.0
8820803699,3090,1779455650,10144969.0,兄弟DOTA,10150388.0,九州忠诚,19682,刀塔扭蛋杯,1100470.0,0.0,33,43,False,22.0
8820793201,1786,1779455110,10121883.0,Kiba Arms,9397016.0,Elite Eclipse,18867,Ultras Dota Pro League  2025-26,1100466.0,1.0,15,46,False,22.0
8820793189,2307,1779455109,10144963.0,我很强,10151159.0,法式可颂蛋挞,19682,刀塔扭蛋杯,1100468.0,0.0,55,14,True,22.0
8820791846,4250,1779455046,8261500.0,Xtreme Gaming,10150413.0,Iron Wing,19696,DreamLeague Season 29,1100407.0,1.0,27,47,False,22.0
8820786100,2295,1779454813,10144976.0,毒爆虫孵化池,10150707.0,蛋仔派对,19682,刀塔扭蛋杯,1100463.0,3.0,19,52,False,22.0
8820769828,1632,1779453946,9768002.0,Lunar Vibes,8629315.0,Wiser Warriors,18959,Destiny League,1100424.0,1.0,22,38,False,22.0
8820741060,1570,1779452402,8831040.0,Ghost Sheep,9593609.0,Nethercore,18867,Ultras Dota Pro League  2025-26,1100415.0,1.0,43,32,True,22.0
8820735915,2937,1779452116,,,,,18477,天蝉杯,0.0,0.0,36,32,True,22.0
8820728870,2448,1779451747,10144969.0,兄弟DOTA,10150388.0,九州忠诚,19682,刀塔扭蛋杯,1100435.0,0.0,24,30,False,22.0
8820726431,2282,1779451585,10151159.0,法式可颂蛋挞,10144963.0,我很强,19682,刀塔扭蛋杯,1100433.0,0.0,42,18,True,22.0
8820725821,2123,1779451575,10144976.0,毒爆虫孵化池,10150707.0,蛋仔派对,19682,刀塔扭蛋杯,1100432.0,3.0,13,45,False,22.0
8820723072,2612,1779451421,10150644.0,汤臣一品,10144933.0,12.6个悠远火星小傻蛋,19682,刀塔扭蛋杯,1100428.0,3.0,39,30,True,22.0
8820720523,1804,1779451595,8629315.0,Wiser Warriors,9768002.0,Lunar Vibes,18959,Destiny League,1100424.0,1.0,24,42,False,22.0
8820696424,3380,1779449823,10150413.0,Iron Wing,8261500.0,Xtreme Gaming,19696,DreamLeague Season 29,1100407.0,1.0,16,38,False,22.0
8820696401,4614,1779449821,9705439.0,Team Miposhka,9705453.0,Team Nix,19742,BetBoom Streamers Battle 13,1100404.0,1.0,49,38,True,22.0
8820663508,3103,1779448077,9593609.0,Nethercore,8831040.0,Ghost Sheep,18867,Ultras Dota Pro League  2025-26,1100415.0,1.0,35,50,False,22.0
8820624916,1674,1779444977,9593609.0,Nethercore,9397016.0,Elite Eclipse,18867,Ultras Dota Pro League  2025-26,1100394.0,1.0,40,18,True,22.0
8820617196,2885,1779444362,10144667.0,Velocity Viking,10102110.0,Satan666,19545,Lunar Trophy ,1100406.0,1.0,38,40,True,22.0
8820614299,3794,1779444142,8261500.0,Xtreme Gaming,10150413.0,Iron Wing,19696,DreamLeague Season 29,1100407.0,1.0,23,26,False,22.0
8820608312,1803,1779443726,9814269.0,Riftwalkers,2443375.0,Foxy gaming,18959,Destiny League,1100398.0,1.0,26,50,False,22.0
8820604330,3984,1779443378,9705453.0,Team Nix,9705439.0,Team Miposhka,19742,BetBoom Streamers Battle 13,1100404.0,1.0,45,36,True,22.0
8820581011,2255,1779441531,9593609.0,Nethercore,9397016.0,Elite Eclipse,18867,Ultras Dota Pro League  2025-26,1100394.0,1.0,32,54,False,22.0
8820574563,2052,1779441061,2443375.0,Foxy gaming,9814269.0,Riftwalkers,18959,Destiny League,1100398.0,1.0,43,41,True,22.0
8820546245,1729,1779438695,9397016.0,Elite Eclipse,9593609.0,Nethercore,18867,Ultras Dota Pro League  2025-26,1100394.0,1.0,19,23,False,22.0
8820541708,1583,1779438379,9426115.0,Dark Rebellion,10145429.0,The Last Titan,18959,Destiny League,1100390.0,1.0,24,36,False,22.0
8820532905,1619,1779437572,10102111.0,Satan666,10143761.0,Pandawa 5,19545,Lunar Trophy ,1100385.0,1.0,40,11,True,22.0
8820511359,1869,1779435770,10145429.0,The Last Titan,9426115.0,Dark Rebellion,18959,Destiny League,1100390.0,1.0,29,24,True,22.0
8820507505,1330,1779435442,9564441.0,Eye Gaming,9622426.0,Dominion,18867,Ultras Dota Pro League  2025-26,1100380.0,1.0,36,7,True,22.0
8820492145,1854,1779434217,10143761.0,Pandawa 5,10102111.0,Satan666,19545,Lunar Trophy ,1100385.0,1.0,12,25,False,22.0
8820486355,1907,1779433471,9878494.0,LV United,2443375.0,Foxy gaming,18959,Destiny League,1100372.0,1.0,45,30,True,22.0
8820480336,1835,1779432895,9425656.0,LSG,9768243.0,Night Force,18959,Destiny League,1100370.0,1.0,32,15,True,22.0
8820465319,2895,1779431404,9622426.0,Dominion,9564441.0,Eye Gaming,18867,Ultras Dota Pro League  2025-26,1100380.0,1.0,42,52,False,22.0
8820460295,1702,1779430957,2443375.0,Foxy gaming,9878494.0,LV United,18959,Destiny League,1100372.0,1.0,28,15,True,22.0
8820452334,1981,1779430106,9768243.0,Night Force,9425656.0,LSG,18959,Destiny League,1100370.0,1.0,41,29,True,22.0
8820434954,1728,1779428318,9995737.0,Eye Gaming,9729351.0,Dominion,18867,Ultras Dota Pro League  2025-26,1100373.0,1.0,38,36,False,22.0
8820433823,1894,1779428181,9878494.0,LV United,2443375.0,Foxy gaming,18959,Destiny League,1100372.0,1.0,50,23,True,22.0
8820430031,1652,1779427773,9425656.0,LSG,9768243.0,Night Force,18959,Destiny League,1100370.0,1.0,37,25,True,22.0
8820414536,1230,1779426047,10129693.0,D Family,9098294.0,Carstensz Esports,19545,Lunar Trophy ,1100355.0,1.0,6,34,False,22.0
8820410888,1579,1779425676,9814269.0,Riftwalkers,9768002.0,Lunar Vibes,18959,Destiny League,1100356.0,1.0,28,44,False,22.0
8820404877,1751,1779425046,8629315.0,Wiser Warriors,9767998.0,Nova Pulse,18959,Destiny League,1100352.0,1.0,36,34,False,22.0
8820391725,2456,1779423526,9677506.0,Shinigami Gaming,10116131.0,Elite Eclipse,18867,Ultras Dota Pro League  2025-26,1100344.0,1.0,32,35,False,22.0
8820387074,1695,1779423111,9768002.0,Lunar Vibes,9814269.0,Riftwalkers,18959,Destiny League,1100356.0,1.0,43,19,True,22.0
8820385385,1463,1779423216,10129693.0,D Family,9098294.0,Carstensz Esports,19545,Lunar Trophy ,1100355.0,1.0,15,34,False,22.0
8820384576,1549,1779422799,9767998.0,Nova Pulse,8629315.0,Wiser Warriors,18959,Destiny League,1100352.0,1.0,36,17,True,22.0
8820357055,2796,1779419726,10116131.0,Elite Eclipse,9677506.0,Shinigami Gaming,18867,Ultras Dota Pro League  2025-26,1100344.0,1.0,34,37,True,22.0
8820312279,1731,1779414628,8849837.0,FALL VICTIMS,8850015.0,DARKNESS GAMING,19201,Dota 2 Space League,1100247.0,1.0,33,42,False,22.0
8820292766,1799,1779412294,8850015.0,DARKNESS GAMING,8849837.0,FALL VICTIMS,19201,Dota 2 Space League,1100247.0,1.0,24,39,False,22.0
8820274423,1699,1779409918,8849837.0,FALL VICTIMS,8850015.0,DARKNESS GAMING,19201,Dota 2 Space League,1100247.0,1.0,30,35,False,22.0
8820263967,2851,1779408397,9492680.0,Germans Dorfers,,,19752,Immigrant Night Club #1,0.0,0.0,46,32,True,22.0
8820252166,1745,1779406821,9025669.0,CrimsonSky,9005364.0,Night Vision,19201,Dota 2 Space League,1100230.0,1.0,27,36,False,22.0
8820229352,1867,1779404045,9005364.0,Night Vision,9025669.0,CrimsonSky,19201,Dota 2 Space League,1100230.0,1.0,40,38,True,22.0
8820226559,3068,1779403658,10089085.0,Rangoon,8774628.0,Pepegas,19752,Immigrant Night Club #1,1100229.0,0.0,62,49,True,22.0
8820207336,1712,1779401615,8849850.0,HELLBEAR HEROES,9048057.0,Vitality Warriors,19201,Dota 2 Space League,1100221.0,1.0,36,20,True,22.0
8820179952,1957,1779399174,9048057.0,Vitality Warriors,8849850.0,HELLBEAR HEROES,19201,Dota 2 Space League,1100221.0,1.0,28,38,False,22.0
8820164228,3213,1779397771,10089085.0,Rangoon,,,19752,Immigrant Night Club #1,0.0,0.0,45,46,False,22.0
8820142649,2028,1779396175,8850016.0,FLYING FORTUNE,8957156.0,Silent killer,19201,Dota 2 Space League,1100202.0,1.0,35,33,True,22.0
8820112633,2034,1779394248,9493513.0,Shinigami Gaming,9467025.0,Dominion,18867,Ultras Dota Pro League  2025-26,1100157.0,1.0,25,64,False,22.0
8820106380,1610,1779393802,8957156.0,Silent killer,8850016.0,FLYING FORTUNE,19201,Dota 2 Space League,1100202.0,1.0,23,31,False,22.0
8820090629,4070,1779392766,7119388.0,Team Spirit,9467224.0,Aurora Gaming,19696,DreamLeague Season 29,1100135.0,1.0,46,33,True,22.0
8820061511,1907,1779391075,9493513.0,Shinigami Gaming,9467025.0,Dominion,18867,Ultras Dota Pro League  2025-26,1100157.0,1.0,43,26,True,22.0
8820044485,2052,1779390120,9705453.0,Team Nix,9731167.0,Team Stray,19742,BetBoom Streamers Battle 13,1100117.0,1.0,27,17,True,22.0
8820024534,4031,1779389007,,,10144212.0,Bot 5 yout,19752,Immigrant Night Club #1,0.0,0.0,62,58,False,22.0
8820011939,2492,1779388321,7119388.0,Team Spirit,9467224.0,Aurora Gaming,19696,DreamLeague Season 29,1100135.0,1.0,14,50,False,22.0
8820002580,2364,1779387857,9467025.0,Dominion,9493513.0,Shinigami Gaming,18867,Ultras Dota Pro League  2025-26,1100157.0,1.0,43,24,True,22.0
8819967376,2738,1779385961,9731167.0,Team Stray,9705453.0,Team Nix,19742,BetBoom Streamers Battle 13,1100117.0,1.0,32,47,False,22.0
8819933287,2059,1779384182,9467224.0,Aurora Gaming,7119388.0,Team Spirit,19696,DreamLeague Season 29,1100135.0,1.0,5,27,False,22.0
8819908411,2047,1779382915,10151331.0,Kiba Arms,9828921.0,Air Defence,18867,Ultras Dota Pro League  2025-26,1100111.0,1.0,33,45,False,22.0
8819879160,2715,1779381426,9705453.0,Team Nix,9731167.0,Team Stray,19742,BetBoom Streamers Battle 13,1100117.0,1.0,29,38,False,22.0
8819850771,1928,1779380066,9828921.0,Air Defence,10151331.0,Kiba Arms,18867,Ultras Dota Pro League  2025-26,1100111.0,1.0,39,30,True,22.0
8819831686,2477,1779379141,9247354.0,Team Falcons,9572001.0,TEAM VISION,19696,DreamLeague Season 29,1100062.0,1.0,22,36,False,22.0
8819827251,1726,1779378950,9768243.0,Night Force,8629315.0,Wiser Warriors,18959,Destiny League,1100079.0,1.0,18,24,False,22.0
8819782650,2310,1779376872,10150345.0,Team Recrent,9731167.0,Team Stray,19742,BetBoom Streamers Battle 13,1100043.0,1.0,41,19,True,22.0
8819780470,1786,1779376811,10144936.0,软柿子人身意外饱险,10150388.0,九州忠诚,19682,刀塔扭蛋杯,1100091.0,0.0,35,18,True,22.0
8819774206,1859,1779376535,8629315.0,Wiser Warriors,9768243.0,Night Force,18959,Destiny League,1100079.0,1.0,29,48,False,22.0
8819762321,1334,1779375963,9572001.0,TEAM VISION,9247354.0,Team Falcons,19696,DreamLeague Season 29,1100062.0,1.0,25,10,True,22.0
8819762318,1848,1779376049,10151331.0,Kiba Arms,9691942.0,Nethercore,18867,Ultras Dota Pro League  2025-26,1100088.0,1.0,26,47,False,22.0
8819718992,1790,1779374138,9768243.0,Night Force,8629315.0,Wiser Warriors,18959,Destiny League,1100079.0,1.0,13,36,False,22.0
8819693436,2501,1779372924,10151159.0,法式可颂蛋挞,10144936.0,软柿子人身意外饱险,19682,刀塔扭蛋杯,1100073.0,0.0,39,28,True,22.0
8819689056,2444,1779372735,9731167.0,Team Stray,10150345.0,Team Recrent,19742,BetBoom Streamers Battle 13,1100043.0,1.0,39,13,True,22.0
8819684238,1831,1779372618,,,,,19682,刀塔扭蛋杯,0.0,0.0,47,22,True,
8819679080,2353,1779372303,9593609.0,Nethercore,10151331.0,Kiba Arms,18867,Ultras Dota Pro League  2025-26,1100038.0,1.0,30,42,False,22.0
8819668769,1510,1779371865,9878494.0,LV United,9426115.0,Dark Rebellion,18959,Destiny League,1100045.0,1.0,19,32,False,22.0
8819659855,2523,1779371443,9247354.0,Team Falcons,9572001.0,TEAM VISION,19696,DreamLeague Season 29,1100062.0,1.0,23,16,True,22.0
8819642785,3694,1779370715,10150388.0,九州忠诚,9366802.0,超耐磨,19682,刀塔扭蛋杯,1100055.0,0.0,38,36,True,22.0
8819620981,1723,1779369706,9426115.0,Dark Rebellion,9878494.0,LV United,18959,Destiny League,1100045.0,1.0,31,26,True,22.0
8819615920,1572,1779369439,10150345.0,Team Recrent,9731167.0,Team Stray,19742,BetBoom Streamers Battle 13,1100043.0,1.0,37,8,True,22.0
8819610080,1997,1779369195,10144963.0,我很强,10151030.0,海南水果大亨,19682,刀塔扭蛋杯,1100042.0,0.0,13,45,False,
8819602464,2000,1779368831,10151331.0,Kiba Arms,9593609.0,Nethercore,18867,Ultras Dota Pro League  2025-26,1100038.0,1.0,24,46,False,22.0
8819598275,2893,1779368589,9705439.0,Team Miposhka,9705464.0,Team Solo,19742,BetBoom Streamers Battle 13,1100008.0,1.0,34,49,False,22.0
8819568649,1794,1779367128,9767998.0,Nova Pulse,9425656.0,LSG,18959,Destiny League,1100007.0,1.0,27,37,False,22.0
8819567441,2546,1779367081,10150354.0,你也想喝酒吗,10144933.0,12.6个悠远火星小傻蛋,19682,刀塔扭蛋杯,1100028.0,3.0,21,46,False,22.0
8819567063,2381,1779367071,9366802.0,超耐磨,10150388.0,九州忠诚,19682,刀塔扭蛋杯,1100027.0,0.0,26,37,False,22.0
8819562731,4190,1779366971,10144936.0,软柿子人身意外饱险,10151159.0,法式可颂蛋挞,19682,刀塔扭蛋杯,1100026.0,0.0,53,69,False,22.0
8819559937,2437,1779366664,10020555.0,PlayTime,36.0,Natus Vincere,19696,DreamLeague Season 29,1099987.0,1.0,40,13,True,22.0
8819528185,2013,1779365087,9729268.0,Teiko,8831040.0,Ghost Sheep,18867,Ultras Dota Pro League  2025-26,1100000.0,1.0,28,41,False,22.0
8819527424,2085,1779364926,9705439.0,Team Miposhka,9705464.0,Team Solo,19742,BetBoom Streamers Battle 13,1100008.0,1.0,13,31,False,22.0
8819527134,1580,1779364947,9425656.0,LSG,9767998.0,Nova Pulse,18959,Destiny League,1100007.0,1.0,27,18,True,22.0
8819501351,2698,1779363361,10144667.0,Velocity Viking,10143743.0,Shark Squad,19545,Lunar Trophy ,1099992.0,1.0,54,24,True,22.0
8819495809,986,1779363013,9729268.0,Teiko,8831040.0,Ghost Sheep,18867,Ultras Dota Pro League  2025-26,1100000.0,1.0,5,37,False,22.0
8819488294,2337,1779362527,10020555.0,PlayTime,36.0,Natus Vincere,19696,DreamLeague Season 29,1099987.0,1.0,48,13,True,22.0
8819441866,2478,1779359329,10144667.0,Velocity Viking,10143743.0,Shark Squad,19545,Lunar Trophy ,1099992.0,1.0,29,42,False,22.0
8819436455,3633,1779358922,10150345.0,Team Recrent,9705453.0,Team Nix,19742,BetBoom Streamers Battle 13,1099668.0,1.0,34,36,True,22.0
8819423423,1988,1779357959,8629315.0,Wiser Warriors,9768002.0,Lunar Vibes,18959,Destiny League,1099986.0,1.0,41,30,True,22.0
8819420464,2716,1779358029,8831040.0,Ghost Sheep,9628678.0,Teiko,18867,Ultras Dota Pro League  2025-26,1099988.0,1.0,46,36,False,22.0
8819416362,3423,1779357359,36.0,Natus Vincere,10020555.0,PlayTime,19696,DreamLeague Season 29,1099987.0,1.0,31,41,True,22.0
8819390643,1944,1779355320,9768002.0,Lunar Vibes,8629315.0,Wiser Warriors,18959,Destiny League,1099986.0,1.0,28,29,False,22.0
8819378772,2153,1779354494,9885310.0,Roar,9098294.0,Carstensz Esports,19545,Lunar Trophy ,1099976.0,1.0,17,29,False,22.0
8819370468,1951,1779353514,8831040.0,Ghost Sheep,9593609.0,Nethercore,18867,Ultras Dota Pro League  2025-26,1099982.0,1.0,61,23,True,22.0
8819363984,1336,1779353026,9768243.0,Night Force,9814269.0,Riftwalkers,18959,Destiny League,1099977.0,1.0,4,26,False,22.0
8819340694,1396,1779350902,9814269.0,Riftwalkers,9768243.0,Night Force,18959,Destiny League,1099977.0,1.0,37,19,True,22.0
8819338881,1504,1779350812,9593609.0,Nethercore,8831040.0,Ghost Sheep,18867,Ultras Dota Pro League  2025-26,1099982.0,1.0,31,59,False,22.0
8819337568,2260,1779350595,9885310.0,Roar,9098294.0,Carstensz Esports,19545,Lunar Trophy ,,,16,37,False,
8819311079,2262,1779348098,9768243.0,Night Force,9814269.0,Riftwalkers,18959,Destiny League,1099977.0,1.0,49,31,True,22.0
8819301434,1784,1779347312,9885310.0,Roar,9098294.0,Carstensz Esports,19545,Lunar Trophy ,1099976.0,1.0,39,10,True,22.0
8819297636,1960,1779347073,9593609.0,Nethercore,10047415.0,Elite Eclipse,18867,Ultras Dota Pro League  2025-26,1099965.0,1.0,53,32,True,22.0
8819280949,2107,1779345078,9425656.0,LSG,2443375.0,Foxy gaming,18959,Destiny League,1099969.0,1.0,45,30,True,22.0
8819276633,2156,1779344528,10145429.0,The Last Titan,9426115.0,Dark Rebellion,18959,Destiny League,1099968.0,1.0,29,43,False,22.0
8819263810,2550,1779343074,10047415.0,Elite Eclipse,9593609.0,Nethercore,18867,Ultras Dota Pro League  2025-26,1099965.0,1.0,37,25,True,22.0
8819257280,2021,1779342423,2443375.0,Foxy gaming,9425656.0,LSG,18959,Destiny League,1099969.0,1.0,27,31,False,22.0
8819253458,1800,1779341950,9426115.0,Dark Rebellion,10145429.0,The Last Titan,18959,Destiny League,1099968.0,1.0,40,24,True,22.0
8819252522,1841,1779341799,10144667.0,Velocity Viking,10143761.0,Pandawa 5,19545,Lunar Trophy ,,,44,25,True,22.0
8819237648,1553,1779340132,9593609.0,Nethercore,10047415.0,Elite Eclipse,18867,Ultras Dota Pro League  2025-26,1099965.0,1.0,31,27,True,22.0
8819231640,1706,1779339460,9767998.0,Nova Pulse,9878494.0,LV United,18959,Destiny League,1099959.0,1.0,22,35,False,22.0
8819229540,1558,1779339193,8629315.0,Wiser Warriors,9814269.0,Riftwalkers,18959,Destiny League,1099958.0,1.0,26,44,False,22.0
8819219935,2078,1779338169,10143761.0,Pandawa 5,10144667.0,Velocity Viking,19545,Lunar Trophy ,,,17,37,False,22.0
8819208603,2155,1779336757,9895818.0,Eye Gaming,9628678.0,Teiko,18867,Ultras Dota Pro League  2025-26,1099953.0,1.0,19,42,False,22.0
8819207213,2086,1779336675,9878494.0,LV United,9767998.0,Nova Pulse,18959,Destiny League,1099959.0,1.0,35,18,True,22.0
8819206941,1667,1779336610,9814269.0,Riftwalkers,8629315.0,Wiser Warriors,18959,Destiny League,1099958.0,1.0,39,23,True,22.0
8819189113,1802,1779334517,8850015.0,DARKNESS GAMING,9048057.0,Vitality Warriors,19201,Dota 2 Space League,1099943.0,1.0,27,37,False,22.0
8819178921,2157,1779333335,9628678.0,Teiko,9895818.0,Eye Gaming,18867,Ultras Dota Pro League  2025-26,1099953.0,1.0,41,20,True,22.0
8819168589,1923,1779332073,9048057.0,Vitality Warriors,8850015.0,DARKNESS GAMING,19201,Dota 2 Space League,1099943.0,1.0,45,22,True,22.0
8819142994,2106,1779329290,8850015.0,DARKNESS GAMING,9048057.0,Vitality Warriors,19201,Dota 2 Space League,1099943.0,1.0,38,38,True,22.0
8819127257,1438,1779327046,8849850.0,HELLBEAR HEROES,8957156.0,Silent killer,19201,Dota 2 Space League,1099905.0,1.0,23,20,True,22.0
8819118399,2910,1779325802,,,10089085.0,Rangoon,19752,Immigrant Night Club #1,0.0,0.0,60,39,True,22.0
8819109639,1806,1779324656,8957156.0,Silent killer,8849850.0,HELLBEAR HEROES,19201,Dota 2 Space League,1099905.0,1.0,34,23,True,22.0
8819084037,1561,1779322118,8849850.0,HELLBEAR HEROES,8957156.0,Silent killer,19201,Dota 2 Space League,1099905.0,1.0,39,24,True,22.0
8819082550,2442,1779321509,,,,,19752,Immigrant Night Club #1,0.0,0.0,38,35,False,22.0
8819068226,1628,1779319598,8849837.0,FALL VICTIMS,9025669.0,CrimsonSky,19201,Dota 2 Space League,1099892.0,1.0,15,33,False,22.0
8819055379,2212,1779317871,,,,,19752,Immigrant Night Club #1,0.0,0.0,40,30,True,22.0
8819047194,1868,1779316994,9025669.0,CrimsonSky,8849837.0,FALL VICTIMS,19201,Dota 2 Space League,1099892.0,1.0,36,25,True,22.0
8819025290,1701,1779314372,8849837.0,FALL VICTIMS,9025669.0,CrimsonSky,19201,Dota 2 Space League,1099892.0,1.0,34,19,True,22.0
8819004971,2869,1779312399,,,,,19752,Immigrant Night Club #1,0.0,0.0,39,43,True,22.0
8818995688,1602,1779311695,8850016.0,FLYING FORTUNE,9005364.0,Night Vision,19201,Dota 2 Space League,1099869.0,1.0,33,28,True,22.0
8818967604,1526,1779309516,9005364.0,Night Vision,8850016.0,FLYING FORTUNE,19201,Dota 2 Space League,1099869.0,1.0,26,17,True,22.0
8818947976,4489,1779308112,8261500.0,Xtreme Gaming,2163.0,Team Liquid,19696,DreamLeague Season 29,1099821.0,1.0,55,36,True,22.0
8818932366,2387,1779307116,,,10144212.0,Bot 5 yout,19752,Immigrant Night Club #1,0.0,0.0,47,20,True,22.0
8818928573,1679,1779307219,8850016.0,FLYING FORTUNE,9005364.0,Night Vision,19201,Dota 2 Space League,1099869.0,1.0,25,21,True,22.0
8818882603,2159,1779304202,8261500.0,Xtreme Gaming,2163.0,Team Liquid,19696,DreamLeague Season 29,1099821.0,1.0,15,28,False,22.0
8818832130,2121,1779301434,9729268.0,Teiko,10144754.0,Air Defence,18867,Ultras Dota Pro League  2025-26,1099834.0,1.0,58,29,True,22.0
8818801707,2648,1779299825,2163.0,Team Liquid,8261500.0,Xtreme Gaming,19696,DreamLeague Season 29,1099821.0,1.0,16,31,False,22.0
8818770046,2032,1779298217,9530716.0,Air Defence,9628678.0,Teiko,18867,Ultras Dota Pro League  2025-26,1099811.0,1.0,36,33,False,22.0
8818701153,2777,1779294663,726228.0,Vici Gaming,8255888.0,BoomBoys,19696,DreamLeague Season 29,1099727.0,1.0,14,38,False,22.0
8818683165,1872,1779293816,9768002.0,Lunar Vibes,9878494.0,LV United,18959,Destiny League,1099759.0,1.0,36,26,True,22.0
8818669771,2944,1779293134,9828921.0,Air Defence,10060977.0,Cinqueblinks,18867,Ultras Dota Pro League  2025-26,1099758.0,1.0,39,53,False,22.0
8818634245,1666,1779291491,9878494.0,LV United,9768002.0,Lunar Vibes,18959,Destiny League,1099759.0,1.0,40,28,True,22.0
8818592824,3144,1779289626,8255888.0,BoomBoys,726228.0,Vici Gaming,19696,DreamLeague Season 29,1099727.0,1.0,22,30,False,22.0
8818588242,3121,1779289450,10150388.0,九州忠诚,9580444.0,PSG.LGD,19682,刀塔扭蛋杯,1099760.0,0.0,43,29,True,22.0
8818581693,1660,1779289191,9768002.0,Lunar Vibes,9878494.0,LV United,18959,Destiny League,1099759.0,1.0,38,26,True,22.0
8818579433,2514,1779289206,10060977.0,Cinqueblinks,9828921.0,Air Defence,18867,Ultras Dota Pro League  2025-26,1099758.0,1.0,65,44,True,22.0
8818537526,2316,1779287243,,,,,19682,刀塔扭蛋杯,0.0,0.0,36,23,True,22.0
8818522672,1690,1779286653,9768243.0,Night Force,9425656.0,LSG,18959,Destiny League,1099726.0,1.0,26,36,False,22.0
8818488724,1507,1779285174,10060977.0,Cinqueblinks,9729268.0,Teiko,18867,Ultras Dota Pro League  2025-26,1099716.0,1.0,23,40,False,22.0
8818483320,2039,1779284972,9580444.0,PSG.LGD,10144936.0,软柿子人身意外饱险,19682,刀塔扭蛋杯,1099730.0,0.0,13,36,False,22.0
8818469042,3377,1779284341,726228.0,Vici Gaming,8255888.0,BoomBoys,19696,DreamLeague Season 29,1099727.0,1.0,25,29,False,22.0
8818468530,1797,1779284361,9425656.0,LSG,9768243.0,Night Force,18959,Destiny League,1099726.0,1.0,44,20,True,22.0
8818431769,1496,1779282746,9729268.0,Teiko,10060977.0,Cinqueblinks,18867,Ultras Dota Pro League  2025-26,1099716.0,1.0,34,7,True,22.0
8818431437,2789,1779282688,,,,,19682,刀塔扭蛋杯,0.0,0.0,36,37,False,22.0
8818422015,1967,1779282299,9366802.0,超耐磨,10144933.0,12.6个悠远火星小傻蛋,19682,刀塔扭蛋杯,1099713.0,3.0,20,30,False,22.0
8818410393,1626,1779281762,9814269.0,Riftwalkers,9426115.0,Dark Rebellion,18959,Destiny League,1099679.0,1.0,19,41,False,22.0
8818389860,2831,1779280728,10144936.0,软柿子人身意外饱险,10150388.0,九州忠诚,19682,刀塔扭蛋杯,1099701.0,0.0,51,41,True,22.0
8818374350,3494,1779279947,10150644.0,汤臣一品,10144938.0,蛋仔派对,19682,刀塔扭蛋杯,1099695.0,0.0,63,55,False,22.0
8818365999,2386,1779279485,9895392.0,Virtus.pro,10150413.0,Iron Wing,19696,DreamLeague Season 29,,,18,29,False,
8818351589,1886,1779278712,10102111.0,Satan666,9098294.0,Carstensz Esports,19545,Lunar Trophy ,1096660.0,1.0,12,47,False,22.0
8818350858,2173,1779279068,9426115.0,Dark Rebellion,9814269.0,Riftwalkers,18959,Destiny League,1099679.0,1.0,41,44,True,22.0
8818302007,2451,1779275739,9705453.0,Team Nix,10150345.0,Team Recrent,19742,BetBoom Streamers Battle 13,1099668.0,1.0,40,25,True,22.0
8818298714,2091,1779275526,9895392.0,Virtus.pro,10150413.0,Iron Wing,19696,DreamLeague Season 29,1099664.0,1.0,14,35,False,22.0
8818289816,2222,1779275134,9098294.0,Carstensz Esports,10102110.0,Satan666,19545,Lunar Trophy ,1099672.0,1.0,47,18,True,22.0
8818282333,2351,1779274443,8831040.0,Ghost Sheep,9593609.0,Nethercore,18867,Ultras Dota Pro League  2025-26,1099666.0,1.0,38,54,False,22.0
8818252504,1577,1779272274,10150345.0,Team Recrent,9705453.0,Team Nix,19742,BetBoom Streamers Battle 13,1099668.0,1.0,36,7,True,22.0
8818248471,1985,1779272057,9768002.0,Lunar Vibes,2443375.0,Foxy gaming,18959,Destiny League,1099663.0,1.0,33,39,True,22.0
8818245437,1807,1779271731,9593609.0,Nethercore,8831040.0,Ghost Sheep,18867,Ultras Dota Pro League  2025-26,1099666.0,1.0,64,28,True,22.0
8818236072,2630,1779270970,10150413.0,Iron Wing,9895392.0,Virtus.pro,19696,DreamLeague Season 29,1099664.0,1.0,9,35,False,22.0
8818212309,2338,1779269044,2443375.0,Foxy gaming,9768002.0,Lunar Vibes,18959,Destiny League,1099663.0,1.0,35,32,False,22.0
8818208600,3724,1779268850,9885310.0,Roar,10102111.0,Satan666,19545,Lunar Trophy ,1099659.0,1.0,28,32,False,22.0
8818178742,2124,1779266129,9768243.0,Night Force,9878494.0,LV United,18959,Destiny League,1099652.0,1.0,54,28,True,22.0
8818174848,1314,1779265743,9593609.0,Nethercore,9729268.0,Teiko,18867,Ultras Dota Pro League  2025-26,1099656.0,1.0,32,14,True,22.0
8818171063,1985,1779265409,9885310.0,Roar,10102111.0,Satan666,19545,Lunar Trophy ,1099659.0,1.0,27,10,True,22.0
8818161773,1409,1779264652,9814269.0,Riftwalkers,9768002.0,Lunar Vibes,18959,Destiny League,1099649.0,1.0,33,13,True,22.0
8818146483,2272,1779263294,9878494.0,LV United,9768243.0,Night Force,18959,Destiny League,1099652.0,1.0,33,67,False,22.0
8818137357,2286,1779262538,9729268.0,Teiko,9593609.0,Nethercore,18867,Ultras Dota Pro League  2025-26,1099656.0,1.0,25,41,False,22.0
8818133422,1907,1779262048,9768002.0,Lunar Vibes,9814269.0,Riftwalkers,18959,Destiny League,1099649.0,1.0,44,32,True,22.0
8818118858,2603,1779260698,9885310.0,Roar,10102110.0,Satan666,19545,Lunar Trophy ,1099653.0,1.0,30,32,False,22.0
8818117983,2015,1779260523,9768243.0,Night Force,9878494.0,LV United,18959,Destiny League,1099652.0,1.0,29,43,False,22.0
8818103189,2111,1779259035,9814269.0,Riftwalkers,9768002.0,Lunar Vibes,18959,Destiny League,1099649.0,1.0,40,41,True,22.0
8818092066,2404,1779257805,9482420.0,Eye Gaming,10122651.0,Dominion,18867,Ultras Dota Pro League  2025-26,1099648.0,1.0,25,37,False,22.0
8818087400,2080,1779257326,9425656.0,LSG,10145429.0,The Last Titan,18959,Destiny League,1099642.0,1.0,32,29,True,22.0
8818078724,1726,1779256395,2443375.0,Foxy gaming,9768243.0,Night Force,18959,Destiny League,1099634.0,1.0,38,18,True,22.0
8818075388,2222,1779255989,10129133.0,Savage Wolves,10144667.0,Velocity Viking,19545,Lunar Trophy ,1099632.0,1.0,41,21,True,22.0
8818065763,1659,1779254965,10145429.0,The Last Titan,9425656.0,LSG,18959,Destiny League,1099642.0,1.0,13,24,False,22.0
8818055373,2992,1779253834,9564888.0,Dominion,9482420.0,Eye Gaming,18867,Ultras Dota Pro League  2025-26,1099640.0,1.0,44,34,True,22.0
8818051275,2299,1779253332,9768243.0,Night Force,2443375.0,Foxy gaming,18959,Destiny League,1099634.0,1.0,41,45,True,22.0
8818042689,1580,1779252424,9426115.0,Dark Rebellion,8629315.0,Wiser Warriors,18959,Destiny League,1099631.0,1.0,32,21,True,22.0
8818033781,2796,1779251402,10129133.0,Savage Wolves,10144667.0,Velocity Viking,19545,Lunar Trophy ,1099632.0,1.0,42,25,True,22.0
8818025683,1862,1779250560,2443375.0,Foxy gaming,9768243.0,Night Force,18959,Destiny League,1099634.0,1.0,46,31,True,22.0
8818019628,1843,1779249854,8629315.0,Wiser Warriors,9426115.0,Dark Rebellion,18959,Destiny League,1099631.0,1.0,23,33,False,22.0
8817971450,1753,1779244419,9025669.0,CrimsonSky,8850016.0,FLYING FORTUNE,19201,Dota 2 Space League,1099588.0,1.0,38,38,False,22.0
8817953170,1596,1779242320,8850016.0,FLYING FORTUNE,9025669.0,CrimsonSky,19201,Dota 2 Space League,1099588.0,1.0,18,31,False,22.0
8817932021,1817,1779239902,9025669.0,CrimsonSky,8850016.0,FLYING FORTUNE,19201,Dota 2 Space League,1099588.0,1.0,30,36,False,22.0
8817931947,3560,1779239635,10144212.0,Bot 5 yout,,,19752,Immigrant Night Club #1,0.0,0.0,40,42,True,22.0
8817913556,1715,1779237264,8849850.0,HELLBEAR HEROES,9005364.0,Night Vision,19201,Dota 2 Space League,1099562.0,1.0,23,32,False,22.0
8817898661,2170,1779235227,9731156.0,Team TpaBoMaH,9705464.0,Team Solo,19742,BetBoom Streamers Battle 13,1099548.0,1.0,23,69,False,22.0
8817895342,1930,1779234909,9005364.0,Night Vision,8849850.0,HELLBEAR HEROES,19201,Dota 2 Space League,1099562.0,1.0,34,29,True,22.0
8817893825,2754,1779234561,,,10144212.0,Bot 5 yout,19752,Immigrant Night Club #1,0.0,0.0,28,49,False,22.0
8817874686,1958,1779232159,8850015.0,DARKNESS GAMING,8957156.0,Silent killer,19201,Dota 2 Space League,1099553.0,1.0,35,41,False,22.0
8817867639,2365,1779231196,9731156.0,Team TpaBoMaH,9705464.0,Team Solo,19742,BetBoom Streamers Battle 13,1099548.0,1.0,18,48,False,22.0
8817861167,2659,1779230393,,,10144212.0,Bot 5 yout,19752,Immigrant Night Club #1,0.0,0.0,27,52,False,22.0
8817857386,1713,1779229974,8957156.0,Silent killer,8850015.0,DARKNESS GAMING,19201,Dota 2 Space League,1099553.0,1.0,32,18,True,22.0
8817833841,2187,1779227464,9705464.0,Team Solo,9731156.0,Team TpaBoMaH,19742,BetBoom Streamers Battle 13,1099548.0,1.0,28,44,False,22.0
8817827665,2185,1779226930,9048057.0,Vitality Warriors,8849837.0,FALL VICTIMS,19201,Dota 2 Space League,1099530.0,1.0,35,45,False,22.0
8817782397,2332,1779223171,8849837.0,FALL VICTIMS,9048057.0,Vitality Warriors,19201,Dota 2 Space League,1099530.0,1.0,49,45,True,22.0
8817764688,3998,1779221931,9705469.0,Team By_Owl,9705439.0,Team Miposhka,19742,BetBoom Streamers Battle 13,1099479.0,1.0,30,37,False,22.0
8817760291,2794,1779221640,9467224.0,Aurora Gaming,36.0,Natus Vincere,19696,DreamLeague Season 29,1099484.0,1.0,49,19,True,22.0
8817747189,1741,1779220839,9048057.0,Vitality Warriors,8849837.0,FALL VICTIMS,19201,Dota 2 Space League,1099530.0,1.0,34,22,True,22.0
8817707313,2671,1779218433,9729342.0,Elite Eclipse,9995737.0,Eye Gaming,18867,Ultras Dota Pro League  2025-26,1099509.0,1.0,49,48,False,22.0
8817674131,3099,1779216649,9705439.0,Team Miposhka,9705469.0,Team By_Owl,19742,BetBoom Streamers Battle 13,1099479.0,1.0,27,31,False,22.0
8817670980,2959,1779216480,9467224.0,Aurora Gaming,36.0,Natus Vincere,19696,DreamLeague Season 29,1099484.0,1.0,35,16,True,22.0
8817614909,1623,1779213598,10007804.0,Eye Gaming,9729342.0,Elite Eclipse,18867,Ultras Dota Pro League  2025-26,1099490.0,1.0,36,22,True,22.0
8817588541,2484,1779212129,36.0,Natus Vincere,9467224.0,Aurora Gaming,19696,DreamLeague Season 29,1099484.0,1.0,42,25,True,22.0
8817563763,3305,1779210852,9705439.0,Team Miposhka,9705469.0,Team By_Owl,19742,BetBoom Streamers Battle 13,1099479.0,1.0,44,28,True,22.0
8817548716,2554,1779210077,9705442.0,Team NS,9705453.0,Team Nix,19742,BetBoom Streamers Battle 13,1099436.0,1.0,35,44,False,22.0
8817528130,2099,1779209034,10060977.0,Cinqueblinks,9828921.0,Air Defence,18867,Ultras Dota Pro League  2025-26,1099459.0,1.0,77,49,True,22.0
8817480844,2801,1779206760,9572001.0,TEAM VISION,2163.0,Team Liquid,19696,DreamLeague Season 29,1099398.0,1.0,21,13,True,22.0
8817469961,2032,1779206291,10145429.0,The Last Titan,9767998.0,Nova Pulse,18959,Destiny League,1099444.0,1.0,53,54,False,22.0
8817469238,2325,1779206213,9705442.0,Team NS,9705453.0,Team Nix,19742,BetBoom Streamers Battle 13,1099436.0,1.0,44,14,True,22.0
8817462546,1883,1779205887,10060977.0,Cinqueblinks,9828921.0,Air Defence,18867,Ultras Dota Pro League  2025-26,1099459.0,1.0,58,39,True,22.0
8817437213,1826,1779204726,7119388.0,Team Spirit,8255888.0,BoomBoys,19696,DreamLeague Season 29,1099424.0,1.0,37,10,True,22.0
8817426648,2682,1779204249,9705469.0,Team By_Owl,9705464.0,Team Solo,19742,BetBoom Streamers Battle 13,1099432.0,1.0,36,36,True,22.0
8817408741,2053,1779203529,9767998.0,Nova Pulse,10145429.0,The Last Titan,18959,Destiny League,1099444.0,1.0,57,51,True,22.0
8817398279,1623,1779203237,9530716.0,Air Defence,10060977.0,Cinqueblinks,18867,Ultras Dota Pro League  2025-26,1099441.0,1.0,54,19,True,22.0
8817369108,2168,1779201837,,,,,19682,刀塔扭蛋杯,0.0,0.0,31,47,False,22.0
8817364827,3120,1779201660,9572001.0,TEAM VISION,2163.0,Team Liquid,19696,DreamLeague Season 29,1099398.0,1.0,42,45,False,22.0
8817358277,2501,1779201403,9705442.0,Team NS,9705453.0,Team Nix,19742,BetBoom Streamers Battle 13,1099436.0,1.0,18,43,False,22.0
8817349736,1590,1779201128,2443375.0,Foxy gaming,9878494.0,LV United,18959,Destiny League,1099418.0,1.0,21,32,False,22.0
8817348608,1959,1779201030,9705464.0,Team Solo,9705469.0,Team By_Owl,19742,BetBoom Streamers Battle 13,1099432.0,1.0,12,35,False,22.0
8817309538,3330,1779199524,7119388.0,Team Spirit,8255888.0,BoomBoys,19696,DreamLeague Season 29,1099424.0,1.0,37,28,True,22.0
8817295124,1663,1779198965,9878494.0,LV United,2443375.0,Foxy gaming,18959,Destiny League,1099418.0,1.0,43,19,True,22.0
8817282917,1516,1779198421,9636142.0,Ghost Sheep,10060977.0,Cinqueblinks,18867,Ultras Dota Pro League  2025-26,1086678.0,1.0,32,14,True,22.0
8817279265,754,1779198302,10150388.0,九州忠诚,9980793.0,莲陈诀,19682,刀塔扭蛋杯,1099413.0,0.0,12,7,True,22.0
8817271555,2084,1779197971,,,,,19682,刀塔扭蛋杯,0.0,0.0,40,19,True,22.0
8817263998,3052,1779197745,9240401.0,Mango,10144936.0,软柿子人身意外饱险,19682,刀塔扭蛋杯,1099406.0,0.0,43,23,True,22.0
8817248835,2560,1779197100,2163.0,Team Liquid,9572001.0,TEAM VISION,19696,DreamLeague Season 29,1099398.0,1.0,23,38,False,22.0
8817231796,1728,1779196570,9768243.0,Night Force,8629315.0,Wiser Warriors,18959,Destiny League,1099345.0,1.0,24,39,False,22.0
8817224192,3010,1779196089,10144933.0,12.6个悠远火星小傻蛋,,,19682,刀塔扭蛋杯,0.0,0.0,34,42,False,22.0
8817218324,1129,1779196331,10060977.0,Cinqueblinks,8831040.0,Ghost Sheep,18867,Ultras Dota Pro League  2025-26,1099385.0,1.0,7,29,False,22.0
8817198524,2157,1779194991,9980793.0,莲陈诀,10150388.0,九州忠诚,19682,刀塔扭蛋杯,1099380.0,0.0,18,33,False,22.0
8817187267,2252,1779194492,10150354.0,你也想喝酒吗,,,19682,刀塔扭蛋杯,0.0,0.0,26,38,False,22.0
8817185977,1405,1779194448,8629315.0,Wiser Warriors,9768243.0,Night Force,18959,Destiny League,1099345.0,1.0,11,33,False,22.0
8817157032,1857,1779193077,10144969.0,兄弟DOTA,10144933.0,12.6个悠远火星小傻蛋,19682,刀塔扭蛋杯,1099359.0,3.0,18,34,False,22.0
8817145578,3581,1779192479,10150413.0,Iron Wing,9247354.0,Team Falcons,19696,DreamLeague Season 29,1099328.0,1.0,30,43,False,22.0
8817145120,1716,1779192454,9718665.0,Eye Gaming,9773195.0,Shinigami Gaming,18867,Ultras Dota Pro League  2025-26,1099336.0,1.0,33,19,True,22.0
8817136160,1550,1779192021,9768243.0,Night Force,8629315.0,Wiser Warriors,18959,Destiny League,1099345.0,1.0,18,31,False,22.0
8817113156,2813,1779190767,10144976.0,毒爆虫孵化池,10150388.0,九州忠诚,19682,刀塔扭蛋杯,1099342.0,0.0,36,45,False,22.0
8817110736,1358,1779190587,10129133.0,Savage Wolves,9098294.0,Carstensz Esports,19545,Lunar Trophy ,1099327.0,1.0,11,43,False,22.0
8817092964,2976,1779189550,9705442.0,Team NS,10150345.0,Team Recrent,19742,BetBoom Streamers Battle 13,1099337.0,1.0,46,30,True,22.0
8817092900,1664,1779189580,9773195.0,Shinigami Gaming,9718665.0,Eye Gaming,18867,Ultras Dota Pro League  2025-26,1099336.0,1.0,29,49,False,22.0
8817065807,1586,1779187824,10129133.0,Savage Wolves,9098294.0,Carstensz Esports,19545,Lunar Trophy ,1099327.0,1.0,7,42,False,22.0
8817062805,2738,1779187621,9247354.0,Team Falcons,10150413.0,Iron Wing,19696,DreamLeague Season 29,1099328.0,1.0,29,21,True,22.0
8817032614,2301,1779185432,10014708.0,Eye Gaming,9593609.0,Nethercore,18867,Ultras Dota Pro League  2025-26,1099321.0,1.0,37,49,False,22.0
8817018487,1825,1779184391,9768002.0,Lunar Vibes,9425656.0,LSG,18959,Destiny League,1099320.0,1.0,28,26,True,22.0
8817010549,2196,1779183792,10143761.0,Pandawa 5,9885310.0,Roar,19545,Lunar Trophy ,1099313.0,1.0,34,46,False,22.0
8817003472,1267,1779183155,9593609.0,Nethercore,10014708.0,Eye Gaming,18867,Ultras Dota Pro League  2025-26,1099321.0,1.0,38,9,True,22.0
8816986784,1864,1779181905,9425656.0,LSG,9768002.0,Lunar Vibes,18959,Destiny League,1099320.0,1.0,23,26,False,22.0
8816968830,2159,1779180262,9885310.0,Roar,10143761.0,Pandawa 5,19545,Lunar Trophy ,1099313.0,1.0,41,18,True,22.0
8816953899,1633,1779179139,9767998.0,Nova Pulse,9814269.0,Riftwalkers,18959,Destiny League,1099314.0,1.0,28,18,True,22.0
8816947120,2422,1779178528,10061030.0,Nethercore,9684245.0,Shinigami Gaming,18867,Ultras Dota Pro League  2025-26,1099316.0,1.0,29,45,False,22.0
8816922706,2113,1779176391,9814269.0,Riftwalkers,9767998.0,Nova Pulse,18959,Destiny League,1099314.0,1.0,29,37,False,22.0
8816908798,2200,1779175286,9885310.0,Roar,10143761.0,Pandawa 5,19545,Lunar Trophy ,1099313.0,1.0,24,34,False,22.0
8816907930,2349,1779175066,9593609.0,Nethercore,9684245.0,Shinigami Gaming,18867,Ultras Dota Pro League  2025-26,1099312.0,1.0,17,53,False,22.0
8816897920,1439,1779174194,10145429.0,The Last Titan,8629315.0,Wiser Warriors,18959,Destiny League,1099302.0,1.0,10,30,False,22.0
8816896388,2028,1779174006,9425656.0,LSG,9878494.0,LV United,18959,Destiny League,1099306.0,1.0,39,52,False,22.0
8816871006,1529,1779171603,9878494.0,LV United,9425656.0,LSG,18959,Destiny League,1099306.0,1.0,38,10,True,22.0
8816870924,1931,1779171602,8629315.0,Wiser Warriors,10145429.0,The Last Titan,18959,Destiny League,1099302.0,1.0,31,22,True,22.0
8816870011,2208,1779171513,9773195.0,Shinigami Gaming,9593609.0,Nethercore,18867,Ultras Dota Pro League  2025-26,1099305.0,1.0,16,41,False,22.0
8816843310,1826,1779168797,9767998.0,Nova Pulse,2443375.0,Foxy gaming,18959,Destiny League,1099290.0,1.0,42,17,True,22.0
8816843253,1953,1779168793,10145429.0,The Last Titan,8629315.0,Wiser Warriors,18959,Destiny League,1099302.0,1.0,46,24,True,22.0
8816838973,1675,1779168376,9724428.0,Shinigami Gaming,9743822.0,Teiko,18867,Ultras Dota Pro League  2025-26,1099281.0,1.0,7,22,False,22.0
8816818774,1550,1779166263,2443375.0,Foxy gaming,9767998.0,Nova Pulse,18959,Destiny League,1099290.0,1.0,33,18,True,22.0
8816818188,1594,1779166214,9768243.0,Night Force,9426115.0,Dark Rebellion,18959,Destiny League,1099289.0,1.0,33,17,True,22.0
8816809923,1916,1779165319,9743822.0,Teiko,9724428.0,Shinigami Gaming,18867,Ultras Dota Pro League  2025-26,1099281.0,1.0,45,17,True,22.0
8816793307,1702,1779163679,9767998.0,Nova Pulse,2443375.0,Foxy gaming,18959,Destiny League,1099290.0,1.0,28,21,True,22.0
8816793164,1906,1779163640,9426115.0,Dark Rebellion,9768243.0,Night Force,18959,Destiny League,1099289.0,1.0,27,33,False,22.0
8816764585,3073,1779160524,9724428.0,Shinigami Gaming,9743822.0,Teiko,18867,Ultras Dota Pro League  2025-26,1099281.0,1.0,56,42,True,22.0
8816743111,1986,1779158149,8957156.0,Silent killer,9048057.0,Vitality Warriors,19201,Dota 2 Space League,1099257.0,1.0,19,37,False,22.0
8816721904,1740,1779155816,9048057.0,Vitality Warriors,8957156.0,Silent killer,19201,Dota 2 Space League,1099257.0,1.0,23,42,False,22.0
8816700350,1849,1779153390,8957156.0,Silent killer,9048057.0,Vitality Warriors,19201,Dota 2 Space League,1099257.0,1.0,26,33,False,22.0
8816681557,1800,1779150947,9005364.0,Night Vision,8850015.0,DARKNESS GAMING,19201,Dota 2 Space League,1099234.0,1.0,20,41,False,22.0
8816663384,1813,1779148667,8850015.0,DARKNESS GAMING,9005364.0,Night Vision,19201,Dota 2 Space League,1099234.0,1.0,23,30,False,22.0
8816646328,2796,1779146325,,,,,19752,Immigrant Night Club #1,0.0,0.0,39,30,True,22.0
8816644945,1681,1779146186,9005364.0,Night Vision,8850015.0,DARKNESS GAMING,19201,Dota 2 Space League,1099234.0,1.0,17,30,False,22.0
8816620599,1943,1779143519,8850016.0,FLYING FORTUNE,8849837.0,FALL VICTIMS,19201,Dota 2 Space League,1099223.0,1.0,36,21,True,22.0
8816617522,2646,1779143266,9705439.0,Team Miposhka,9731156.0,Team TpaBoMaH,19742,BetBoom Streamers Battle 13,1099211.0,1.0,55,22,True,22.0
8816600839,1560,1779141501,8849837.0,FALL VICTIMS,8850016.0,FLYING FORTUNE,19201,Dota 2 Space League,1099223.0,1.0,16,34,False,22.0
8816576159,1790,1779138923,9025669.0,CrimsonSky,8849850.0,HELLBEAR HEROES,19201,Dota 2 Space League,1099199.0,1.0,34,28,True,22.0
8816555923,3448,1779137317,9731156.0,Team TpaBoMaH,9705439.0,Team Miposhka,19742,BetBoom Streamers Battle 13,1099211.0,1.0,31,54,False,22.0
8816547371,1516,1779136781,8849850.0,HELLBEAR HEROES,9025669.0,CrimsonSky,19201,Dota 2 Space League,1099199.0,1.0,14,30,False,22.0
8816511894,1785,1779134466,9025669.0,CrimsonSky,8849850.0,HELLBEAR HEROES,19201,Dota 2 Space League,1099199.0,1.0,25,36,False,22.0
8816481334,1508,1779132576,9705469.0,Team By_Owl,9731156.0,Team TpaBoMaH,19742,BetBoom Streamers Battle 13,1099169.0,1.0,32,11,True,22.0
8816424161,2338,1779129464,10122651.0,Dominion,9995737.0,Eye Gaming,18867,Ultras Dota Pro League  2025-26,1099159.0,1.0,40,25,True,22.0
8816392814,2990,1779127841,9731156.0,Team TpaBoMaH,9705469.0,Team By_Owl,19742,BetBoom Streamers Battle 13,1099169.0,1.0,25,52,False,22.0
8816367949,1705,1779126647,9995737.0,Eye Gaming,10122651.0,Dominion,18867,Ultras Dota Pro League  2025-26,1099159.0,1.0,8,36,False,22.0
8816299920,1747,1779123125,9731167.0,Team Stray,9705442.0,Team NS,19742,BetBoom Streamers Battle 13,1099104.0,1.0,41,11,True,22.0
8816296835,2057,1779123019,8957652.0,Kiba Arms,9530716.0,Air Defence,18867,Ultras Dota Pro League  2025-26,1099110.0,1.0,45,60,False,22.0
8816277368,2292,1779122043,9767998.0,Nova Pulse,8629315.0,Wiser Warriors,18959,Destiny League,1099115.0,1.0,57,40,True,22.0
8816236550,1450,1779120075,8629315.0,Wiser Warriors,9767998.0,Nova Pulse,18959,Destiny League,1099115.0,1.0,19,39,False,22.0
8816231152,2168,1779119810,9530716.0,Air Defence,8957652.0,Kiba Arms,18867,Ultras Dota Pro League  2025-26,1099110.0,1.0,54,38,True,22.0
8816212898,2423,1779118953,9705442.0,Team NS,9731167.0,Team Stray,19742,BetBoom Streamers Battle 13,1099104.0,1.0,32,25,True,22.0
8816180812,1876,1779117537,9767998.0,Nova Pulse,8629315.0,Wiser Warriors,18959,Destiny League,1099115.0,1.0,38,39,False,22.0
8816168474,1829,1779117069,8957652.0,Kiba Arms,9530716.0,Air Defence,18867,Ultras Dota Pro League  2025-26,1099110.0,1.0,66,24,True,22.0
8816146464,2532,1779116034,10144936.0,软柿子人身意外饱险,10144963.0,我很强,19682,刀塔扭蛋杯,1099107.0,0.0,47,16,True,22.0
8816120605,1752,1779114947,9426115.0,Dark Rebellion,9768002.0,Lunar Vibes,18959,Destiny League,1099068.0,1.0,29,42,False,22.0
8816116165,2546,1779114724,9731167.0,Team Stray,9705442.0,Team NS,19742,BetBoom Streamers Battle 13,1099104.0,1.0,41,28,True,22.0
8816065089,3169,1779112650,8957652.0,Kiba Arms,8831040.0,Ghost Sheep,18867,Ultras Dota Pro League  2025-26,1099092.0,1.0,52,68,False,22.0
8816064499,1542,1779112811,9768002.0,Lunar Vibes,9426115.0,Dark Rebellion,18959,Destiny League,1099068.0,1.0,9,24,False,22.0
8816054134,2372,1779112260,10144963.0,我很强,9580444.0,PSG.LGD,19682,刀塔扭蛋杯,1099090.0,0.0,41,24,True,22.0
8816010242,1807,1779110442,9426115.0,Dark Rebellion,9768002.0,Lunar Vibes,18959,Destiny League,1099068.0,1.0,25,35,False,22.0
8815995789,1722,1779109816,8831040.0,Ghost Sheep,10122761.0,Kiba Arms,18867,Ultras Dota Pro League  2025-26,1099060.0,1.0,39,23,True,22.0
8815988116,2435,1779109346,10144933.0,12.6个悠远火星小傻蛋,10144938.0,蛋仔派对,19682,刀塔扭蛋杯,1099055.0,3.0,50,25,True,22.0
8815972210,2428,1779108618,9580444.0,PSG.LGD,10144963.0,我很强,19682,刀塔扭蛋杯,1099053.0,0.0,21,39,False,22.0
8815962961,1562,1779108211,9425656.0,LSG,2443375.0,Foxy gaming,18959,Destiny League,1099021.0,1.0,29,28,True,22.0
8815952155,2275,1779107594,10150644.0,汤臣一品,10144936.0,软柿子人身意外饱险,19682,刀塔扭蛋杯,1099043.0,0.0,26,52,False,22.0
8815923637,2049,1779106171,10144938.0,蛋仔派对,10144933.0,12.6个悠远火星小傻蛋,19682,刀塔扭蛋杯,1099027.0,3.0,18,26,False,22.0
8815915385,1782,1779105897,2443375.0,Foxy gaming,9425656.0,LSG,18959,Destiny League,1099021.0,1.0,36,41,False,22.0
8815912139,3816,1779105538,8291895.0,Tundra Esports,8261500.0,Xtreme Gaming,19696,DreamLeague Season 29,1099020.0,0.0,33,31,True,22.0
8815897109,2148,1779104683,9729268.0,Teiko,9593609.0,Nethercore,18867,Ultras Dota Pro League  2025-26,1099012.0,1.0,32,36,False,22.0
8815854223,1644,1779102057,10020555.0,PlayTime,8291895.0,Tundra Esports,19696,DreamLeague Season 29,1099014.0,0.0,12,22,False,22.0
8815845053,1351,1779102303,9593609.0,Nethercore,9729268.0,Teiko,18867,Ultras Dota Pro League  2025-26,1099012.0,1.0,41,4,True,22.0
8815832223,1748,1779100553,10145429.0,The Last Titan,9878494.0,LV United,18959,Destiny League,1099008.0,1.0,42,25,True,22.0
8815807339,1704,1779098610,9906210.0,Teiko,8831040.0,Ghost Sheep,18867,Ultras Dota Pro League  2025-26,1099006.0,1.0,12,43,False,22.0
8815801127,2267,1779098103,10020555.0,PlayTime,8261500.0,Xtreme Gaming,19696,DreamLeague Season 29,1099010.0,0.0,29,11,True,22.0
8815795652,2181,1779097725,9878494.0,LV United,10145429.0,The Last Titan,18959,Destiny League,1099008.0,1.0,23,42,False,22.0
8815774442,1571,1779095944,8831040.0,Ghost Sheep,9906210.0,Teiko,18867,Ultras Dota Pro League  2025-26,1099006.0,1.0,32,9,True,22.0
8815762861,1872,1779094972,9814269.0,Riftwalkers,9768002.0,Lunar Vibes,18959,Destiny League,1099003.0,1.0,40,26,True,22.0
8815731362,2043,1779092317,9677506.0,Shinigami Gaming,10047415.0,Elite Eclipse,18867,Ultras Dota Pro League  2025-26,1098995.0,1.0,27,38,False,22.0
8815728391,2183,1779092100,9768002.0,Lunar Vibes,9814269.0,Riftwalkers,18959,Destiny League,1099003.0,1.0,41,48,False,22.0
8815701397,1714,1779089485,9425656.0,LSG,9767998.0,Nova Pulse,18959,Destiny League,1098996.0,1.0,30,14,True,22.0
8815688476,2901,1779088252,9677506.0,Shinigami Gaming,10047415.0,Elite Eclipse,18867,Ultras Dota Pro League  2025-26,1098995.0,1.0,36,60,False,22.0
8815688149,1394,1779088463,10143743.0,Shark Squad,9885310.0,Roar,19545,Lunar Trophy ,1098997.0,1.0,8,35,False,22.0
8815687744,1872,1779088275,10145429.0,The Last Titan,9768243.0,Night Force,18959,Destiny League,1098990.0,1.0,26,39,False,22.0
8815673726,1959,1779086848,9767998.0,Nova Pulse,9425656.0,LSG,18959,Destiny League,1098996.0,1.0,26,25,False,22.0
8815660690,1871,1779085493,9768243.0,Night Force,10145429.0,The Last Titan,18959,Destiny League,1098990.0,1.0,42,28,True,22.0
8815659079,1862,1779085285,10047415.0,Elite Eclipse,9677506.0,Shinigami Gaming,18867,Ultras Dota Pro League  2025-26,1098995.0,1.0,28,58,False,22.0
8815646190,1976,1779083936,2443375.0,Foxy gaming,8629315.0,Wiser Warriors,18959,Destiny League,1098976.0,1.0,19,39,False,22.0
8815633689,1970,1779082586,10145429.0,The Last Titan,9768243.0,Night Force,18959,Destiny League,1098990.0,1.0,42,21,True,22.0
8815622329,1785,1779081303,8629315.0,Wiser Warriors,2443375.0,Foxy gaming,18959,Destiny League,1098976.0,1.0,39,19,True,22.0
8815609687,2007,1779079965,9895818.0,Eye Gaming,9813102.0,Nethercore,18867,Ultras Dota Pro League  2025-26,1098984.0,1.0,47,49,False,22.0
8815609351,1802,1779079916,9426115.0,Dark Rebellion,9878494.0,LV United,18959,Destiny League,1098977.0,1.0,21,39,False,22.0
8815587569,1714,1779077492,9878494.0,LV United,9426115.0,Dark Rebellion,18959,Destiny League,1098977.0,1.0,34,20,True,22.0
8815584319,3404,1779077144,2443375.0,Foxy gaming,8629315.0,Wiser Warriors,18959,Destiny League,1098976.0,1.0,51,53,True,22.0
8815581641,2093,1779076804,9895818.0,Eye Gaming,9593609.0,Nethercore,18867,Ultras Dota Pro League  2025-26,1098967.0,1.0,48,29,True,22.0
8815560032,1338,1779074404,9593609.0,Nethercore,9895818.0,Eye Gaming,18867,Ultras Dota Pro League  2025-26,1098967.0,1.0,40,10,True,22.0
8815527842,1681,1779070921,8849850.0,HELLBEAR HEROES,8850016.0,FLYING FORTUNE,19201,Dota 2 Space League,1098920.0,1.0,48,26,True,22.0
8815504740,2117,1779068231,8850016.0,FLYING FORTUNE,8849850.0,HELLBEAR HEROES,19201,Dota 2 Space League,1098920.0,1.0,46,38,True,22.0
8815485518,1746,1779065997,8849850.0,HELLBEAR HEROES,8850016.0,FLYING FORTUNE,19201,Dota 2 Space League,1098920.0,1.0,39,28,True,22.0
8815465387,1868,1779063521,8849837.0,FALL VICTIMS,8957156.0,Silent killer,19201,Dota 2 Space League,1098900.0,1.0,20,38,False,22.0
8815447220,1609,1779061336,8957156.0,Silent killer,8849837.0,FALL VICTIMS,19201,Dota 2 Space League,1098900.0,1.0,36,20,True,22.0
8815430269,1033,1779059382,9820028.0,Los Jinetes,9988580.0,OwNing ProS DaiLy,19467,Liga OverPower Season 2,1098876.0,3.0,9,27,False,22.0
8815393890,1316,1779055670,9820028.0,Los Jinetes,9988580.0,OwNing ProS DaiLy,19467,Liga OverPower Season 2,1098876.0,0.0,14,58,False,22.0
8815390513,1931,1779055438,9048057.0,Vitality Warriors,9005364.0,Night Vision,19201,Dota 2 Space League,1098873.0,1.0,28,41,False,22.0
8815362775,1151,1779053080,581153.0,Y2K ,2885851.0,GIOR DOTA,19467,Liga OverPower Season 2,1098850.0,3.0,7,58,False,22.0
8815356588,1903,1779052651,8850015.0,DARKNESS GAMING,9025669.0,CrimsonSky,19201,Dota 2 Space League,1098843.0,1.0,36,32,False,22.0
8815323312,1734,1779050320,9025669.0,CrimsonSky,8850015.0,DARKNESS GAMING,19201,Dota 2 Space League,1098843.0,1.0,26,34,False,22.0
8815311343,1532,1779049756,581153.0,Y2K ,2885851.0,GIOR DOTA,19467,Liga OverPower Season 2,1098850.0,3.0,16,46,False,22.0
8815290634,1599,1779048225,8850015.0,DARKNESS GAMING,9025669.0,CrimsonSky,19201,Dota 2 Space League,1098843.0,1.0,23,30,False,22.0
8815197228,2381,1779043245,9878408.0,Elite Eclipse,9724428.0,Shinigami Gaming,18867,Ultras Dota Pro League  2025-26,1098795.0,1.0,37,48,False,22.0
8815128562,2190,1779039932,9724428.0,Shinigami Gaming,9878408.0,Elite Eclipse,18867,Ultras Dota Pro League  2025-26,1098795.0,1.0,56,39,True,22.0
8815125031,2716,1779039726,9409580.0,james&jeremy,2232219.0,RememberFooori,19176,SIVVIT League,1098794.0,0.0,45,52,False,22.0
8815050475,2039,1779036274,9724428.0,Shinigami Gaming,9718665.0,Eye Gaming,18867,Ultras Dota Pro League  2025-26,1088171.0,1.0,35,33,False,22.0
8815026096,2327,1779035162,10020555.0,PlayTime,8291895.0,Tundra Esports,19696,DreamLeague Season 29,1098659.0,1.0,17,39,False,22.0
8815023024,1789,1779035026,9554331.0,Jetpack Team,2232219.0,RememberFooori,19176,SIVVIT League,1098744.0,0.0,18,59,False,22.0
8815017189,1990,1779034770,,,6213952.0,ALYCHA,19176,SIVVIT League,0.0,0.0,41,8,True,22.0
8814994202,2618,1779033781,9828897.0,REKONIX,9572001.0,TEAM VISION,19696,DreamLeague Season 29,1098646.0,1.0,23,50,False,22.0
8814990438,1445,1779033625,9724428.0,Shinigami Gaming,9718665.0,Eye Gaming,18867,Ultras Dota Pro League  2025-26,1088171.0,1.0,46,24,True,22.0
8814984176,3266,1779033353,9556121.0,Team Cat,,,19066,肛宝联赛-老婆杯,0.0,0.0,35,39,False,22.0
8814944245,1974,1779031680,10136357.0,Nigma Galaxy ,8255888.0,BoomBoys,19696,DreamLeague Season 29,1098656.0,1.0,15,31,False,22.0
8814932055,1535,1779031200,8261500.0,Xtreme Gaming,36.0,Natus Vincere,19696,DreamLeague Season 29,1098673.0,1.0,12,23,False,22.0
8814914874,1835,1779030538,9554331.0,Jetpack Team,10143574.0,peRsona team,19176,SIVVIT League,1098709.0,0.0,46,7,True,22.0
8814910941,2170,1779030385,10116410.0,Prodigy,9929984.0,Komariki prime,19176,SIVVIT League,1098708.0,0.0,42,17,True,22.0
8814910537,1051,1779030370,,,,,19176,SIVVIT League,0.0,0.0,16,8,True,22.0
8814906283,2255,1779030244,9718665.0,Eye Gaming,9886115.0,Shinigami Gaming,18867,Ultras Dota Pro League  2025-26,1098705.0,1.0,41,24,True,22.0
8814900793,2087,1779029997,,,,,19066,肛宝联赛-老婆杯,0.0,0.0,16,46,False,22.0
8814885502,3928,1779029400,8291895.0,Tundra Esports,10020555.0,PlayTime,19696,DreamLeague Season 29,1098659.0,1.0,46,37,True,22.0
8814866670,1955,1779028685,10150388.0,九州忠诚,10144936.0,软柿子人身意外饱险,19682,刀塔扭蛋杯,1098692.0,0.0,15,41,False,22.0
8814858474,3433,1779028382,9828897.0,REKONIX,9572001.0,TEAM VISION,19696,DreamLeague Season 29,1098646.0,1.0,39,37,True,22.0
8814829307,2814,1779027281,,,,,19682,刀塔扭蛋杯,0.0,0.0,30,37,False,22.0
8814807246,2024,1779026453,10143574.0,peRsona team,9989379.0,kal team,19176,SIVVIT League,1098676.0,0.0,34,11,True,22.0
8814804372,1989,1779026349,9828921.0,Air Defence,8957652.0,Kiba Arms,18867,Ultras Dota Pro League  2025-26,1098637.0,1.0,26,44,False,22.0
8814801309,1289,1779026239,,,10123308.0,Anteiku,19176,SIVVIT League,0.0,0.0,61,13,True,22.0
8814800807,3061,1779026220,8261500.0,Xtreme Gaming,36.0,Natus Vincere,19696,DreamLeague Season 29,1098673.0,1.0,20,28,False,22.0
8814794452,2001,1779025986,10108233.0,ShIShUlI,2232219.0,RememberFooori,19176,SIVVIT League,1098670.0,0.0,32,39,False,22.0
8814794004,2531,1779025971,9554331.0,Jetpack Team,10047486.0, Team Messi,19176,SIVVIT League,1098669.0,0.0,45,31,True,22.0
8814792194,1941,1779025908,9929984.0,Komariki prime,,,19176,SIVVIT League,0.0,0.0,36,9,True,22.0
8814790205,1624,1779025835,9729113.0,Team A,10008546.0,Team SuperNova,19176,SIVVIT League,1098667.0,0.0,35,5,True,22.0
8814788877,3120,1779025787,10143601.0,,,,19176,SIVVIT League,0.0,0.0,51,56,True,22.0
8814786838,502,1779025715,9409580.0,james&jeremy,10122742.0,BLACK_TERIC,19176,SIVVIT League,1098664.0,0.0,20,4,True,22.0
8814786731,2998,1779025711,,,,,19176,SIVVIT League,0.0,0.0,47,40,False,22.0
8814775838,2337,1779025321,10020555.0,PlayTime,8291895.0,Tundra Esports,19696,DreamLeague Season 29,1098659.0,1.0,43,12,True,22.0
8814771003,4632,1779025144,10136357.0,Nigma Galaxy ,8255888.0,BoomBoys,19696,DreamLeague Season 29,1098656.0,1.0,34,63,False,22.0
8814754769,2540,1779024589,9556121.0,Team Cat,2393994.0,Bigbia,19066,肛宝联赛-老婆杯,1098651.0,0.0,30,48,False,22.0
8814748706,2168,1779024300,9572001.0,TEAM VISION,9828897.0,REKONIX,19696,DreamLeague Season 29,1098646.0,1.0,33,22,True,22.0
8814739693,2433,1779023984,10144963.0,我很强,9957487.0,一觉醒来全世界DOTA水平下降1000倍,19682,刀塔扭蛋杯,1098643.0,0.0,29,45,False,22.0
8814738971,2071,1779023926,,,,,19682,刀塔扭蛋杯,0.0,0.0,34,23,True,22.0
8814731951,1426,1779023898,8957652.0,Kiba Arms,9828921.0,Air Defence,18867,Ultras Dota Pro League  2025-26,1098637.0,1.0,29,23,True,22.0
8814725713,2747,1779023414,9861266.0,软柿子,9980793.0,莲陈诀,19682,刀塔扭蛋杯,1098634.0,0.0,34,20,True,
8814673909,2315,1779021300,9247354.0,Team Falcons,9964962.0,GamerLegion,19696,DreamLeague Season 29,1098542.0,1.0,31,10,True,22.0
8814656987,2518,1779020590,9896031.0,Team Lotus,9627650.0,5vpotoke,16251,Party To Play league,1098615.0,0.0,58,34,True,22.0
8814653545,1430,1779020502,9729342.0,Elite Eclipse,10060977.0,Cinqueblinks,18867,Ultras Dota Pro League  2025-26,1098578.0,1.0,39,13,True,22.0
8814652648,1763,1779020409,10143574.0,peRsona team,,,19176,SIVVIT League,0.0,0.0,36,5,True,22.0
8814645818,2696,1779020141,9957487.0,一觉醒来全世界DOTA水平下降1000倍,10144963.0,我很强,19682,刀塔扭蛋杯,1098607.0,0.0,37,53,False,22.0
8814645393,2388,1779020103,9895392.0,Virtus.pro,9467224.0,Aurora Gaming,19696,DreamLeague Season 29,1098539.0,1.0,18,39,False,22.0
8814645150,1461,1779020092,8405857.0,4ybriki,9938134.0,Mellstroy Team,19176,SIVVIT League,1098605.0,0.0,37,12,True,22.0
8814643256,1406,1779020011,10047486.0, Team Messi,,,19176,SIVVIT League,0.0,0.0,16,3,True,22.0
8814642533,2196,1779019981,726228.0,Vici Gaming,2163.0,Team Liquid,19696,DreamLeague Season 29,1098540.0,1.0,15,41,False,22.0
8814641597,1292,1779019942,9554331.0,Jetpack Team,,,19176,SIVVIT League,0.0,0.0,42,7,True,22.0
8814640258,1903,1779019884,,,,,19176,SIVVIT League,0.0,0.0,13,21,False,22.0
8814639182,2449,1779019836,,,10008546.0,Team SuperNova,19176,SIVVIT League,0.0,0.0,20,48,False,22.0
8814637624,1262,1779019769,10116410.0,Prodigy,9906039.0,,19176,SIVVIT League,1098598.0,0.0,35,0,True,22.0
8814637434,2205,1779019760,,,,,19176,SIVVIT League,0.0,0.0,27,63,False,22.0
8814636392,1627,1779019716,9989379.0,kal team,,,19176,SIVVIT League,0.0,0.0,51,14,True,22.0
8814634669,2210,1779019639,,,,,19176,SIVVIT League,0.0,0.0,12,30,False,22.0
8814634137,3754,1779019616,10137314.0,Superiority class,10122742.0,BLACK_TERIC,19176,SIVVIT League,1098594.0,0.0,45,57,False,22.0
8814632622,1393,1779019547,10108233.0,ShIShUlI,,,19176,SIVVIT League,0.0,0.0,39,10,True,22.0
8814631899,2311,1779019681,9980793.0,莲陈诀,9861266.0,软柿子,19682,刀塔扭蛋杯,1098592.0,0.0,28,28,True,
8814631656,1798,1779019504,,,,,19176,SIVVIT League,0.0,0.0,43,16,True,22.0
8814631217,539,1779019485,10137577.0,Bibinto Squad,2232219.0,RememberFooori,19176,SIVVIT League,1098591.0,0.0,4,14,False,22.0
8814630796,1415,1779019465,9409580.0,james&jeremy,6410706.0,STARIY TINKER X2,19176,SIVVIT League,1098589.0,0.0,36,8,True,22.0
8814580424,1967,1779017120,10060977.0,Cinqueblinks,9729342.0,Elite Eclipse,18867,Ultras Dota Pro League  2025-26,1098578.0,1.0,26,42,False,22.0
8814575424,3173,1779016880,10129693.0,D Family,10102110.0,Satan666,19545,Lunar Trophy ,1098576.0,1.0,38,33,True,22.0
8814562079,2802,1779016314,10033493.0,The kitten club,9530890.0,Сосу члены,16251,Party To Play league,1098570.0,0.0,51,43,True,22.0
8814561483,3086,1779016200,9247354.0,Team Falcons,9964962.0,GamerLegion,19696,DreamLeague Season 29,1098542.0,1.0,32,29,True,22.0
8814558995,2173,1779016082,9467224.0,Aurora Gaming,9895392.0,Virtus.pro,19696,DreamLeague Season 29,1098539.0,1.0,14,24,False,22.0
8814554021,2216,1779015840,726228.0,Vici Gaming,2163.0,Team Liquid,19696,DreamLeague Season 29,1098540.0,1.0,19,29,False,22.0
8814549253,2018,1779015601,10144195.0,ex-HEROIC,7119388.0,Team Spirit,19696,DreamLeague Season 29,1098541.0,1.0,17,40,False,22.0
8814515405,2886,1779013918,9965520.0,小朋友,9367049.0,哪都通,19682,刀塔扭蛋杯,1098555.0,1.0,41,54,False,22.0
8814490088,2554,1779012735,10129693.0,D Family,10102111.0,Satan666,19545,Lunar Trophy ,1098549.0,1.0,46,20,True,22.0
8814478173,3310,1779012256,9563873.0,Elite Eclipse,10060977.0,Cinqueblinks,18867,Ultras Dota Pro League  2025-26,1098544.0,1.0,26,51,False,22.0
8814475396,2470,1779011798,9964962.0,GamerLegion,9247354.0,Team Falcons,19696,DreamLeague Season 29,1098542.0,1.0,36,13,True,22.0
8814473986,1969,1779011723,7119388.0,Team Spirit,10144195.0,ex-HEROIC,19696,DreamLeague Season 29,1098541.0,1.0,41,14,True,22.0
8814473655,2147,1779011705,726228.0,Vici Gaming,2163.0,Team Liquid,19696,DreamLeague Season 29,1098540.0,1.0,34,11,True,22.0
8814473618,2434,1779011702,9895392.0,Virtus.pro,9467224.0,Aurora Gaming,19696,DreamLeague Season 29,1098539.0,1.0,32,31,False,22.0
8814472395,1550,1779011658,8629315.0,Wiser Warriors,9768002.0,Lunar Vibes,18959,Destiny League,1098524.0,1.0,29,19,True,22.0
8814446737,2029,1779010275,,,,,19682,刀塔扭蛋杯,0.0,0.0,52,20,True,22.0
8814422962,2101,1779009083,9768002.0,Lunar Vibes,8629315.0,Wiser Warriors,18959,Destiny League,1098524.0,1.0,33,36,False,22.0
8814382404,1883,1779006872,10060977.0,Cinqueblinks,9828921.0,Air Defence,18867,Ultras Dota Pro League  2025-26,1098492.0,1.0,21,40,False,22.0
8814380145,1500,1779006801,9814269.0,Riftwalkers,9768243.0,Night Force,18959,Destiny League,1098496.0,1.0,35,25,True,22.0
8814328449,2024,1779004014,9768243.0,Night Force,9814269.0,Riftwalkers,18959,Destiny League,1098496.0,1.0,33,30,False,22.0
8814315271,2162,1779003788,9828921.0,Air Defence,10060977.0,Cinqueblinks,18867,Ultras Dota Pro League  2025-26,1098492.0,1.0,39,29,True,22.0
8814282375,2051,1779001248,9425656.0,LSG,2443375.0,Foxy gaming,18959,Destiny League,1098476.0,1.0,37,21,True,22.0
8814240641,1991,1778998589,2443375.0,Foxy gaming,9425656.0,LSG,18959,Destiny League,1098476.0,1.0,26,34,False,22.0
8814237447,2242,1778998286,9730490.0,Dominion,9878408.0,Elite Eclipse,18867,Ultras Dota Pro League  2025-26,1031156.0,1.0,27,22,False,22.0
8814227357,1901,1778997665,9426115.0,Dark Rebellion,10145429.0,The Last Titan,18959,Destiny League,1098461.0,1.0,28,42,False,22.0
8814215998,1451,1778996791,9885310.0,Roar,10144667.0,Velocity Viking,19545,Lunar Trophy ,1098459.0,1.0,11,32,False,22.0
8814207475,1593,1778996227,9878494.0,LV United,9767998.0,Nova Pulse,18959,Destiny League,1098456.0,1.0,38,20,True,22.0
8814197124,1604,1778995501,10145429.0,The Last Titan,9426115.0,Dark Rebellion,18959,Destiny League,1098461.0,1.0,32,22,True,22.0
8814193460,2082,1778995216,10047415.0,Elite Eclipse,9730490.0,Dominion,18867,Ultras Dota Pro League  2025-26,1098470.0,1.0,46,27,True,22.0
8814168872,2234,1778993335,9767998.0,Nova Pulse,9878494.0,LV United,18959,Destiny League,1098456.0,1.0,36,29,True,22.0
8814167385,1600,1778993247,9426115.0,Dark Rebellion,10145429.0,The Last Titan,18959,Destiny League,1098461.0,1.0,32,20,True,22.0
8814145225,2468,1778991427,9885310.0,Roar,10144667.0,Velocity Viking,19545,Lunar Trophy ,1098459.0,1.0,23,41,False,22.0
8814143720,2073,1778991246,9717829.0,Dominion,9718665.0,Eye Gaming,18867,Ultras Dota Pro League  2025-26,1098450.0,1.0,31,57,False,22.0
8814138044,1834,1778990820,9878494.0,LV United,9767998.0,Nova Pulse,18959,Destiny League,1098456.0,1.0,40,17,True,22.0
8814133024,1898,1778990404,8629315.0,Wiser Warriors,9814269.0,Riftwalkers,18959,Destiny League,1098444.0,1.0,36,29,True,22.0
8814114941,1254,1778988841,9718665.0,Eye Gaming,9717829.0,Dominion,18867,Ultras Dota Pro League  2025-26,1098450.0,1.0,42,6,True,22.0
8814102594,1970,1778987743,9814269.0,Riftwalkers,8629315.0,Wiser Warriors,18959,Destiny League,1098444.0,1.0,29,33,False,22.0
8814086272,2508,1778986370,2647338.0,MightyGods,10039783.0,Raidd Boss,19467,Liga OverPower Season 2,1098426.0,3.0,23,49,False,22.0
8814052672,1486,1778983315,10039783.0,Raidd Boss,2647338.0,MightyGods,19467,Liga OverPower Season 2,1098426.0,3.0,38,11,True,22.0
8813890480,1947,1778968034,10007804.0,Eye Gaming,10149524.0,Teiko,18867,Ultras Dota Pro League  2025-26,1098344.0,1.0,62,28,True,22.0
8813815433,3449,1778963384,10007804.0,Eye Gaming,10149524.0,Teiko,18867,Ultras Dota Pro League  2025-26,1098344.0,1.0,37,72,False,22.0
8813802531,2431,1778962693,10020555.0,PlayTime,9572001.0,TEAM VISION,19696,DreamLeague Season 29,1098307.0,1.0,33,17,True,22.0
8813775647,2136,1778961301,8261500.0,Xtreme Gaming,8255888.0,BoomBoys,19696,DreamLeague Season 29,1098321.0,1.0,6,38,False,22.0
8813754294,2263,1778960254,10149524.0,Teiko,10007804.0,Eye Gaming,18867,Ultras Dota Pro League  2025-26,1098344.0,1.0,42,40,False,22.0
8813745846,3164,1778959800,8291895.0,Tundra Esports,36.0,Natus Vincere,19696,DreamLeague Season 29,1098277.0,1.0,19,37,False,22.0
8813707883,1773,1778957941,10020555.0,PlayTime,9572001.0,TEAM VISION,19696,DreamLeague Season 29,1098307.0,1.0,14,27,False,22.0
8813672390,2183,1778956255,10122761.0,Kiba Arms,9530716.0,Air Defence,18867,Ultras Dota Pro League  2025-26,1095074.0,1.0,63,33,True,22.0
8813657190,2509,1778955481,10136357.0,Nigma Galaxy ,9828897.0,REKONIX,19696,DreamLeague Season 29,1098281.0,1.0,40,22,True,22.0
8813653439,4214,1778955300,8255888.0,BoomBoys,8261500.0,Xtreme Gaming,19696,DreamLeague Season 29,1098321.0,1.0,30,42,True,22.0
8813650766,2586,1778955180,8291895.0,Tundra Esports,36.0,Natus Vincere,19696,DreamLeague Season 29,1098277.0,1.0,32,13,True,22.0
8813604844,3019,1778953080,9572001.0,TEAM VISION,10020555.0,PlayTime,19696,DreamLeague Season 29,1098307.0,1.0,20,47,False,22.0
8813603808,1891,1778953031,9530716.0,Air Defence,8957652.0,Kiba Arms,18867,Ultras Dota Pro League  2025-26,1098306.0,1.0,31,54,False,22.0
8813556518,2708,1778950860,9828897.0,REKONIX,10136357.0,Nigma Galaxy ,19696,DreamLeague Season 29,1098281.0,1.0,26,29,False,22.0
8813551147,2652,1778950617,36.0,Natus Vincere,8291895.0,Tundra Esports,19696,DreamLeague Season 29,1098277.0,1.0,29,18,True,22.0
8813536582,2716,1778949964,7119388.0,Team Spirit,9247354.0,Team Falcons,19696,DreamLeague Season 29,1098185.0,1.0,18,39,False,22.0
8813515445,2711,1778949307,10122761.0,Kiba Arms,10144754.0,Air Defence,18867,Ultras Dota Pro League  2025-26,1098269.0,1.0,32,56,False,22.0
8813453376,4144,1778946420,726228.0,Vici Gaming,9467224.0,Aurora Gaming,19696,DreamLeague Season 29,1098161.0,1.0,28,48,False,22.0
8813441620,2087,1778945941,9895392.0,Virtus.pro,9964962.0,GamerLegion,19696,DreamLeague Season 29,1098158.0,1.0,8,37,False,22.0
8813430294,3273,1778945480,,,2393994.0,Bigbia,19066,肛宝联赛-老婆杯,0.0,0.0,62,35,True,22.0
8813398413,3893,1778944199,9247354.0,Team Falcons,7119388.0,Team Spirit,19696,DreamLeague Season 29,1098185.0,1.0,45,35,True,22.0
8813395044,2196,1778944119,9861266.0,软柿子,9957487.0,一觉醒来全世界DOTA水平下降1000倍,19682,刀塔扭蛋杯,1098226.0,0.0,45,27,True,
8813380084,2803,1778943992,9530716.0,Air Defence,10060977.0,Cinqueblinks,18867,Ultras Dota Pro League  2025-26,1098220.0,1.0,39,65,False,22.0
8813355676,1944,1778942517,726228.0,Vici Gaming,9467224.0,Aurora Gaming,19696,DreamLeague Season 29,1098161.0,1.0,28,13,True,22.0
8813352696,1690,1778942401,9895392.0,Virtus.pro,9964962.0,GamerLegion,19696,DreamLeague Season 29,1098158.0,1.0,6,34,False,22.0
8813352678,1431,1778942400,2163.0,Team Liquid,10144195.0,ex-HEROIC,19696,DreamLeague Season 29,1098159.0,1.0,40,11,True,22.0
8813307219,1819,1778940610,,,,,19682,刀塔扭蛋杯,0.0,0.0,40,16,True,22.0
8813288258,2003,1778939852,10060977.0,Cinqueblinks,9530716.0,Air Defence,18867,Ultras Dota Pro League  2025-26,1098142.0,1.0,39,26,True,22.0
8813287573,2556,1778939824,7119388.0,Team Spirit,9247354.0,Team Falcons,19696,DreamLeague Season 29,1098185.0,1.0,36,22,True,22.0
8813286663,2054,1778939789,,,,,19682,刀塔扭蛋杯,0.0,0.0,16,42,False,
8813248112,2016,1778938273,9556121.0,Team Cat,9239282.0,og,19066,肛宝联赛-老婆杯,1098162.0,0.0,51,17,True,22.0
8813240600,2644,1778937961,9467224.0,Aurora Gaming,726228.0,Vici Gaming,19696,DreamLeague Season 29,1098161.0,1.0,35,16,True,22.0
8813239365,2669,1778937909,10144195.0,ex-HEROIC,2163.0,Team Liquid,19696,DreamLeague Season 29,1098159.0,1.0,19,55,False,22.0
8813239180,2469,1778937901,9964962.0,GamerLegion,9895392.0,Virtus.pro,19696,DreamLeague Season 29,1098158.0,1.0,22,35,False,22.0
8813207312,2129,1778936625,9530716.0,Air Defence,10060977.0,Cinqueblinks,18867,Ultras Dota Pro League  2025-26,1098142.0,1.0,39,36,True,22.0
8813184322,3395,1778935570,9965520.0,小朋友,64739.0,See you tomorrow,19682,刀塔扭蛋杯,1098130.0,1.0,51,34,True,22.0
8813179595,2811,1778935359,9861266.0,软柿子,10144963.0,我很强,19682,刀塔扭蛋杯,1098128.0,0.0,41,44,False,
8813156153,2963,1778934297,8291895.0,Tundra Esports,8255888.0,BoomBoys,19696,DreamLeague Season 29,1098055.0,1.0,39,24,True,22.0
8813120945,1747,1778932651,9886115.0,Shinigami Gaming,9878408.0,Elite Eclipse,18867,Ultras Dota Pro League  2025-26,1098064.0,1.0,78,13,True,22.0
8813103589,2780,1778931817,64739.0,See you tomorrow,9957487.0,一觉醒来全世界DOTA水平下降1000倍,19682,刀塔扭蛋杯,1098092.0,1.0,34,41,False,22.0
8813075895,1239,1778930285,9886115.0,Shinigami Gaming,9878408.0,Elite Eclipse,18867,Ultras Dota Pro League  2025-26,1098064.0,1.0,33,9,True,22.0
8813075789,2196,1778930279,8255888.0,BoomBoys,8291895.0,Tundra Esports,19696,DreamLeague Season 29,1098055.0,1.0,38,24,True,22.0
8813059358,1982,1778929380,9828897.0,REKONIX,8261500.0,Xtreme Gaming,19696,DreamLeague Season 29,1098053.0,1.0,15,33,False,22.0
8813055101,2120,1778929140,9572001.0,TEAM VISION,10136357.0,Nigma Galaxy ,19696,DreamLeague Season 29,1098052.0,1.0,59,14,True,22.0
8813051930,2554,1778928960,10020555.0,PlayTime,36.0,Natus Vincere,19696,DreamLeague Season 29,1098054.0,1.0,15,31,False,22.0
8813020642,1870,1778927169,9878408.0,Elite Eclipse,9886115.0,Shinigami Gaming,18867,Ultras Dota Pro League  2025-26,1098064.0,1.0,38,18,True,22.0
8812990272,2156,1778925372,8261500.0,Xtreme Gaming,9828897.0,REKONIX,19696,DreamLeague Season 29,1098053.0,1.0,25,12,True,22.0
8812989544,3063,1778925330,8291895.0,Tundra Esports,8255888.0,BoomBoys,19696,DreamLeague Season 29,1098055.0,1.0,29,25,True,22.0
8812989097,1868,1778925305,36.0,Natus Vincere,10020555.0,PlayTime,19696,DreamLeague Season 29,1098054.0,1.0,31,8,True,22.0
8812989027,1879,1778925300,10136357.0,Nigma Galaxy ,9572001.0,TEAM VISION,19696,DreamLeague Season 29,1098052.0,1.0,7,44,False,22.0
8812970547,2059,1778924193,9885310.0,Roar,10129133.0,Savage Wolves,19545,Lunar Trophy ,1098029.0,1.0,47,20,True,22.0
8812944712,2115,1778922650,9622426.0,Dominion,9461271.0,Elite Eclipse,18867,Ultras Dota Pro League  2025-26,1098022.0,1.0,57,36,True,22.0
8812928253,1858,1778921773,9768243.0,Night Force,9426115.0,Dark Rebellion,18959,Destiny League,1097756.0,2.0,34,32,False,22.0
8812898199,1265,1778919913,9426115.0,Dark Rebellion,9768243.0,Night Force,18959,Destiny League,1097756.0,2.0,40,14,True,22.0
8812891572,3107,1778919565,10129133.0,Savage Wolves,9885310.0,Roar,19545,Lunar Trophy ,1098029.0,1.0,23,39,False,22.0
8812882658,2734,1778918954,9461271.0,Elite Eclipse,9622426.0,Dominion,18867,Ultras Dota Pro League  2025-26,1098022.0,1.0,40,37,False,22.0
8812842451,2288,1778916784,9768243.0,Night Force,9426115.0,Dark Rebellion,18959,Destiny League,1097756.0,2.0,54,50,False,22.0
8812827804,2018,1778915306,,,,,19682,刀塔扭蛋杯,0.0,0.0,34,24,True,22.0
8812826983,2112,1778915318,9622426.0,Dominion,9724426.0,Shinigami Gaming,18867,Ultras Dota Pro League  2025-26,1097981.0,1.0,39,28,True,22.0
8812813782,1233,1778914452,9768002.0,Lunar Vibes,9768243.0,Night Force,18959,Destiny League,1097990.0,1.0,19,32,False,22.0
8812809453,3261,1778914014,10144667.0,Velocity Viking,10129693.0,D Family,19545,Lunar Trophy ,1097969.0,1.0,45,44,False,22.0
8812781714,2224,1778911973,9724426.0,Shinigami Gaming,9622426.0,Dominion,18867,Ultras Dota Pro League  2025-26,1097981.0,1.0,49,21,True,22.0
8812779832,1679,1778911991,9768243.0,Night Force,9768002.0,Lunar Vibes,18959,Destiny League,1097990.0,1.0,54,24,True,22.0
8812779723,2150,1778911820,,,9965520.0,小朋友,19682,刀塔扭蛋杯,0.0,0.0,20,36,False,22.0
8812755207,2515,1778909921,10129693.0,D Family,10144667.0,Velocity Viking,19545,Lunar Trophy ,1097969.0,1.0,37,50,False,22.0
8812749866,1527,1778909568,9814269.0,Riftwalkers,9426115.0,Dark Rebellion,18959,Destiny League,1097967.0,1.0,14,37,False,22.0
8812734329,2235,1778908740,9622426.0,Dominion,9724426.0,Shinigami Gaming,18867,Ultras Dota Pro League  2025-26,1097981.0,1.0,43,32,True,22.0
8812719056,1304,1778906917,9426115.0,Dark Rebellion,9814269.0,Riftwalkers,18959,Destiny League,1097967.0,1.0,20,41,False,22.0
8812699080,2814,1778905340,10129693.0,D Family,10144667.0,Velocity Viking,19545,Lunar Trophy ,1097969.0,1.0,46,31,True,22.0
8812694053,1464,1778904716,9814269.0,Riftwalkers,9426115.0,Dark Rebellion,18959,Destiny League,1097967.0,1.0,30,39,False,22.0
8812690875,2644,1778904396,9718665.0,Eye Gaming,9724426.0,Shinigami Gaming,18867,Ultras Dota Pro League  2025-26,1097958.0,1.0,27,46,False,22.0
8812661508,1499,1778901732,9724426.0,Shinigami Gaming,9718665.0,Eye Gaming,18867,Ultras Dota Pro League  2025-26,1097958.0,1.0,55,13,True,22.0
8812653779,1263,1778901066,8849837.0,FALL VICTIMS,8849850.0,HELLBEAR HEROES,19201,Dota 2 Space League,1097943.0,1.0,23,10,True,22.0
8812633329,1310,1778899196,8849850.0,HELLBEAR HEROES,8849837.0,FALL VICTIMS,19201,Dota 2 Space League,1097943.0,1.0,27,16,True,22.0
8812607151,1940,1778896678,8849837.0,FALL VICTIMS,8849850.0,HELLBEAR HEROES,19201,Dota 2 Space League,1097943.0,1.0,36,26,True,22.0
8812584295,1729,1778894302,9025669.0,CrimsonSky,9048057.0,Vitality Warriors,19201,Dota 2 Space League,1097920.0,1.0,26,32,False,22.0
8812566053,1657,1778892141,9048057.0,Vitality Warriors,9025669.0,CrimsonSky,19201,Dota 2 Space League,1097920.0,1.0,25,44,False,22.0
8812545535,1798,1778889832,9025669.0,CrimsonSky,9048057.0,Vitality Warriors,19201,Dota 2 Space League,1097920.0,1.0,30,28,False,22.0
8812526002,1448,1778887572,8850016.0,FLYING FORTUNE,8850015.0,DARKNESS GAMING,19201,Dota 2 Space League,1097900.0,1.0,12,22,False,22.0
8812499571,1973,1778884971,8850015.0,DARKNESS GAMING,8850016.0,FLYING FORTUNE,19201,Dota 2 Space League,1097900.0,1.0,28,31,True,22.0
8812472445,1878,1778882547,8850016.0,FLYING FORTUNE,8850015.0,DARKNESS GAMING,19201,Dota 2 Space League,1097900.0,1.0,35,18,True,22.0
8812439955,1554,1778880241,9005364.0,Night Vision,8957156.0,Silent killer,19201,Dota 2 Space League,1097867.0,1.0,23,26,False,22.0
8812402230,1823,1778877800,8957156.0,Silent killer,9005364.0,Night Vision,19201,Dota 2 Space League,1097867.0,1.0,28,22,True,22.0
8812358116,1650,1778875368,9005364.0,Night Vision,8957156.0,Silent killer,19201,Dota 2 Space League,1097867.0,1.0,27,12,True,22.0
8812291921,2146,1778871826,10144754.0,Air Defence,10122761.0,Kiba Arms,18867,Ultras Dota Pro League  2025-26,1097849.0,1.0,51,36,True,22.0
8812274718,1340,1778870942,10144195.0,ex-HEROIC,726228.0,Vici Gaming,19696,DreamLeague Season 29,1097798.0,1.0,4,33,False,22.0
8812263063,1946,1778870344,9467224.0,Aurora Gaming,9964962.0,GamerLegion,19696,DreamLeague Season 29,1097809.0,1.0,34,13,True,22.0
8812258249,1955,1778870097,9247354.0,Team Falcons,2163.0,Team Liquid,19696,DreamLeague Season 29,1097799.0,1.0,29,10,True,22.0
8812233361,2644,1778868660,9895392.0,Virtus.pro,7119388.0,Team Spirit,19696,DreamLeague Season 29,1097797.0,1.0,20,43,False,22.0
8812233171,2303,1778868652,8957652.0,Kiba Arms,10144754.0,Air Defence,18867,Ultras Dota Pro League  2025-26,1097833.0,1.0,45,63,False,22.0
8812155277,3232,1778864881,9467224.0,Aurora Gaming,9964962.0,GamerLegion,19696,DreamLeague Season 29,1097809.0,1.0,26,39,True,22.0
8812148442,1500,1778864614,10144754.0,Air Defence,9729268.0,Teiko,18867,Ultras Dota Pro League  2025-26,1097774.0,1.0,13,48,False,22.0
8812138635,3054,1778864102,9247354.0,Team Falcons,2163.0,Team Liquid,19696,DreamLeague Season 29,1097799.0,1.0,38,25,True,22.0
8812138607,4764,1778864101,726228.0,Vici Gaming,10144195.0,ex-HEROIC,19696,DreamLeague Season 29,1097798.0,1.0,45,22,True,22.0
8812138585,2787,1778864100,7119388.0,Team Spirit,9895392.0,Virtus.pro,19696,DreamLeague Season 29,1097797.0,1.0,43,24,True,22.0
8812089409,1699,1778861887,9814269.0,Riftwalkers,8629005.0,Flawless Goblins,18959,Destiny League,1097780.0,1.0,42,27,True,22.0
8812088123,2015,1778861832,9729268.0,Teiko,10144754.0,Air Defence,18867,Ultras Dota Pro League  2025-26,1097774.0,1.0,61,23,True,22.0
8812041728,2851,1778859841,8255888.0,BoomBoys,10020555.0,PlayTime,19696,DreamLeague Season 29,1097727.0,1.0,23,14,True,22.0
8812031525,1764,1778859452,8629005.0,Flawless Goblins,9814269.0,Riftwalkers,18959,Destiny League,1097780.0,1.0,26,41,False,22.0
8812002614,2266,1778858255,10144754.0,Air Defence,9729268.0,Teiko,18867,Ultras Dota Pro League  2025-26,1097774.0,1.0,45,35,True,22.0
8811974004,1837,1778857052,9828897.0,REKONIX,8291895.0,Tundra Esports,19696,DreamLeague Season 29,1097731.0,1.0,23,6,True,22.0
8811971061,2085,1778856933,,,,,19066,肛宝联赛-老婆杯,0.0,0.0,13,22,False,22.0
8811968420,1776,1778856858,9426115.0,Dark Rebellion,9768243.0,Night Force,18959,Destiny League,1097756.0,1.0,39,25,True,22.0
8811958377,1881,1778856421,10020555.0,PlayTime,8255888.0,BoomBoys,19696,DreamLeague Season 29,1097727.0,1.0,2,31,False,22.0
8811941658,1820,1778855760,9572001.0,TEAM VISION,36.0,Natus Vincere,19696,DreamLeague Season 29,1097729.0,1.0,30,9,True,22.0
8811930872,2737,1778855341,10136357.0,Nigma Galaxy ,8261500.0,Xtreme Gaming,19696,DreamLeague Season 29,1097728.0,1.0,28,13,True,22.0
8811910338,1645,1778854544,9768243.0,Night Force,9426115.0,Dark Rebellion,18959,Destiny League,1097756.0,1.0,14,39,False,22.0
8811904585,1745,1778854270,9729268.0,Teiko,8957652.0,Kiba Arms,18867,Ultras Dota Pro League  2025-26,1097721.0,1.0,45,24,True,22.0
8811852034,1716,1778852140,9878494.0,LV United,8629315.0,Wiser Warriors,18959,Destiny League,1097684.0,1.0,14,41,False,22.0
8811845697,2917,1778851831,8255888.0,BoomBoys,10020555.0,PlayTime,19696,DreamLeague Season 29,1097727.0,1.0,20,34,False,22.0
8811839782,3542,1778851575,8291895.0,Tundra Esports,9828897.0,REKONIX,19696,DreamLeague Season 29,1097731.0,1.0,33,32,False,22.0
8811838048,2382,1778851503,9572001.0,TEAM VISION,36.0,Natus Vincere,19696,DreamLeague Season 29,1097729.0,1.0,39,16,True,22.0
8811838021,1905,1778851501,10136357.0,Nigma Galaxy ,8261500.0,Xtreme Gaming,19696,DreamLeague Season 29,1097728.0,1.0,19,18,True,22.0
8811819513,1715,1778851566,8957652.0,Kiba Arms,9729268.0,Teiko,18867,Ultras Dota Pro League  2025-26,1097721.0,1.0,9,42,False,22.0
8811788141,2056,1778849347,8629315.0,Wiser Warriors,9878494.0,LV United,18959,Destiny League,1097684.0,1.0,32,30,True,22.0
8811751606,3012,1778847459,9593609.0,Nethercore,8831040.0,Ghost Sheep,18867,Ultras Dota Pro League  2025-26,1097659.0,1.0,45,45,True,22.0
8811741998,1728,1778846931,9878494.0,LV United,8629315.0,Wiser Warriors,18959,Destiny League,1097684.0,1.0,30,28,True,22.0
8811706161,2057,1778844875,9964962.0,GamerLegion,7119388.0,Team Spirit,19696,DreamLeague Season 29,1097655.0,1.0,16,34,False,22.0
8811687114,3359,1778843700,9247354.0,Team Falcons,726228.0,Vici Gaming,19696,DreamLeague Season 29,1097656.0,1.0,38,25,True,22.0
8811683275,2935,1778843460,8831040.0,Ghost Sheep,9593609.0,Nethercore,18867,Ultras Dota Pro League  2025-26,1097659.0,1.0,60,47,True,22.0
8811683230,2194,1778843457,9895392.0,Virtus.pro,2163.0,Team Liquid,19696,DreamLeague Season 29,1097653.0,1.0,20,36,False,22.0
8811680490,3229,1778843280,10144195.0,ex-HEROIC,9467224.0,Aurora Gaming,19696,DreamLeague Season 29,1097654.0,1.0,35,36,False,22.0
